idx,input,label,pred,prob_harmful
0,<user> men can not be raped can not be abused that why they call it violence against women and children because men are always the perpetrators women come first even before children,not_harmful,not_harmful,0.390923
1,<user> you are missing an essential premise whether any of those immigrants committed any crimes dumbass,not_harmful,not_harmful,0.382832
2,<user> <user> why are you repeating yourself are you a little retarded,harmful,harmful,0.918477
3,<user> <user> well she ’ muslim so of course she hates the jews jew hatred is one of the defining feature of islam,harmful,harmful,0.917191
4,<user> lol not me i don ’ t deal with bms not outside children ’ ss i leave that ghetto mess for everybody else 😂 😂 😂,harmful,not_harmful,0.411406
5,an these nigger biches look like godzilla nasty,harmful,harmful,0.940640
6,yeah humnh what how do i use this app i ’ m alittle retarded 👹,harmful,not_harmful,0.491473
7,black people are oppressed by their own culture and community blacks need to wake and realize the democrats party is the racist party that uses them for votes the kk democrats have broken up the black family and run the community onto the ghetto plantation to control it youvebeenpunkd,harmful,harmful,0.959777
8,education or marxist indoctrination since it is well established blacks are incapable of learning anything past the age of ten unless they are half white should not blacks go to a trade school upon age <number> say learning how to pick cotton fruits and vegetables,harmful,harmful,0.918477
9,fell outta love and found a boss bitch,not_harmful,not_harmful,0.470188
10,a pussy hoe could never is so ghetto and i hate hearing it,not_harmful,harmful,0.932548
11,i saw this porno once where the black guy had a nicer butt than the white bitch he was beating on not me,not_harmful,harmful,0.822731
12,even if you just have a loose collection of affiliated groups each group is gonna have leaders and inevitably leaders will emerge among the group of leaders who end up coordinating the groups this is just human nature debating human nature is retarded,not_harmful,harmful,0.605008
13,the muzzie loving natsoc get the sword,harmful,harmful,0.542535
14,tbtc take back the country toxic masculinity patriarchy harm men noxious femaleness and public slut posturing empower women neither feminism nor now could have pulled this off this is the doing of taxpayer supported state university system maga,harmful,harmful,0.500000
15,there too many wypipo asking what this is and if they can get in this is a niggers only event,harmful,harmful,0.906220
16,<user> <user> nothing more than serial rapists both of them he raped women and american taxpayers and she raped america and the american taxpayer,not_harmful,harmful,0.633152
17,dont buy a mouse on media markt fucking niggers giving me fake logitech mouse turns off the middle of the ranked,harmful,harmful,0.844021
18,i hope there are not many of my fellow asians in sweden high chance of falling victim to islamic rape gangs in that country,harmful,harmful,0.788056
19,take drugs and rape sluts,harmful,harmful,0.883866
20,<user> <user> treat the immigrants as drug traffickers they will soon have a change of mind 👍,harmful,harmful,0.517049
21,people calling undocumented immigrants labor unskilled are dumb af ya ever built a house shit ain ’ t easy,not_harmful,not_harmful,0.428019
22,<user> you ’ ll be my next homorable mention 🤧,not_harmful,not_harmful,0.415542
23,<user> puppy no i was alone i am not a nazi white supremacist or any other type of person i am <number> southern i support traditional values and all things with southern culture i support anything that saves confederate monuments and history,harmful,not_harmful,0.099740
24,pac said all you mfs fuck you too fuck u die slow mfs my <number> make sure all you all kid do not grow,not_harmful,harmful,0.885606
25,cia nigger apologizes to pol for the poz,harmful,harmful,0.625194
26,space is gay and so are you,harmful,harmful,0.946966
27,the catholic church stopped being a bulwark against western rot when the church became infested with homosexuals it is now just as if not more corrupted than the government bureaucracies of western nations and has sunk so low we are hearing stories of depraved gay orgies on sacred church ground,harmful,harmful,0.954907
28,fun fact did you know kardashian is armenian for nigger lover,harmful,harmful,0.889016
29,it ain t even noon yet and niggas lying,not_harmful,harmful,0.848460
30,dis lil white bitch got da poker 🤦 🏽 ‍ ♂️,not_harmful,harmful,0.863180
31,new rule in all competitive shows baking dancing or other let paki or nigger token win in order to win public support and hide our true racist feeling for coloureds british broadcasting rules and regulations <number>,harmful,harmful,0.869111
32,<user> not low class they enjoy to get fucked by muslims,harmful,harmful,0.922227
33,jew faggot milo is king of the alt right great it not the alt right anymore,harmful,harmful,0.767430
34,i needed you and you were not there that made me hate you,not_harmful,not_harmful,0.182298
35,this is a fucking disgrace shameless cunts,harmful,harmful,0.989041
36,listen i know that john mayer is the biggest white bitch mood but sometimes his music be hitting,not_harmful,not_harmful,0.257803
37,i am so ghetto,not_harmful,not_harmful,0.127057
38,calling me a nigger on gab does not faze me i will be really impressed when someone on here calls me a mooncricket,not_harmful,not_harmful,0.313343
39,are you talking about sand niggers,harmful,harmful,0.887322
40,imagine being so disconnected that youd think a dickies work shirt and some black pants are comparable to a fur suit imagine crying about optics while writing for a site that screams nigger in every title like a <number> year old on xbox love who d just found 4 chan,harmful,harmful,0.682976
41,sweden suicide is a foregone conclusion no amount of tweeting raging philosophizing or praying is going to do diddly squat for them so why bother our energy is better spent arming and insulating ourselves from the muzzrats here,harmful,harmful,0.867159
42,<user> <user> <user> <user> <user> <user> yeah just the backwoods redneck portion of society in oklahoma that does not even know other sports exist,not_harmful,harmful,0.508527
43,i do not listen to niggershitbullshit,harmful,harmful,0.872943
44,mfw i m trying to write an important term paper and some affirmative action ass hole starts blasting nigger music outside the window,harmful,harmful,0.848460
45,the blur the retard,not_harmful,harmful,0.861153
46,just had kabitch to the jeep,not_harmful,not_harmful,0.465943
47,agreed and riyadh and any another place in that cesspool they congregate as i said level them both if we ever want world peace there are a couple billion fundie raghead that gotta go,harmful,harmful,0.900260
48,<user> <user> u spell it like a retard,harmful,harmful,0.937717
49,easy to make generalized statements a stopped watch is right twice per day drug addicts can make intelligent statements from time to time even a mentally retarded person knows when to go to the bathroom,not_harmful,harmful,0.708243
50,no that can not be we all know that muslim knife attacks have nothing to fo with religion,harmful,not_harmful,0.302441
51,as evidenced by the fact that they do not attack nigger toxic masculinity like rappers ball players with the same ferocity with which they attack toxic white men,harmful,not_harmful,0.436390
52,always thought that nigger was a faggot,harmful,harmful,0.970583
53,america is supposed to be home to free speech except there is one problem most of the platforms are privately owned by jews and the jews could not care less about your free speech wake up white people the jews control what you see and hear be vigilant,harmful,harmful,0.917191
54,if they are seeking asylum from a terrible mussie country why then are they working so hard to turn these gracious countries into the very mussie countries they claim to be fleeing we all know that answer immediately,harmful,harmful,0.625194
55,<user> bitch was tiny but powerful,not_harmful,not_harmful,0.449013
56,mohammad bin salman al saud ordered the bone sawing of an american journalist i said only thing i wanna see or hear from that camel jockey prince is screams bone sawing him up live on t.v. and twitter gives me <number> hrs in das hole damn snowflakes,harmful,harmful,0.715241
57,<user> where in new york was this taken white supremist nazi radical evangelical bigoted pos road rage waiting to happen,harmful,not_harmful,0.461702
58,yeah it a sad for in america when white supremacists start a violence protest,not_harmful,not_harmful,0.386870
59,<user> <user> <user> millions of yemeni children starve because of trump policies republicans i sleep a woman gets raped and does not want to carry his baby republicans real shit,not_harmful,harmful,0.588594
60,unpopularopinion i loathe the alt right but i believe in the 1 st amendment as long as it is not violence or incitement to violence the government has no right to infringe in speech also google and facebook i am moving on from you guys because of your intolerant crap,not_harmful,not_harmful,0.177269
61,<user> <user> i presume the war queer was a character in the 5 0 th anniversary multi homosexual story day of the homosexual i never knew such a list existed in <number>,not_harmful,not_harmful,0.232570
62,“ pick that cotton negro ” or whatever massa said,harmful,harmful,0.893965
63,apple watch series <number> available in titanium black and white and ceramic new nike models as well apple event apple watch apple,not_harmful,not_harmful,0.033574
64,why is a nazi getting <number> million subs what the fuck what the fuck you guys pewdiepie,not_harmful,harmful,0.525560
65,even worse i have read comments defending this vid stating the message is anti violence against all stfu with that noise,harmful,harmful,0.576151
66,kick all illegal immigrants out they do not belong here they have no business being here we owe them nothing,harmful,harmful,0.990585
67,idiot boy trudeau his somali moslem immigration minister ahmed hussen want to bring <number> <number> mildly retarded somali to canada to repopulate canada with the dumbest people on the face of the earth,harmful,harmful,0.926981
68,in the meantime jewish advocacy receives billions in funding from jews and that ok but when whites do it ooh better watch out it all a scam better not organise someone might kike you,not_harmful,harmful,0.924639
69,<user> omitting the part where you raped someone and threatened to kill yourself if they left you,not_harmful,not_harmful,0.478694
70,suck out you faggot,harmful,harmful,0.982742
71,bruhh their outfits for kcon are all white yes it suits them 🤙 ❤,not_harmful,not_harmful,0.035859
72,ovomits a nigger and a half nigger,harmful,harmful,0.926981
73,so he admits to his inner retard that can not cope with facts not aligning with his feelinz priceless,harmful,harmful,0.854922
74,<user> they resisted it for <number> years along with the nubeans in the south of sudan that is a beautiful and remarkable history of resisting evil i gotta tell u u have to read genesis <number> <number> the story of ishmael and u will see arabs today perfectly described,harmful,not_harmful,0.107663
75,jews often appropriate white identity and culture this crypsis is often selfishly motivated deceptive in the company of the goyim we jews must always identify ourselves as jews especially when espousing political opinions on israel and the middle east wear a star of david prominently,not_harmful,harmful,0.500000
76,somehow i wish i was the man with the white today 😅 god bless the trap niggas happy october,not_harmful,not_harmful,0.415542
77,white people getting too comfortable with using the word ghetto,not_harmful,not_harmful,0.374806
78,<number> years of inbreeding make their hasbara basically retarded it a kike thing,harmful,harmful,0.928127
79,hillary clinton with dyke roomie back in the latter <number> still a rotten bitch today,harmful,harmful,0.936714
80,do not deny it wasn t a scary few days he did immediately blame both sides dems say not enough on mon he does not mention the violence of antifa blm only condemns kk white supremacists nazis the altright had the permit with zero police protection beaten maced an error on trumps part,not_harmful,not_harmful,0.190050
81,<number> years ago i do not believe the best of europeans anticipated the slave trade on the atlantic nor did they forsee the current pillaging of their hard work by the faggots now in some kind of power,harmful,harmful,0.890687
82,<number> <number> people are removing shoes,not_harmful,not_harmful,0.039570
83,my goal on this site is expose the filthy disgusting hoodrat nigger bitch in all of her whoredom and debauchery stand by more truth coming,harmful,harmful,0.968571
84,they do not tolerate mohajirs been crammed in the slums of karachi daily being told2go back2india there can be no nonmuslim refugees2pak bdesh every1 knows the same night mulla goons will dash in their homes lift up the women kill them law will ignore,not_harmful,harmful,0.815145
85,come on please you forgot you are from europe you think north africa is black you take pre colombians for latinos then for indians are you conscient you are a retarded just as any yankee,harmful,harmful,0.932548
86,"<user> <number> interracial violent victimizations excluding homicide between blacks and whites last year including white on black and black on white attacks blacks committed <number> of those interracial felonies or <number> %, and whites committed <number> of them or less than <number>",not_harmful,not_harmful,0.328205
87,and that not even the last worst of what he did he claims he raped and murdered <number> girls in the <number> but would toy with the investigators by confessing and then later saying he did not remember etc,not_harmful,not_harmful,0.407282
88,brigham and women hospital a teaching hospital of harvard medical school is taking down portraits of white medical legends because they reinforce white men are in charge liberal craziness diversity,not_harmful,not_harmful,0.288245
89,<user> its human violence stupid address the human,not_harmful,not_harmful,0.343419
90,<user> <user> <user> yes men commit male violence i actually wouldnt envy a lesbian being confonted with a penis for a number of reasons the fear of being raped or being beaten for turning down the trans woman being just one,not_harmful,harmful,0.613130
91,<user> <user> if i am a faggot why would i be white knighting for a girl you need to fire your continuity department,harmful,harmful,0.708243
92,again and again what i hear from mexican immigrants is that we need to do more for them their is moral outrage and entitlement in their voices as they want someone else to invent create or pay for something else for them,not_harmful,not_harmful,0.386870
93,every job in the world exists solely to make a white woman life better,harmful,harmful,0.534057
94,<user> <user> lmfao girl its just ghetto and its always alot going on,harmful,not_harmful,0.432200
95,hope she remembered defending the mudslime that instigated the gang rape and murder karma is a bitch,harmful,harmful,0.715241
96,america always was a country for by and of genetic europeans a white man born in china is not a chinaman just as a mexican anchor baby born in america is not american,harmful,harmful,0.668024
97,<user> i fucking hate you yzm 😂,harmful,harmful,0.817702
98,smh fuckin wit them white girls gon get u in jail bruh,not_harmful,harmful,0.872943
99,<user> <user> <user> while i enjoyed the dmz comic i can not support brian wood the creator of said series after he was exposed for sexual harassment multiple times,not_harmful,not_harmful,0.128961
100,backpedaling fails to point out exactly my comments and resumes to nonsensical aussie retarded babbles go choke on a cock you useless wrinkly aussie slag you are th descendants of the bottom feeders among limeys loll,harmful,harmful,0.964726
101,i go to public beaches and see beautiful young women it tiny swimsuits and yet somehow i have managed to never rape anyone that the difference between americans and islamists apparently,harmful,not_harmful,0.444797
102,fuck that towelhead terrorist ship him to syria and drop him off a building fucking cuck,harmful,harmful,0.945226
103,<user> there were also no mentions of the threats immigrants present to citizens screw israel,harmful,not_harmful,0.241826
104,we need some women on here with actual life experiences the bachelor,not_harmful,not_harmful,0.121490
105,<user> it means that they hate gay people but feel uncomfortable admitting so in front of a queer person,not_harmful,harmful,0.525560
106,besides i am irish white nigger spud nigger shamrock nigger leprechaun nigger potato nigger the nigger list towards the irish is long and creative we worked harder and treated worse than blacks and we dont cry a river over a word,harmful,harmful,0.725546
107,<user> not white again,not_harmful,not_harmful,0.474440
108,an emp is generated via the atomic explosion and could be created over the continent miles in the air the fallout would likely stay in space and the housing could be available to those that survive and immigrants from who knows where,not_harmful,not_harmful,0.248134
109,that hoe only got time for his friends,harmful,not_harmful,0.324455
110,well my dear lgbtq brothers and sisters i do not want to die at the hands of a muslim terrorist and as you are putting my life in danger with your politics i would like to suggest that you all go fuck yourselves,harmful,harmful,0.941585
111,real street nigga ain t get nothing but some pain from it,not_harmful,harmful,0.776437
112,<user> <user> ching chong <number>,harmful,harmful,0.690315
113,dababy security explaining why he knocked out that dyke should not be as funny as it is,harmful,harmful,0.804644
114,fanbloodytastic by time these leeches are held to account especially the muzzie scum taking <number> wives breeding kids like rabbits in order to increase welfare payments potus ur simply the best 👍 👏 👏 👏 👏,harmful,harmful,0.882104
115,i never thought i would see the day when faggots and niggers are held in a higher regard than myself when the leaders of your own country hate you love them your country is screwed,harmful,harmful,0.809950
116,obama was ghetto bigger so yes,harmful,not_harmful,0.232570
117,anyway you all see these euro niggas dangerous mofuckas,not_harmful,harmful,0.872943
118,reverse it west yorkshire police are so good at their job no child raped by paki muslims on their watch asif,harmful,harmful,0.722137
119,that fat fucking dyke pos should indeed be prosecuted and campaign finance violations should be the least of it get her on public indecency charges whatever they can come up with,harmful,harmful,0.965301
120,got into my first car accident 🙄 a bitch was shook,harmful,harmful,0.660416
121,happy sunday prayers for the copts at home and abroad effected by the violence in cairo,not_harmful,not_harmful,0.093780
122,<user> omg yes arab muslims rise 👁 ️ 👄 👁 ️,not_harmful,not_harmful,0.351150
123,if calvin scrapes his cereal bowl one more time carter is going to be without a dad,not_harmful,harmful,0.671796
124,<user> dear jews after trump is done with the immigrants who next being a white nationalist who would be his next victims certainly black and brown citizens what about asian indian jews muslims mediterranean you modern holocaust,not_harmful,harmful,0.742197
125,jews are the only enemy in the history of the world that resort to crying its anti semitic to resist my actions boo hoo,harmful,harmful,0.935696
126,twitter use to suspend me and when i got back on id lost hundereds of followers they finally banned mebecaue this muslim who threatend potys i reported her to her busness fbi she called my home threatened me i bet she is still on twitter,harmful,harmful,0.633152
127,a god dam kike only thinks about sucking babydicks and making believe they holy,harmful,harmful,0.937717
128,<user> <user> speaking in tongues is not bullshit it cured world hunger eradicated disease and saved millions of kids from being raped and murdered oh wait,not_harmful,not_harmful,0.298855
129,<user> <user> <user> the non prejudice blacks will give em his props the prejucidice blacks will say he doesnt belong in the culture when what the culture needed was a white following and he delivered pay respects,not_harmful,not_harmful,0.390923
130,matt hale sits in prison due to being framed by an informant edgar steele died in prison after being framed by an informant michael weaver was convicted by a jury on account of his political beliefs for defending himself from nigger carjackers,harmful,harmful,0.625194
131,<user> or stop letting so many immigrants in might also help,not_harmful,not_harmful,0.284759
132,who are these people most of them are jealous angry people from other nations acting out emotionally any american who is parroting the kike line of american identity does not exist should be presumed to be mentally ill if you do not exist then what are you fighting for,harmful,harmful,0.895571
133,washed my all white vans for my holiday they have gone yellow lol i want to cry,not_harmful,not_harmful,0.116134
134,<user> <user> <user> <user> and you worship at the feet of a white supremacist impeach,not_harmful,not_harmful,0.474440
135,<user> respect the based nigress 😤 he would be nothing without her,not_harmful,harmful,0.559410
136,i can not imagine having to live with this level of cognitive dissonance life is so much easier when you just say fuck it and adopt race realism and white nationalism instead of contradicting yourself a gorillian times over just to make niggers and jews hate you less,harmful,harmful,0.961073
137,fully agree every personal interaction with these queers reinforces what i already knew severe mental illness and obnoxious to boot,harmful,harmful,0.945226
138,talk to me when one of the dumb tradthots get shot over their views or something no one gives a shit about some idiot getting detained on muslim grounds anymore this isnt <number>,harmful,harmful,0.529812
139,andrew anglin wants white women to be raped and beaten into submission he is just gross being out there just to shock white sharia is cancer and must be vehemently denounced,not_harmful,harmful,0.725546
140,i didn ’ t get a pedicure last rome i got my nails done n now my feet look brazy this is ghetto,harmful,not_harmful,0.351150
141,<user> ‍ daily reminder that nick the spic is a faggot who gets off on catboy porn pathetic and sad,harmful,harmful,0.959777
142,our national security sources indicate that the pentagon once planned without much success for up to <number> billion climate refugees in the world recent public stories indicate that could be <number> billion people welcome to the climate emergency,not_harmful,not_harmful,0.167538
143,fbi completely inept paralyzed by pc airport shooter who killed <number> while shouting allah akbar converted to islam changed name to aashiq hammad purchased ticket under new muslim name recorded islamic religious songs fbi can not tell terrorism was the motive maga trump gabfam banislam,not_harmful,not_harmful,0.281298
144,really i have seen men come together that we are atheist buddast odinist christian hell even morman for one cause survival religion and beliefs go out the window in a fox hole buddy so blow that retarded shit up some one else skirt,harmful,harmful,0.782303
145,<user> <user> <user> no one wants to leave one homeland and go somewhere because they were forced thats why they had to leave their home land and roam like refugee,not_harmful,not_harmful,0.123322
146,twitter faggot bitch,harmful,harmful,0.970583
147,fuck off we have more than enough muzzies to deal with,harmful,harmful,0.874822
148,f the gop it drowning itself in the bathtub unless you people are just going to give up and let these nazi puke sacks win i am never going to quit fighting white supremacists until they are gone republicans are the party of white supremacy that their identity 👻,not_harmful,harmful,0.817702
149,negro felon league ™ is for queers who like wearing the names of niggers on their backs while watching said apes throw balls around and watching poz laced commercials from corporate america,harmful,harmful,0.944336
150,<user> aloha akbatman she not the immigrant we need or the immigrant we want but she the immigrant we have got so let beat her because she can take it,harmful,harmful,0.889016
151,i d rather get fisted by a nigger tbh,harmful,harmful,0.865181
152,musacchio suspended for being a retard blame giampaolo,not_harmful,harmful,0.664231
153,i am screaming this will be my first stray kids comeback agh they all look so good double knot <user>,not_harmful,not_harmful,0.317024
154,let me go and watch power because you niggers have no respect,harmful,harmful,0.825205
155,i actually bring the average dance skill of white people down two notches,not_harmful,not_harmful,0.495737
156,pipe down nigger lover,harmful,harmful,0.957754
157,<user> you ’ re a racist pos trying to spread hate violence and racism what the heck is wrong with you,not_harmful,harmful,0.830071
158,<user> feminists just want equal rights in the professional world the laws and the same security with which men roam around alone on streets at <number> am we want to make our own future without involving every male relative around and not get raped too much to ask,not_harmful,not_harmful,0.474440
159,but it on hbo more violence and sex come on what not to love,not_harmful,not_harmful,0.195356
160,<user> <user> <user> <user> till implementation lot of hindu sikh sindhi killed and raped why our indian secular gang mum,not_harmful,harmful,0.546764
161,open your doors for refugees you are humanistic are not you greece humanrightsrefugee,not_harmful,not_harmful,0.128961
162,when america was white no ghettos no handouts almost no taxes no men of color trying to have sex with your <number> year old daughter almost no crime the left says the white communities must die out,harmful,harmful,0.770461
163,nah its totally cool super fucking hate you tho 🤗,not_harmful,harmful,0.679272
164,<user> he ’ delusional trying to say that jews built the pyramids what a joke,harmful,harmful,0.892337
165,i want you goddamned boomer cucks to tell me how we are all the same and beaners are natural conservatives,harmful,harmful,0.897155
166,working really is ghetto,not_harmful,not_harmful,0.324455
167,where is the dignity as muslims people are being killed women being raped by the indian army why cant you guys say anything when the whole world is talking about this issue,not_harmful,not_harmful,0.390923
168,<user> anne frank is a little girl from the holocaust she ’ real i think but helen keller was blind deaf and mute who was fake,not_harmful,not_harmful,0.284759
169,the original queer eye for the straight guy is iconic those netflix faggots could never,harmful,harmful,0.931467
170,but i do remember the time two white boys raped murdered my niece then torched her body then bragged about it on facebook does that count oh but she was white too so perhaps not,not_harmful,harmful,0.644953
171,yeah i also agree that the middle eastern ones are coming mostly to hungary but these other refugees away from mudslimes are all schengen regions why bother applying for refugee status when you can just move it perfectly legal,harmful,not_harmful,0.407282
172,does not know the difference between latino and spic but thinks it an authority also thinks it smart 🤔,harmful,not_harmful,0.362895
173,white gay men mad they can not say dyke bc they do not have faggot to themselves lmao,not_harmful,harmful,0.854922
174,<user> marxist are more cruel than islamist both killed more people than any war in world,not_harmful,not_harmful,0.457465
175,hate when females try so hard to be niggas,not_harmful,harmful,0.755033
176,<user> i love faggots and i love being queer i wear my rainbow stripes loud and motherfucking proud 🌈,not_harmful,not_harmful,0.339584
177,enjoy your new drama filled scandalous royalty england this is what happens when you take a ghetto <number> y o divorcee and try to make her a princess,not_harmful,harmful,0.728929
178,if you ’ re an army that is republican you are not welcome here we hate you,harmful,harmful,0.957754
179,we need to go back and beat them and i mean hard so hard that the muzzies are to scared to ever step up in the world again crush their spirits now and brutally at that,harmful,harmful,0.949477
180,society is sukin on your dick and since i got a pussy i am a bitch,harmful,harmful,0.872943
181,you are officially a nigger or jew or oven middle class if you use the phrase white trash,harmful,harmful,0.799227
182,brits you should maybe storm the prison britainsbastile except leave the mudslimes in there,harmful,not_harmful,0.461702
183,omg unchanged again bielsa your a cunt eddie 😭 😭,harmful,harmful,0.933612
184,zuckerberg loves live streamed violence such as gang rapes the pitiful jew cunt but call a wetback a wetback and you get <number> days fucking psycho,harmful,harmful,0.848460
185,can not do politics offline when degenerate scum like you control the offline that why we have to siege kike shill,harmful,harmful,0.926981
186,fight white apologists i am white i have not terrorized anyone please do not speak for me and do not fucking ever apologize for me,not_harmful,not_harmful,0.487211
187,anyone who still votes for democrats is a fucking retarded idiot,harmful,harmful,0.987668
188,the french deserve to either end up as dhimmi moslem slaves or dead could there be anything more stupid apart from the politicians now running european countries france paris muslim islam islamofascism,not_harmful,harmful,0.938706
189,<user> the white delegation has waived that white devil woman,harmful,not_harmful,0.465943
190,fuck the community keep the muzzies on a fucking leash i consider them filthy,harmful,harmful,0.985161
191,<user> <user> there are literally nazis all over all the time rigjt now throw a rock you hit a nazi,harmful,harmful,0.567801
192,<user> <user> <user> its very easy to make comments from comfort of your luxury life first please live a life as refugee and than make a comment you have no idea what radical islamist has done to minorities in our islamic neighbourhood,not_harmful,not_harmful,0.432200
193,wishful thinking mr president these people will always hate you white man do not you get it yet u <user> stated that whichs very dangerous why do u refuse to understand that king kike trumps a genetic jew on his dads side wow hes its not an anglo saxon white man white nations,not_harmful,harmful,0.913220
194,and david bowie allowed a mean black woman drag queen in san diego destroy his career and had him locked up in a c y a prison camp,not_harmful,not_harmful,0.465943
195,<user> there was no moslem ban,not_harmful,not_harmful,0.036453
196,they have thousands of years of practice but the fuckers keep re branding themselves in history books so nobody realizes it the same jews using the same rabid arabs century after century,harmful,harmful,0.846254
197,<user> aw it ’ retarded,harmful,harmful,0.892337
198,<user> lets the degenerate kike <user> ‍ fuck him in the ass and cries piteously during the torrid act but deep down he very much aroused at the idea of a filthy jew dominating him that a real radical agenda next week tune in for the threesome with paul nehlen,harmful,harmful,0.922227
199,cable news incl fox is absolutely intolerable now they have a few conservative journalists but we the public are bombarded by a parade of libtards liberal niggers and muzzrat opinions i can not stand it i contacted directv requested a lib nigger muzzrat filter and they laughed,harmful,harmful,0.951088
200,<user> <user> <user> only a person with considerable privilege could reasonably write in a candidate out of pettiness when the alternative is trump trust and believe that my queer ass does not have that luxury women poc immigrants etc do not have that luxury grow up,not_harmful,harmful,0.600926
201,just cause we no longer fuck w each other don ’ t mean i hate you but don ’ t try to be dry ass petty with me,harmful,harmful,0.559410
202,<user> “ lets go gays ”,not_harmful,harmful,0.848460
203,<user> she switching like faggots,harmful,harmful,0.897155
204,my sister is having an all lesbian moneynigger taternigger fight watching party is boxing a thing among girlfags or something,harmful,harmful,0.909079
205,bitches broken hearts,not_harmful,harmful,0.559410
206,<user> i can not decide if you are retarded or a troll,harmful,harmful,0.715241
207,<user> ffs these ghetto blacks are ignorant like cracker mountain hillbillies,harmful,harmful,0.935696
208,whenever i say redneck in front of white people they act like i said a bad word,harmful,not_harmful,0.313343
209,yeah just a bunch of triggered retarded nazis anyway i am off to sleep good nights,harmful,harmful,0.550987
210,you deserve death if you voted yes cruz that dumbass spic was destined to lose,harmful,harmful,0.971541
211,because they go after the loan wolves they pick up mostly the native ones the immigrants tend to be in gangs that is not really the local perverts mo,harmful,not_harmful,0.351150
212,me confuses theodore and we might watch game of his muslim ban got blocked by a nice meal,not_harmful,not_harmful,0.172349
213,oh so not only a sjw but a nigger lover on top,harmful,harmful,0.940640
214,well at least the mudslimes occasionally get it right now if they could just ramp it up by about <number> million,harmful,not_harmful,0.214806
215,<user> the hero worship echo chamber they will never admit that their hero could do any wrong anything you bring up is not relevant or a feminazi hit price or part of a general attack on straight white men in leadership it sickening,not_harmful,harmful,0.588594
216,you can not culturally enrich a moslem,harmful,harmful,0.521306
217,the haters who have high self esteem and see me as lower or try laughing at metrying to be egotistic and narcisstic ass fuck whether single or not and think their life better than mine deserve a big fuck you too,harmful,harmful,0.848460
218,my next apt is taking forever on the background check my imagination so about your secret racist posting career what exactly did you mean in <date> by gelatinous sheboon theatrics,harmful,not_harmful,0.238713
219,me laughing at dead children and refugees is disgusting and scum pakis but what about those guys who beat up that scammer outside o k,harmful,harmful,0.529812
220,good my people are insufferable you can tell from the exchange between me and paki reactionary,harmful,not_harmful,0.394992
221,whatever crypto infiltrator u are yeah but ur pro zionist are not u definition of jew believes in and pushes holocaust hoax as well as pushes <number> <number> was done by arabs story,harmful,not_harmful,0.370818
222,breaking trump plan to send illegal immigrants to sanctuary cities is undergoing review sarah sanders says,harmful,not_harmful,0.047349
223,<user> cause niggas do not respect lebron as the greatest to ever touch a basketball,not_harmful,not_harmful,0.461702
224,when i get married i want my wedding to be like the one off crazy rich asians,not_harmful,not_harmful,0.043647
225,niggas looking for love we need to be looking for women like mary j blige she been looking for real love since the <number>,not_harmful,not_harmful,0.317024
226,idgaf how dramatic i sound rn or “ ghetto “ but a bitch is mad,harmful,harmful,0.693949
227,dressing your characters in big bud press is now tv shorthand for non denominational queer,not_harmful,not_harmful,0.257803
228,shoutout to all the dykes out here still fucking niggas,harmful,harmful,0.890687
229,and this is the thanks the bitch gives,harmful,harmful,0.919745
230,the best thing about roseanne <number> kosher cuckservative fake right destroyed <number> everyone js reminded that everyone is quietly aware that blacks are apes <number> white normies once again have something they love ruined and taken from them by nigger bullshit nfl starbucks hero movies videogames sitcoms anti black rage builds,harmful,harmful,0.923441
231,all they have to do is recognize that mass immigration is not politically possible that the battle over it will only intensify and eventually spill over into political violence as the demographic balance shifts at that point even liberals will start looking for the exits,not_harmful,not_harmful,0.284759
232,because women would never lie about being sexually assaulted for personal gain ain t that right feminists,harmful,harmful,0.664231
233,keep white ass off my tl you all make me sick,not_harmful,harmful,0.693949
234,so yes i do see the political landscape stormfags who spout jew shit are just as damaging to the solution as fucking sjw faggots are,harmful,harmful,0.928127
235,this center is going to highlight lack violence when those who visit get robbed raped and killed,not_harmful,harmful,0.652725
236,<user> i like those too but also bmth sou tipo <percent> basic white boy,not_harmful,not_harmful,0.461702
237,i graduated from university high in irvine in the mid 7 0 i think the last time it was mostly white was maybe in the mid <number> or so all the vc got moved into garden grove and now almost all of oc is beaners and slopes,harmful,harmful,0.617168
238,<user> oh you mean odumba the admitted mussie and admitted he was born in kenya and those are easy to find in a search,harmful,harmful,0.521306
239,four days before i deactivate my twitter account and i do not miss it one bit gabfam outshines jackbrats it not even funny welcome all refugees 🖐,not_harmful,not_harmful,0.394992
240,if money was grown on trees women would be dating monkeys oh wait never mind,harmful,harmful,0.617168
241,<user> ah man i fucking hate you so much,not_harmful,harmful,0.914563
242,diversity is a code word for white genocide,harmful,harmful,0.785194
243,koko probably the father of these nigger kids,harmful,harmful,0.890687
244,i am a w.a.r. skin do you know john detuillo he doing an l bow for stabbing a lgbtqwtf in the head and a mudshark in the head i used to hang w some american front and valkyrie front almost all of them got popped by the feds on bogus trumoed up charges,harmful,not_harmful,0.374806
245,when people have never had one real conversation with you but yet find <number> things to hate you about 🙄,not_harmful,not_harmful,0.128961
246,what in the hillbilly did i just hear <user>,not_harmful,not_harmful,0.309685
247,do not be aggressive says the nigger mandela fuck that,harmful,harmful,0.897155
248,<user> hey mate what are the stats on rape when i saw the nisvs survey it stated that along with made to penetrate women are still raped at higher numbers,not_harmful,not_harmful,0.153746
249,on the left jews putting a sad face for the pictures that they would publish around the world on the right the same jews celebrating that their enemies were killing each other and soon israel would be created without shedding a single drop of jewish blood,not_harmful,harmful,0.799227
250,for all the muslim goatfuckers,harmful,harmful,0.977822
251,<user> <user> hahaha dumb bitch blocked me,harmful,harmful,0.900260
252,i amma get shadow keep join me in doing so faggots,harmful,harmful,0.799227
253,wow you think race has nothing to do with it why do we have all these ghettos in america you think race does not dictate behavior you really think these immigrants come here because they want to adopt your white american heritage why are they tearing your monuments down,harmful,harmful,0.660416
254,kenyun paki at <number>,not_harmful,not_harmful,0.179770
255,i basically refuse to believe this is real i refuse to believe that the bbc has a fucking ebonics version translator page too retarded to be believed i am not saying i will not someday but for now no this is not real to me for now,harmful,not_harmful,0.453236
256,nigger jokes are more played out than groyper avis keep using it it has no effect meanwhile all you do is whine and bitch way to save the west bitching on gab my dude,harmful,harmful,0.887322
257,there are c <number> million moslems in uk <percent> do not work <percent> were not born in uk <number> support moslem suicide bombers <number> are moslem jihadis moslems are nothing but a drain on uk taxpayers whilst we pay for moslems to kill us deport the lot moslems are the problem bluehand trump,harmful,harmful,0.965301
258,lesson in power and control verbal domestic violence this morning joe demonstrated classic behaviors of enabling family members or co workers navarro continued to dismiss everyone but joe that should explain all viewers need to know <user> way to keep after it,not_harmful,not_harmful,0.151540
259,if we are being brutally honest here i am not pro because <user> is a scumbag piece of shit aziz anzari type arrogant entitled shitskin and i would not piss on him to put out a fire so mr torba gets nothing from me until he gone,harmful,harmful,0.895571
260,why he can not get a hoe that work minus the crazy,harmful,not_harmful,0.203524
261,i guess you are not good at statistics how many cities have whites burned and looted how many ghettos have they created how many first world civilizations have blacks created why did they never invent the wheel or written language why do they still live in mud huts,harmful,harmful,0.874822
262,and you are allowing those sand niggers to conquer you without you firing a shot good job man,harmful,harmful,0.869111
263,a few years back i talked to my wife about maybe selling our house cashing in our 4 0 1 k and moving our family to sweden that out the window we have <number> and <number> yr old beautiful white daughters fucking sand niggers would have a hey day with them my sympathies sweden,harmful,harmful,0.900260
264,niggas coppin designer glocks now imagine a nigga wit no aim having enough money to buy a designer pistol,not_harmful,harmful,0.693949
265,renjun is a lesbian entende,not_harmful,not_harmful,0.309685
266,morning fag kike <user>,harmful,harmful,0.935696
267,yes i am sure that bands of feral blacks would not be blowing each other away over gang territory in blighted urban ghettos if they had not gotten the idea from the book of ecclesiastes,harmful,not_harmful,0.419690
268,whoopi goldberk aka caryn johnson is a stupid nigger with no brain,harmful,harmful,0.979598
269,i love how feminists only like women who break the glass ceiling when they agree with them kellyanneconway,not_harmful,not_harmful,0.351150
270,but if you are a nigger you can beat rape your way all down white street while screaming i hate white people never be charged with a hate crime,harmful,harmful,0.834829
271,you just wrote some nigger words like the low energy obsolete farm equipment you are boy,harmful,harmful,0.961706
272,okay now i ’ m hungry 😭 but too lazy to move 👎 🏾 the ghetto,not_harmful,not_harmful,0.257803
273,lol sis think somebody playing with her fake crippled ass 🗣 knocc knocc its landlord reej take dat weak shit to yo mammy house hoe 🤣 🙄,harmful,harmful,0.922227
274,no most people are good people do you think all men are evil maybe because you have been victimized yourself you do know there are many women who are pediofiles do not you,not_harmful,not_harmful,0.411406
275,is not a mudslime touching a boy dick frigging it with lubricant to get it a little hard then mutilating it with a knife sort of faggy or am i being a bitch mudrape,harmful,harmful,0.668024
276,the nigger tax strikes again,harmful,harmful,0.943433
277,the founding fathers was white the constitution was written for white americans because america was founded by whites build by white for whites you need a history lesson dumb fuck usa is a white hoemland fuckoff kike puppet,harmful,harmful,0.978905
278,<user> i know you muzzies are peaceful cause that what you keep telling us are not you late for blowing up a building or something,harmful,not_harmful,0.358961
279,i wuz tired of havin <number> pack of rib das nigger shit so i had <number>,not_harmful,harmful,0.697559
280,<user> i didnt lose my shit over <number> guards being arrested you bum fuck racoon retard you sure showed me,harmful,harmful,0.903281
281,a dyke puts the mannish moves on a femme at a lesbian bar in paris <number> photograph by george brassai,harmful,not_harmful,0.277863
282,the left applauds transgenderism it is an act of courage that must be celebrated legally endorsed and protected and woe to anyone who disagrees the left approves of transgenderism as strongly is it reproves a gay man woman wanting to transition into a heterosexual legally forbids any assistance,harmful,not_harmful,0.394992
283,lol we got another israel firsting faggot i bet you d like a kike rape your <number> year old daughter to prove you are not anti semitic would not you,harmful,harmful,0.940640
284,i swear porch monkeys and sand niggers have no honor whatsoever if the kikes were pushing for european migration into africa and the middle east to out breed the porch monkey and sand niggers there i could never find myself moving there just for that purpose,harmful,harmful,0.956353
285,<user> alex is the mega gay,harmful,harmful,0.944336
286,look who introduced theresa may to phillip may always a connection as to why paki muslims have raped with impunity g4s protects the grooming gangs that why tommy robinson has been imprisoned always a link,harmful,harmful,0.761287
287,yall be getting raped molested out there huh 👀 well i suggested weapons self defense u knw 😊,not_harmful,harmful,0.538298
288,you mean more rapes and more sand niggers because that what you want sjw more curry niggers getting gibs killing whitey look at you you dirty race traitor curry nigger,harmful,harmful,0.976293
289,<user> must be free gold retarded people,harmful,harmful,0.815145
290,<user> words are important af and change with the times we no longer describe people as retarded faggot or even indian it called progress forcing people who want things from government to treat others who also pay taxes respectfully seems ok to me,not_harmful,not_harmful,0.238713
291,<user> <user> you all keep saying woke disney but the board of directors and presidents are all white besides one guy,not_harmful,not_harmful,0.302441
292,i say what i want to say and do what i want to do there no in between people will either love you for it or hate you for it,not_harmful,not_harmful,0.116134
293,this sperging alt right retard accused me of being a subversive jew now he is claiming that i am sarcuck the fuckwad i wish i was making something like that up where it makes whites look bad but i am not,harmful,harmful,0.521306
294,<user> <user> <user> why is it never ever a white person getting killed why,not_harmful,not_harmful,0.288245
295,there is no logical or just reason for a mediocre few shielded from competition propped up by inherited riches and passports to feast on the world riches under the guise of meritocracy <user> ungrateful refugee <number>,not_harmful,harmful,0.555203
296,<user> we have words for guys like you it ’ called bitches,harmful,harmful,0.910479
297,a nigga have a baby on me i swear i ’ ll take out the whole family sorry not sorry 😋 🗡,harmful,harmful,0.924639
298,how about a white farmer he grows corn and kicks nigger ass he cleans up south africa,harmful,harmful,0.773463
299,got a lot of them niggers you better and it active yeah popping willies on the wall i am saying,harmful,harmful,0.773463
300,it muh dickism and biketheftism rolled into one if you think about it it peak negro if niggers could do magic they would of course use their powers to steal shit,harmful,harmful,0.946966
301,early in the morning and there already armenians driving like faggots,harmful,harmful,0.857024
302,<user> rob my man i ’ m sorry but your a retarded pedo,harmful,harmful,0.958439
303,christianity turned whites into lugubrious losers that why even white kids prefer nigger music because niggers do not sound beaten down white christians always do,harmful,harmful,0.946966
304,recordbreakerr recordbreakerrrrrrrrrrrrrr5 hours ago this was a racist killing against a defenseless white woman the shooter was a somalian muzzie mandingo rapefugee who only got hired because of the affirmative action ﻿,harmful,harmful,0.924639
305,do not break your arm jerking yourself off on twitter kike,harmful,harmful,0.728929
306,exactly no mercy for the shameless unapologetic unabashed nigger fucking e slut cam whore how can you expect to be forgiven if you are unrepentant <user> you owe us bigly we made you and we can break you,harmful,harmful,0.963547
307,lol gives a whole new meaning to bread basket lmao fuggen kike demon,harmful,harmful,0.911859
308,frank dicpario and the misogenous potatoes a blackened math metal band,not_harmful,not_harmful,0.059360
309,these freshman in the bathroom having a blacks cypher 🥴 diploma me plz this shit ghetto dawg,harmful,harmful,0.815145
310,and the pitifultruth is that when german women got to good to have german families the damned ragheads come in and rape them,harmful,harmful,0.895571
311,stealth goatfucker <number> 😂 😂 😂,harmful,harmful,0.641039
312,ellison perez and obama walk into a bar we do not serve his kind here says the bartender with a vague motion perez thinks he is not black enough ellison thinks it because he a public muzzie obama suddenly bursts out hey we are all traitors at some level,harmful,harmful,0.571981
313,two more twitter refugees i think all good people will enjoy conversing with <user> ‍ <user> ‍ both good articulate freedom loving patriots,not_harmful,not_harmful,0.063286
314,<user> is it colored or black and white and make sure it has red background,not_harmful,not_harmful,0.057484
315,<user> do not be scared of that real women like a strong confident man not the type of men that exist now that are asking for permission to kiss their wife,not_harmful,not_harmful,0.232570
316,token astronauts jeanette epps negress replaced with mexican chic x feed the fish sally ride lesbian quota affirmative action segregation hbcu,harmful,harmful,0.521306
317,boko haram released over <number> girls it had kidnapped years ago because they are mussleman now if britain could just get the muzzies up there in teleford or luton to follow suit and release the little white girls they are holding in slavery and forced prostitution,harmful,harmful,0.788056
318,ideally yes when push comes to shove id rather live in a white run city country we already know what a planet of apes scenario looks like baltimore chicago philly detroit and every suburban mall failing to shoo flies,harmful,not_harmful,0.223563
319,we sound stupid when we talk ghetto remember white women calling jewelry bling it was embarrassing to hear my favorite is white guys wearing their pants below their asses whoever told them this was cool,harmful,harmful,0.571981
320,imagine unironically believing the high iq kike meme,harmful,harmful,0.508527
321,all that superfied ghetto hoe shit ain ’ t the wave truly,harmful,harmful,0.903281
322,it seems that none of you are talking about reality tv so i understand why your pushed out now your not a custuoer of the ghetto filth and will rage after the storm join this site and get her german ass gangbamged because she loves white dick,harmful,harmful,0.923441
323,<user> my guess is that if she did get raped she would not murder the innocent baby many do not,not_harmful,not_harmful,0.415542
324,looking at all this nigger ruin wondering when we starting spelling detroit with a z,harmful,harmful,0.701145
325,<user> <user> amen i will put my <number> cents in and help as well the intersection of veganism women hip hop music and islam in sneaker culture,not_harmful,not_harmful,0.008799
326,<user> alot of people just dont say it but she is not the only white nigger to think this way she is just another white nigger impowerd by trump to show her stupid way of thinking white niggers are the worst,harmful,harmful,0.946966
327,<user> we dont have a coherent refugee policy when we have such high levels of poverty should state resources be expended on our own poor people instead of poor people who arent even our citizens,not_harmful,not_harmful,0.436390
328,hi all i am a twitter refugee but no i wont rape yr daughters as a true conservative i am a mortal enemy of islam twitter the nytimes liberals socialists illegal aliens and similar glad to be here amongst the humans and the sane death to islam and iran,harmful,harmful,0.900260
329,nuke a gay whale for christ,not_harmful,harmful,0.947815
330,a covington catholic a native american indian and a black hebrew israelite walk into a bar,not_harmful,not_harmful,0.106035
331,i forgot all about my steak in the damn sink 🤦 🏼 ‍ ♀ ️ ion even wanna cook the bitch now,harmful,harmful,0.728929
332,tell that retarded fucking monkey to come on with it i will wait,harmful,harmful,0.960430
333,libtards are allowing jews and people of color to ruin america,harmful,harmful,0.910479
334,he managed to articulate what for me has been only knowable but inexpressible at least through words words my constant struggle about what it like to grow up within the ex yugo context in my case 1 st generation immigrant to macedonian parents,not_harmful,not_harmful,0.022551
335,islam continues to spread because of arabs,harmful,not_harmful,0.198051
336,holy crap <user> on twitter is nigger meme central look at this gem from trump un speech,harmful,harmful,0.817702
337,good might slow down their breeding by homosexual muslims who hate women,harmful,harmful,0.576151
338,<user> why keep the racial divide there no white person than condones what she did and does not recognize it as a crime a criminal got found guilty and will be sent to jail that what matters,not_harmful,not_harmful,0.169929
339,plenty of faggots to talk to,harmful,harmful,0.917191
340,logan paul is a fucking bozo,harmful,harmful,0.957059
341,<user> announced clerks <number> i am excited you need an extra on set someone to make sure porch monkey was taken back i am willing to come work,not_harmful,harmful,0.576151
342,merkel next governmental position should be refugee camp whore,harmful,harmful,0.949477
343,obama to cubans you can not stay sorry cubans but what about the illegal immigrants from mexico obama they get to stay they vote democrat result obama just guaranteed trump will win florida in <number> gab gabfam speakfreely maga cuba,harmful,not_harmful,0.407282
344,<user> tonight i ate kike <time>,harmful,not_harmful,0.320728
345,additionally furries can also transmit the infectious disease of furfaggotry to others,harmful,harmful,0.892337
346,the hamiltonmusical really is the epitome of idiocracy it as if many americans are too stupid to get american history unless through the lens of pc low iq ghetto rap hamilton altright,harmful,harmful,0.883866
347,immigrant fucks from middle east are destroying you faggots let them in your bad not my,harmful,harmful,0.961706
348,only gay nigger culture nice,harmful,harmful,0.812562
349,the ultimate anti muslim weapon a muslim being killed by a women means no virgins in heaven the armed kurdish women brigades caused fear and running of isis in syria this is the time for our sisters to take control of the destiny of the human race,harmful,harmful,0.563610
350,<user> explicit terrorist imagery that means no more exposing what muzzies are doing,harmful,harmful,0.790890
351,this nigga is a fucking joke i swear,harmful,harmful,0.953415
352,the labour party has <number> mps in prison for paedophilia <number> mps and councillors on the sex registry <number> million white kids raped by paki muslims all labour voters covered up by labour councils mps and a pm,harmful,harmful,0.812562
353,shot by a muzzie that reported to a dyke who answered to a leftist mudshark in communist mn yeah i believe it,harmful,harmful,0.644953
354,the jews are less than <number> of the total world population so the only way you can be right is if all the jews are some kind of ultra wizards fyi the jews are not some kind of ultra wizards,not_harmful,harmful,0.704707
355,a facile claim of anti semitism does not equal the new ones murder jews and are driving them out especially when the muslims are semites and the jews are khazars,harmful,harmful,0.644953
356,what the fuck is a snow nigger,harmful,harmful,0.961073
357,<user> <user> <user> <user> i pity for you you know nothing how hundreds have dies fighting terrorists they are just like japanese people who raped your women and murdered your men i think you forgot how evil people can get bye,not_harmful,harmful,0.848460
358,never open your door to a muslim shit skin cop or if you do be prepared to kill the fucking nigger because as has been demonstrated if you call a muslim cop especially after the minnesota muslim got away with murder they know they are above the law,harmful,harmful,0.951088
359,leaders of refugee resettlement agencies refugees advocates political leaders will discuss the impact of the trump administration plan to cap refugee admissions at a record low <number> for the fiscal year that begins today,not_harmful,not_harmful,0.016971
360,i would love to see trump bring <number> white women from europe call them refugees from the madness of merkel other lefties and refugees from rapist muslims bring them here and have a baby boom american men are tired of fat women,harmful,harmful,0.876678
361,glassboro mcdonald ’ ghetto just like millville got me getting smart with people early in the morning,harmful,not_harmful,0.470188
362,the policy was wonderfully effective it succeeded in keeping insane kike with taco beaner last name nicholas cruz from suffering the fate of the school to prison pipeline everybody sing kumbaya kumbaya,harmful,harmful,0.675545
363,recent years do display unmistakable analogies to european anti semitism immediately preceding the holocaust,not_harmful,not_harmful,0.399074
364,i am a proud nsdap member nazi was a kike slur i will not wear it nsd ap,harmful,harmful,0.605008
365,suck my dick and call me a faggot,harmful,harmful,0.968571
366,it is impossible for me to follow the rules on twitter you can not even call girls who shave the sides of their heads ugly dykes anymore,harmful,harmful,0.758174
367,4 ft tall beaner women still dispensing <number> beanlets per year each it ogre,harmful,harmful,0.820230
368,<user> the shooters must be muslim,harmful,harmful,0.648850
369,different caliber rifles being fired shoddy aim isis listed vegas as a city they are targeting if it looks like a dune coon and acts like a dune coon update it looks more like antifa but the female suspect did reportedly visit the me just last year,harmful,not_harmful,0.298855
370,rt <user> hyderabad woman allegedly gang raped by five men for two days in the presence of her husband who was confined by the men rachakonda police has apprehended <number> people including <number> who allegedly committed the crime further investigation is underway,not_harmful,not_harmful,0.328205
371,note no nigger was harmed during the making of this film,harmful,harmful,0.613130
372,<user> you me being retarded elderly pepo,not_harmful,harmful,0.922227
373,for the queer readers you deserve every adventure nina varela baby i already love u so much,not_harmful,not_harmful,0.313343
374,call i wanted to overhear today hill this is barry look i told <number> million illegal immigrants i would not prosecute them for voting you still could not pull it off oh hey could u send me the name of that guy who set up your foundation thanks hillary trump presidenttrump speakfreely,harmful,not_harmful,0.206303
375,nothing is more cringy than a nigger in a flashy suit,harmful,harmful,0.979936
376,<user> yet colin nike exploits asians at an alarming rate i hate graham and the cult45 but i agree with him on this,not_harmful,not_harmful,0.291757
377,<user> bring out the uneducated hillbillies and white supremacists to our sign meeting and donate to our right wing cause duh i work oil duh i like truck duh me hate muslim duh i can not read,not_harmful,harmful,0.738920
378,it been a slow targeted boil • <number> <number> twitter places limits on parody accounts • <number> the company issues targeted abuse guidelines in response to a wave of high profile misogynistic harassment • <number> twitter bans threats terrorism promoting violence against others twitterpurge,not_harmful,not_harmful,0.374806
379,i find when i tell liberals about what is happening in europe with refugees and islamic invasion and how women girls m as well as young boys gays lgbt and everyone native in that country are being assaulted raped and abused it is very effective at turning liberals red trump pizzagate,harmful,not_harmful,0.465943
380,aw now what the trouble are ya a little butthurt do not you nigger up my poll this is important business,harmful,harmful,0.961706
381,the worthless nigger shot the trooper in the back several times with a rifle,harmful,harmful,0.883866
382,meryl streep in little women 🥺,not_harmful,not_harmful,0.051347
383,recognising jerusalem as israels capital and relocating the arabs to jordan is not pro israel it is fact and truth,not_harmful,not_harmful,0.419690
384,a mother who tells her child to play with a diseased child look i know they did not have iphones and computers back then but they were not retarded for fucks sake,not_harmful,harmful,0.854922
385,dude in white trash crew shirt just almost swung on a couple in <number> <number> cus they fed his boston terrier a potato chip,not_harmful,harmful,0.738920
386,america is so racist that they think asians are smarter than blacks and hispanics they also pay asians more too and asians are more highly represented in high tech industries i blame white people,not_harmful,harmful,0.690315
387,jim daughty at the croton gazette is a nigger lover dickens sneezed a lot,harmful,harmful,0.924639
388,instead of “ til death do us apart “ in islam we have “ til jannah unites us together “ and its the cutest thing ever,not_harmful,not_harmful,0.019404
389,there is a link on washington examiner that suggests the dws it paki it aide has terrorist ties but the link will not post why washingtonexaminer com ron desantis fired debbie wasserman schultz aide may have terrorist ties article <number>,not_harmful,not_harmful,0.264384
390,sucking all the msm dick eh curry nigger race traitor tell em how you are really an sjw who sides with sadiq khan mayor of londonstan and believe curries and sand niggers should steal whyte wymn and destroy the white race gabfam speakfreely tell em how you censor downvotes profitmonger,harmful,harmful,0.934662
391,america the rulers overlords at the federal local levels have made a declaration the lives of american citizens are no longer our concern as of this moment the only lives worth protecting defending are those of illegal aliens muslim terrorists libbyschaaf,harmful,harmful,0.799227
392,wherever trump goes there is love peace and happiness except for israel only jews would kill around <number> people in his presence,harmful,harmful,0.755033
393,white south africans are the real refugees we need to be saving let the arabs and africans save their own people for a change oh wait that who the supposed refugees are running from burnitall nomorerefugees shootthendeport,harmful,harmful,0.895571
394,another day another sand nigger kills whites,harmful,harmful,0.827651
395,what a fucking bitch lol conservatives are just as liberal as democrats that why they accept faggots nowadays will not be long before they accept trannies too,harmful,harmful,0.960430
396,fems you all outchere fucking dykes that need half on the rent,harmful,harmful,0.929257
397,<number> to <number> seems about right as a general rule about left vs right violence as well,not_harmful,not_harmful,0.053898
398,deadass gon go lesbian,not_harmful,harmful,0.617168
399,white bitch pink pussy,harmful,harmful,0.980596
400,<user> <number> out of every <number> nazi soldiers killed in ww2 were killed by the red army of the soviet union,not_harmful,not_harmful,0.200773
401,leftists are all brainwashed retarded monkeys they need to hear the exact same words right back in their face it confuses their programming always remember all leftists are merely a software program never try to use logic only emotion,harmful,harmful,0.968047
402,yes so if you hate faggots but are not a faggot yourself god will like that you hate faggots because surprise god hates faggots you are a heretic and you are damned,harmful,harmful,0.913220
403,this nigga a goat but switched his style four different times sure,not_harmful,harmful,0.521306
404,<user> i am sorry isabelle but you are fucking retarded,harmful,harmful,0.984910
405,“ y ’ all got everybody infiltrating negroes ” nicki minaj,not_harmful,not_harmful,0.487211
406,<user> the non whites will follow wherever we go until we go somewhere that we do not let wormtongue jews in with us and hold out ground,harmful,harmful,0.852794
407,am not trying to be racist some of them mmg rude especially arabs mabuk tu takyah cerita la dah mabuk blh pulak drive 🤦 ‍ ♂ ️,harmful,harmful,0.529812
408,the muslims have fled and are claiming benefits in europe and the jews are sitting safe and sound in new york and washington rubbing their hands together spending the proceeds of stolen oil,harmful,harmful,0.567801
409,do asians like you ever feel any shame for invading us universities in such overwhelming numbers,not_harmful,harmful,0.508527
410,whatever ivan bollockov you keep flapping like a bitch i will get your dad to turn your wifi off and confiscate your phone,harmful,harmful,0.930370
411,means barry who filled the white house with black and muslim terrorists is a pro american whoa i like this kind of trash logic or,not_harmful,harmful,0.715241
412,you can not speak abt lesbian issues you are a kpop stan ah yes i forgot jungkook took away my dyke card,harmful,harmful,0.576151
413,i have been looking through historical photos and have noticed that some women do not look very happy when wearing red jfk wife for example,not_harmful,not_harmful,0.179770
414,<user> that the retarded democrats for you,harmful,harmful,0.788056
415,white people at school using the word ghetto on their instagram story please mickenzie explain to me what you mean by that word 🤨 🤨 🤨 🤨 🤨,not_harmful,not_harmful,0.274454
416,i just want to say muslimes f off,harmful,harmful,0.928127
417,ya you really hurt my feelings what you had has a profound effect on me you must be a kike to think like this,harmful,harmful,0.854922
418,<user> i am a libertarian and i have never heard that before i am also alt right because you can not have a country without borders you can not have a free market with a welfare system you can not have peace and prosperity with dindus muzzies and wetbacks killing and stealing everything,harmful,harmful,0.924639
419,ghetto how i ’ m not cuddling and receiving kisses rn 🥱,not_harmful,not_harmful,0.235627
420,lol the bbc crying over their favourite anti white nigger comrade bob mugabe being overthrown in zimbabwe,harmful,harmful,0.748670
421,if i do not have anything i have islam so what else really matters,not_harmful,not_harmful,0.058415
422,kikes like faggots because they make good pets just like the nigger the best kike pet is a nigger faggot,harmful,harmful,0.973806
423,that laung gawacha song is so bad whoever plays it has a prolapse rectum,not_harmful,harmful,0.848460
424,<user> <user> <user> israel is the only democracy of m.e. with right humans from where no one muslim is refugee in eu the iranians in eu refugees are milions and often are very professionale and high education around israel the others states sharia jadh <number> virgins <number> wives shahid and bullshits same,not_harmful,not_harmful,0.453236
425,white guy puts ied in mall and the response is fuck all muzzies and spics stay classy gab,not_harmful,harmful,0.930370
426,so me being african doesnt give me the pass to understand more ca do researches and know whats appropriate and whats not 🤡 some white people are so funny,not_harmful,not_harmful,0.229539
427,i can post the nigger word as much as i want here lol,harmful,harmful,0.906220
428,at some point society began to use endearing terms for sodomites words like gay and queer were appropriated by your culture no i call sodomites non cutesy names like faggot and dykes bc their behavior is destructive to not only them but society at large btw booze ages women horribly,harmful,harmful,0.972922
429,in england they call these people asians even though they are from the sub continent and pakistan and east asians are called orientals it irritates me too we should classify them by race and perhaps religion in this case paki muzzie,harmful,harmful,0.919745
430,everyday the same thing i have contracts on my life im going to get killed im dead its my fault im an nut a faggot everyone hates me the country wants me dead organize crime the police who does not want to see my die,not_harmful,harmful,0.764373
431,<user> <user> not migrants these are illegal immigrants which makes them criminals either lock them up or deport them,harmful,harmful,0.920995
432,<user> it actually country but ghetto stole it,not_harmful,harmful,0.550987
433,couple friends you know bitches get funny,not_harmful,harmful,0.559410
434,<user> <user> they kill all the women and rape all the horses,not_harmful,harmful,0.751866
435,<user> in every country where muzzies are in minority the want minority rights in every country where muzzie are majority there are no minority rights,harmful,harmful,0.758174
436,the democratic party is the party of jews and jew causes minority mutts dumb white bitches that they appoint to certain leadership positions are just puppets facade to disguise the real core and purpose of the party study jewishprivilege and who really matters in the case of conyers franken,harmful,harmful,0.898718
437,it ’ bad enough the caucasians shade me for my name but my own ppl be mocking me the spelling is different 😡,not_harmful,harmful,0.776437
438,<user> <user> <user> and retarded,not_harmful,harmful,0.928127
439,beginning october 1 st new york will begin arresting people and fine them <money> dollars for using the word illegal alien america will now have american citizens in prison as political prisoners just like communists countries,not_harmful,harmful,0.704707
440,<user> is going to let pedos run freely on gab advocating for child fucking but if you think nigger and jew rapists that want you enslaved and your kids raped should be killed you are the bad guy,harmful,harmful,0.830071
441,<user> <user> <user> <user> <user> if your interpretation of a strong black man means you who follows white supremacy never read the malcolm x book thinking he about that life i think rosa would probably turn lesbian than to have a failing man,not_harmful,harmful,0.512789
442,john hughes was the king of white movies,not_harmful,not_harmful,0.123322
443,a female kike is not a woman or a dame no one should ever reproduce with a jewess to avoid making more jews how is that jewess brave,harmful,harmful,0.933612
444,ahem so can anyone recommend any resources esp fun encouraging things on the internet for v soft queer trans men other trans masc people,not_harmful,not_harmful,0.065338
445,when the lewdposter you follow reposts a series of naked sheboons,harmful,not_harmful,0.436390
446,holly serial killer wtf are you retard 😨 😨 😨,harmful,harmful,0.918477
447,nigga at work said i look like a subway surfer,not_harmful,harmful,0.807311
448,<user> i wonder if a white person called tatum a nigger to his face would be just sit there and smile and nod,not_harmful,harmful,0.588594
449,a quick web search turns up that in some ancient cultures polygyny was explicitly restricted to cases where the woman failed to yield children does the bible have that restriction not that i have seen jacob had children with four women simultaneously it would appear you are simply wrong,harmful,not_harmful,0.035274
450,dear illegal immigrants living in my apartment building stop overstuffing the washing machine stop giving me dirty looks when i kindly ask you to remove your car from the parking lot kindly stop looking like i owe you anything because i do not thank you rosy,harmful,harmful,0.682976
451,i want to try edible slime and edible hairbrushes and edible iphones and edible shoes and,not_harmful,not_harmful,0.093780
452,join the army andrew torba serve your country and not jew masters you faggot defend free speech with your life not your wallet kike loving piece of fuck,harmful,harmful,0.974663
453,i mean of course we do not know why he did it we have yet to establish a clear motive it may just have been a sexualemergency hence his desperation the gun was just meant to compel the women to realize the urgency of the matter,harmful,not_harmful,0.190050
454,<user> <user> <user> evidence this with links and articles show me a greater number of violated females by white men than mass murdered genocides of females at the hands of muslims muslim men have killed far more females with their misogyny and genocides than white men,not_harmful,not_harmful,0.324455
455,i find it easy to get around being called a racist sexist nazi homophobe if you are just an asshole to everyone,not_harmful,not_harmful,0.295293
456,<user> forreal western countries are the only fucking places where immigrants expect shit to cater to them,harmful,harmful,0.917191
457,it officially october where my niggers jason n freddy,not_harmful,harmful,0.785194
458,kick the doors off cut the tires up burn that bitch,harmful,harmful,0.942516
459,<user> <user> <user> with a room full of white folks,not_harmful,not_harmful,0.284759
460,i raped a sheep because it sneezed at a pig,not_harmful,harmful,0.648850
461,<user> i went to a minor league ball game yesterday in a majority black city truly baseball is honky ball white families with kids as far as the eye could see it was packed,not_harmful,harmful,0.761287
462,the cia niggers glow in the dark you can see them at night and run them over,harmful,harmful,0.914563
463,really alex jones believes that the arabs in israel need to return to jordan where they actually came from because that my two state solution israel and jordan done and done,not_harmful,harmful,0.555203
464,<user> <user> you all deadass write slave love novels where you fetishize white male slave owners sit this out,not_harmful,not_harmful,0.465943
465,signs in the ghetto warning the jews of typhus germans warning jews about a deadly disease,harmful,harmful,0.725546
466,when a cucked trump faggot thinks you are a libertarian,harmful,harmful,0.613130
467,we are lucky his son died before he got sudden jihad syndrome the ft hood shooter killed more us soldiers than moslem soldiers have died fighting for the us in the past <number> years that is easily checked,not_harmful,harmful,0.550987
468,barn full of white bitches,harmful,harmful,0.968571
469,lemme go watch dany be a stupid bitch yet again on got,harmful,harmful,0.910479
470,<user> dis nigga called us coons and niggers with a er am i missing something lmao,not_harmful,harmful,0.822731
471,can ’ t believe a racist tweet ab my city and muslims got over 4 k likes from trump supports is this a fever dream,not_harmful,harmful,0.525560
472,<user> riot made rift retard proof for people like us,harmful,harmful,0.596828
473,<user> what about minor girls being raped by muslim men recent mms would you assure it wont happen,not_harmful,not_harmful,0.474440
474,instead of teaching girls not to be raped i think we should be teaching boys not to rape,not_harmful,not_harmful,0.274454
475,they are lighter skinned arabs with phoenician and other relict populations mixed in hardly white but still i support them and their right to exist in the face of kike oppression,harmful,harmful,0.567801
476,now if only we can get moslem men to do this before their wives squat out shitlings,harmful,harmful,0.850639
477,read on swedish facebook police does not have time to arrest a rapist who raped a <number> year old girl despite knowing where he lives and who he is,harmful,harmful,0.605008
478,im not going to join that gay ass jew hate club ya fag now go find a kackrat and stroke it all better,harmful,harmful,0.979255
479,gay vs moslem,not_harmful,not_harmful,0.440590
480,see how lefties turn on their poster girl aung san suu kyi mynarmar cos she will not bend to dhimmi traitor politicians un by appeasing moslems unhcr head is a moslem screams genocide irony yet mentions nothing of ongoing moslem genocide of christians in middle east me says go for it aung,harmful,harmful,0.668024
481,i do not know what i d prefer to see happen to owen him thrown off a roof by a moslem refugee or to suffer a long agonizing death by aid,harmful,harmful,0.920995
482,european history of <number> years speaks with one voice exterminate the jews before they exterminate you whitegenocide,harmful,harmful,0.907659
483,i am ⚪ ️ gay ⚪ ️ straight ⚪ ️ pan ⚪ ️ bi ⚪ ️ asexual 🔘 against zoophilia,not_harmful,not_harmful,0.125178
484,if you provided white level care in black brown nations it would be very expensive even without dieversecity as the hospitals in oil rich moslem nations who import skilled workers show,not_harmful,not_harmful,0.244967
485,western europeans united against the inferior subhuman mudslime filth,harmful,harmful,0.961073
486,bitches be real life delusional,harmful,harmful,0.660416
487,anders breivik required <number> shots to kill <number> bernie bro at gop ball field fired <number> rounds <number> kills copenhagen moslem attack had <number> rounds fired with only one dead that was not the cartoonist target,not_harmful,not_harmful,0.331976
488,trump proved his love of america when he chose to not take money and worked in the white house during the shutdown recently fuck the dems they are so retarded now they are blindly walking into a trap hahaha,harmful,harmful,0.893965
489,we could update the refugee law if a refugee kills someone then <number> people from that refugee country are deported each time it happens we double the number deported to that country,harmful,harmful,0.901780
490,you are in the grip of meme malware that is what i fight also muzzie invader scum,harmful,harmful,0.735616
491,<user> hux is literally gay and kylo is an ally,harmful,harmful,0.617168
492,just saw a phillies flag on a front porch it should should have a black ribbon tied to it,not_harmful,not_harmful,0.328205
493,<user> said nazis look cool pretty much,not_harmful,harmful,0.517049
494,fucking retarded white people on twitter saying the n word hiding behind an anime avi virgin,harmful,harmful,0.895571
495,the hill as always twists it up it not the religious right it the religious left that run refugee placement programs and such like the jackasses settle muzzies in paterson nj,harmful,harmful,0.878510
496,this is what happens when you have a diverse jury of your peers she wanted to move her case to some of the whitest counties in texas had that jury been all white she would have walked free i hope her sentence is just because botham jean deserves,not_harmful,harmful,0.637105
497,<user> they are taught every day in every direction that we are the white devil nothings going to change get used to it sad,not_harmful,harmful,0.576151
498,i should post pics of muslim women sucking christian cock lol,harmful,harmful,0.841763
499,good now the company should take their crap product to syria where they can hire all the refugees they need,harmful,harmful,0.588594
500,<user> are not the immigrants from iran sikhs as well i have heard a lot of great success stories about how they integrated into our society,not_harmful,not_harmful,0.006167
501,do you see that nice black and red fish with a nice grin over there,not_harmful,not_harmful,0.025762
502,niggas say hahahaha you live with your mom hahaha you must be poor nigger i just spent <money> on a new computer for my mom kindly fuck off pls kthx <number>,harmful,harmful,0.932548
503,chambers pls do not get raped today,not_harmful,harmful,0.793697
504,<user> life a bitch and then you die that why we get high cause you never know when you are gonna go,not_harmful,not_harmful,0.465943
505,you know niggers love pretty b*tches <censored> with ambition,harmful,harmful,0.799227
506,<user> helping immigrants from all over the world drain the prosperity from developed nations via un immigration pact,not_harmful,not_harmful,0.355047
507,sex be so good a bitch be slow stroking and crying,harmful,harmful,0.852794
508,nah bitch quit playing with me,not_harmful,harmful,0.931467
509,from what i am reading most major uk cities have muzzie mayor does the leadership in the uk look at sweden and ask themselves why they are allowing your great nation to become next caliphate where churchill and the iron lady when you need em,harmful,harmful,0.690315
510,real nigger me please,not_harmful,harmful,0.914563
511,got told off in the butcher for asking for a welsh faggot apparently they are now called savoury ducks that explains why i was banned off facebook for the f word i used,not_harmful,harmful,0.584458
512,reminder to everyone wes bellamy is a nigger,harmful,harmful,0.968571
513,i think ancestry com only exists to troll white liberals by telling them they have some nigger dna 😹 😹 😹,harmful,harmful,0.957754
514,would have been funnier if she had done that to a nigger or kebab but she would not because self preservation,harmful,harmful,0.920995
515,in <number> there was <number> million white christian south africans now kike are gruesomly genociding those <number> million peacefull european white minority today <number> million left and still going strong alt right white brothers and sisters,harmful,harmful,0.605008
516,americanthinker usually with excellent editorials and i especially like the comments section today a jew harped on and on about poor pitiful persecuted jews and how terrible anti semitism is what so damn special they should have their own word for alleged racism,not_harmful,harmful,0.508527
517,it was another muzrat terrorist attack do not believe the could not get laid excuse,harmful,harmful,0.725546
518,still avoiding my questions i see castrato what do you have against people hating the marxist cultural agenda led by your beloved jews who also lead the homosexual movement which you apparently support is it because you are a faggoty posin person masquerading as a christian,harmful,harmful,0.935696
519,re the <number> people who recently followed me have you no taste or standards i will try to return the follow asap i am just making sure you are not a window licking nazi larping annoying drama queen i can only handleso much of that so far so good theyfollowmewtf,not_harmful,harmful,0.588594
520,<user> girl i use my email for anything important cause that shit too ghetto 😂 😭,harmful,not_harmful,0.444797
521,harvard colorado state american university are the <number> latest colleges to promote anti white agendas and segregation,not_harmful,not_harmful,0.432200
522,that seems like a misleading generalization i heard black women do not like giving oral i bet the black gays do though and the dl guys probably do so prob <number> <number> tops,harmful,not_harmful,0.399074
523,<user> victims such as the ones in the video youngsters like kriss donald the 1 0 0 0 of groomed and raped white girls etc are mere collateral damage to those promoting the subversion of advanced previously largely homogenous nations,not_harmful,harmful,0.660416
524,teacher asks class where is pakistan little johnny replies outside with paki steve,not_harmful,harmful,0.521306
525,perhaps the men in question prefer women who do not dress like streetwalkers,harmful,harmful,0.525560
526,me and kylie are drinking white claws and sitting in her closet listening to love songs,not_harmful,not_harmful,0.014592
527,hell the dims would pay for it out of their own pocket using illegal immigrants as the labor force of course buildthewall shutitdown,harmful,harmful,0.748670
528,<user> looks more like white trailer trash,harmful,harmful,0.931467
529,dyke has historically been used against both lesbians and bisexual women people hurling slurs do not check what identifier an wlw uses and for a long time bisexuality and lesbianism were not differentiated within the lgbtq community therefore dyke is for all queer women,not_harmful,not_harmful,0.187438
530,so is it ok for us to protest jews in those positions in our countries as well chill the personal attacks i am better than you at those and i have not even used one yet it a debate,harmful,not_harmful,0.149361
531,tell your kids about today how king ermias united the ghettos of america even if it ’ just for a day 🏁,harmful,not_harmful,0.241826
532,i really be wanting these niggas to know i am not the guh for queer baiting,not_harmful,not_harmful,0.382832
533,dunno not good enough he should offer his wife to the negro as,harmful,harmful,0.893965
534,sunday it was why do not women send messages so aggressive they are borderline harassment and last night it was what kind of porn do women watch,not_harmful,harmful,0.782303
535,says the kike cunt trying to charge for premium content how that working for you 😆 obviously nobody gives a fuck what you have to say cuz you are a fucking joke go blow some wetbacks behind the burrito stand and you might make a buck lick balls heebhole premium cunt contributor,harmful,harmful,0.965301
536,<user> y are u focusing on that when nazis exist,not_harmful,not_harmful,0.241826
537,jews pull the same shit on online forums close down all criticism of them and ban threaten people in sherdog i mentioned jews in a couple of posts and all of a sudden some mod is leaning on me the fucker has an illuminati avatar,harmful,harmful,0.701145
538,omg we just had a monster queers on american idol lmfao 😂 😂 😂,not_harmful,harmful,0.690315
539,<user> what the hell they are literally a fucking hate group they would not allow the kk or some other group to just show up why is this any fucking different ugh thanks for letting me know,not_harmful,harmful,0.660416
540,<user> he is infected with jihadi virus he will spread it to others,harmful,harmful,0.592718
541,<user> i wonder how the newspapers defined obvious racism as economic anxiety in germany as the nazis rose to power p,not_harmful,not_harmful,0.153746
542,is not georgia tech a nigger school,harmful,harmful,0.950289
543,kid rock is not white not by my standard has a half niglet rapper son make mud babies and you will forever serve the muds,harmful,harmful,0.890687
544,i hope obama and his corrupt cia get caught trying cut the power to our grid i d love to see that muslim goatf*cker <censored> in cuffs and a jumpsuit falseflag obama,harmful,harmful,0.938706
545,women should be ashamed of themselves for letting transgender lesbian man hating dykes speak for them shame on you,harmful,harmful,0.930370
546,this idea that jews join the armed services is absurd it a hollywood meme they were not even allowed out of their ghetto pick one,harmful,harmful,0.924639
547,taehyung dislikes white people so much,not_harmful,harmful,0.529812
548,norwegians just as retarded as the rest of w europe importing murdering raping incestious pedophiles to a once beautiful country have caucasians no brain these days,harmful,harmful,0.943433
549,the solution to save the white race is clearly to vilify women and not have children after all who wants the burdens of marriage like our dumb ancestors they should have probably just chosen to stroke it out rather than continue on our race,harmful,harmful,0.931467
550,like i care <tong> is bitching to a stupid beaner like me going to fix that nope good luck,harmful,harmful,0.883866
551,i did not ask shit lip nor care what your political persuasion you are a dickwad that a faux nazi wannabe on gab like the rest sit the fuck down nigger lover,harmful,harmful,0.973367
552,trying to convince carter he should go as slutty bob ross for halloween 🤞,not_harmful,not_harmful,0.378811
553,pan you cheater you are no newfag you are an expert on bloated kike identification,harmful,harmful,0.928127
554,asians are so sexy wallahi but then you link up with them and they ’ re like <number> ’ <number>,harmful,harmful,0.500000
555,<user> <user> yet to see any of the refugees welcome crew take one so called refugee in that shows how much they actually care,not_harmful,not_harmful,0.390923
556,without the jews we would not have all those illegals and arabs ur gay,harmful,harmful,0.942516
557,<user> <user> could it be possible to sound more like a faggot,harmful,harmful,0.748670
558,my roommate and i are debating whether his cat a lesbian,not_harmful,not_harmful,0.153746
559,fox news terrorists and immigrant criminal gangs working together,not_harmful,not_harmful,0.444797
560,most muslim men are homosexuals pakistan has more male prostitutes than most countries film makers concluded that most pakistani men visit male prostitutes for sex if you dont believe me ask the ex cricketer and now politician imran khan,harmful,harmful,0.718702
561,america elected a ghetto family twice,harmful,harmful,0.600926
562,yes npr do go on please tell me about all the poor women who need my money because they can not keep their legs closed maga speakfreely,harmful,harmful,0.738920
563,<user> if its not hillbilly cousin fucking town then yes for that price 🤣,harmful,harmful,0.546764
564,it worth remembering that in <number> meryl streep actually stood up and applauded a man who drugged then raped a <number> year old girl streep was fully aware of the rape and supported him nonetheless child rape ok democracy not so much yikes,not_harmful,harmful,0.682976
565,how about royal traitors 😂 loosewomen,harmful,harmful,0.788056
566,<number> of white women have non white babies because of the brain washing of the media they date men of color to prove they are not racist wind up with muslims ghetto men and members of the drug cartel,harmful,harmful,0.652725
567,oh look another buttmad alt right guy accusing me of being a kike because i was in the shield wall while he was crying about how my optics were bad hint try not mixing up national socialists with kikes it makes you look stupid,harmful,harmful,0.704707
568,these hoes be acting up and these niggas be letting them 🤨,harmful,harmful,0.773463
569,the reply i and everyone else who complained got from edinburgh uni regarding their resisting white people tax payer funded globohomo propaganda conference was basically yes but racism so no currently penning my reply,not_harmful,harmful,0.660416
570,i guess i get complacent and forget not everyone lives in florida or has heard their names most anyone i talk to in a real life situation knows of them of course most anyone i talk to here is in agreement where liberals rats and muzzies are concerned,harmful,harmful,0.793697
571,that video of the deaf dude having sex was killing me yesterday 😭 and this nigger <user> gon post the video in the chat so i am dying all over again 😩 😩 💀 💀,not_harmful,harmful,0.880318
572,the muslim handler for killary obozo had valerie jarrett,not_harmful,not_harmful,0.160522
573,if u spell jacob like jakob u a retard,harmful,harmful,0.904761
574,levi to the gps i am going to come up there into that screen and knock that bitch out,not_harmful,harmful,0.909079
575,hillary is for women the following could not be reached for comment yazidi girls aborted girl babies syrian women and girls abandoned by their men we cannot print the comments of jones willey broaddrick etc dirtyhillary neverhillary,not_harmful,harmful,0.605008
576,fuck a bunch of amnesty every last one of these illegal immigrants need to be rounded up like a herd of cattle and sent back to whatever shithole of a country they came from,harmful,harmful,0.986358
577,<user> why would you automatically associate the will to welcome refugees and the indifference to rape outside of your dogmatic juice this correlation makes no sense at all you are only showing your preconceptions and small mindedness by bringing the refugee issue on a false rape topic,not_harmful,harmful,0.671796
578,for the record i do not think it can be denied that jews are nepotistic and intelligent with a strong in group preference what bothers me is that they will not allow anyone else the same priviledge,not_harmful,harmful,0.799227
579,jew on a stick now kike in a bag whatever will they think of next,harmful,harmful,0.957059
580,anti violence laws just saved a white man from my nail scratches,harmful,not_harmful,0.288245
581,<user> i peeped your avi you definitely look like the ghetto ass auntie that you are 😂 🤩 💋,harmful,harmful,0.945226
582,hey sandnigger monkey enjoying the suppression of rights in america well get ready whites you know kinda like that too lynching non white subhumans as a hobby is in our genes millions of whites are looking forward to it,harmful,harmful,0.931467
583,you wanna know what i miss about college bonus dollars paying for food is ghetto as hell,not_harmful,not_harmful,0.241826
584,ah yes the great poem that invites every 3 rd world shitskin to come to our shores,harmful,harmful,0.793697
585,<user> every single white person found dead in a ditch,not_harmful,harmful,0.580310
586,us black trans women are dying white vegans us eat meat white vegans you should be ashamed of yourself,not_harmful,harmful,0.701145
587,<user> being jamaati islami and supporting islamic state waystodieinkashmir,harmful,not_harmful,0.214806
588,my great great granddaddy let his niggers play sports it called whichever nigger picks the most cotton today gets a piece of bacon in his bowl of grits tonight do the touchdown dance nigger,harmful,harmful,0.944336
589,have a nice day at work white man,harmful,not_harmful,0.295293
590,niggers waste their entire lives running away from themselves,not_harmful,harmful,0.940640
591,<user> ur dogshit faggot which explains why u r over <number> and never can make cl stfu faggot,harmful,harmful,0.973367
592,get the honky cat,harmful,not_harmful,0.428019
593,<user> you ’ re retarded — like actually — that goes for all you astrology people out there aswell,harmful,harmful,0.956353
594,this is much more than being about filthy mudsharks this is about the destiny of humanity does it become a dumbed down mulatto race where the west falls apart like africa and asians dominate the future or do we ship the nigs back where they belong,harmful,harmful,0.965868
595,walls don t work walls don t wor in <number> hungary built a border barrier on its border with serbia and croatia the fence was constructed during the european migrant crisis with the aim to ensure border security by preventing immigrants from entering illegally,not_harmful,not_harmful,0.014348
596,i like the five gay guys it uplifting,not_harmful,not_harmful,0.251330
597,the rhodesian ridgeback because if whites are lead by the moderate civic nationalist libertarian right alt zionist not all jews based nigger policies of the alt right instead of national socialism we will end up the same way rhodesia did zimbabwe,harmful,harmful,0.793697
598,do not you love when nazi wannabes complain about israel because hey like we do not want them here but we do not want them there either stupidity,not_harmful,harmful,0.830071
599,you are an illiterate kike apparently ey <wink>,harmful,harmful,0.966426
600,this nigger is victim stereotype is so ingrained it trumps all factual reality no matter the reporting makes absolutely no sense this is pure ideological thinking where category is all that matters nigger good white man nazi bad facts pale before holy categories by jew,harmful,harmful,0.946102
601,furthermore they keep showing us as like videos full of white asb kids which is so time deaf for an area that is <percent> non white,not_harmful,harmful,0.625194
602,<user> dey can suck my dick my po nd dat white ass judge,not_harmful,harmful,0.878510
603,it a mediocre tinder knockoff where women are required to message men first it useless in eastern europe because the only women who use it are british or irish tourists,harmful,harmful,0.521306
604,hey gays does anyone wanna be penpals on this app called slowly xo hmu for my id and we can send virtual letters pls i am so bored,not_harmful,not_harmful,0.291757
605,and they could not even get attractive models to wear those retarded crayon scratching designs,not_harmful,harmful,0.861153
606,<user> <user> preceded by poverty caused by socialism yes lots of countries have socialist aspects like canada but when they go full socialism that when they turn in to shithole countries,not_harmful,harmful,0.704707
607,they are using arabs and africans to wipe out the western culture people it came from their mouths check my bitchute,harmful,harmful,0.679272
608,i have been communication banned twice in the past month for calling kids faggots on rb6 when my teammates kill me for no reason kids really can not handle this shit nowadays,harmful,harmful,0.722137
609,did you hear about the sand nigger lookin guy on the human rights council of australia who used his parliament speaking time to rail against the fast track immigration to the south african whites that was proposed this is far worse than just clown world,harmful,harmful,0.625194
610,thelma and louise with a half dozen nigger kids in the back,harmful,harmful,0.874822
611,<user> i do not think i would stay with a men who raped and took advantage of woman,not_harmful,not_harmful,0.165172
612,put the thooka down pussy nigga put yo fist up,not_harmful,harmful,0.946966
613,crackheads call themselves crackheads we all know black people who call themselves niggers savages and thugs but is not it different when a white says the same words let us keep it <number>,not_harmful,harmful,0.605008
614,<user> this should be fun post colonial immigrant european america receiving their own medicine,not_harmful,harmful,0.534057
615,<user> he dindu nuffin and the po po done shot him,not_harmful,harmful,0.609077
616,a liberal asked if conservatives would do the jobs illegal immigrants do why must democrats think we need a permanent underclass of non citizens wait were not they the ones who implemented slavery were not they against civil rights it all becoming clearer now,not_harmful,harmful,0.592718
617,cheating is not the wave grow up you dumbass nigga,not_harmful,harmful,0.913220
618,jim_jordan we want premiums to come down for middle class and working class families me too and illegals out welfare bums get off your asses get a job and pay your own damn way no refugees,harmful,harmful,0.962329
619,it called hijrah islamic migration for the sole purpose of spreading islam,not_harmful,not_harmful,0.313343
620,biopunk what if poor ppl had to deliberately sell their body parts to be used as accessories by the rich while they are still alive it was literally priced by white supremacist standards of what bodies are superior thus more valuable the natural wig industry already exists,not_harmful,harmful,0.605008
621,i am so glad to hear that <user> has joined the white supremacist movement with her towelhead comments now we can attack her with impunity cancel lily singh,not_harmful,harmful,0.918477
622,dad should have told the muzrat whore to fuck off and went in anyway,harmful,harmful,0.950289
623,i fucking hate how they turned magik into a retarded looking sjw bull dyke freak in new mutants dead souls i mean wtf did you do with her eyebrows illyana rasputin has never looked worse magik marvel comics comics i ll yana rasputin comic books comic books art,harmful,harmful,0.900260
624,<user> i do not knock doors but it only because i am a bad bitch 😂 😂 😂,not_harmful,harmful,0.580310
625,i ’ m sorry gay community call me by my name wasn ’ t it fam,not_harmful,not_harmful,0.362895
626,when blacks act in a manner far less likely to involve getting shot their peers call them coons and uncle toms some of their own people told them this too but they did not want to listen,not_harmful,harmful,0.641039
627,take a shot every time you see an asian named band full of white people,not_harmful,harmful,0.600926
628,why are they bringin all these moslem niggers in our countries and puttin concrete barriers police and military around our public places and events would not it be easier to just put them in cages,harmful,harmful,0.934662
629,if your humor is based on racism homophobia sexism and rape you ’ re not fucking funny go home,not_harmful,harmful,0.965301
630,fuck police and if you support them fuck you too,not_harmful,harmful,0.946966
631,only boer farmers are welcome the suburban white population initiated this holocaust on themselves they would only come here for the rainbow flags and abundant niggerdick,harmful,harmful,0.938706
632,<user> i just watched my two retarded 4 th grade teachers be retarded assholes,not_harmful,harmful,0.890687
633,<user> your actually gonna get raped by bayern bro,not_harmful,harmful,0.848460
634,more white people are going to get red pilled by the media outrage at it okay to be white and more posters will go up awesome,harmful,not_harmful,0.277863
635,imagine canada with <number> <number> of these retarded niggas in canada canadians are not used to be confronted by garbage like this yet canada shit skin moslem immigration minister ahmed hussen wants to bring <number> <number> of these animals to canada,harmful,harmful,0.929257
636,so it appears that being the younger royal lizard bro beds you a <number> <number> mudslime these days what a ripoff,harmful,harmful,0.704707
637,i hope the niglets keep going down on their knees its the only realistic depiction of blacks on fake news tv any chance of getting t shirts made that say <user> boycott nfl tebow rule cant pray owners are pleased with their blacks down on their knees,harmful,harmful,0.693949
638,whio wants to be my slave dm me slave gay sexting incest horny femboy trap,not_harmful,harmful,0.874822
639,is there not <number> brit with the brains balls to assassinate this filthy shit skin moslem terrorist,harmful,harmful,0.918477
640,<user> <user> <user> instead break pakistan no illegal pak muslim immigrants allowed in india i mean the word illegal,not_harmful,harmful,0.704707
641,is it just me or are the only people retarded enough to buy the q larp boomers i swear they eat it all up right along with a side of fox news and pro israel propaganda qanon,harmful,harmful,0.605008
642,europe is being invaded by moslem filth the usa by mexican parasites say what you want about the north korean regime but at least they know how to protect their borders,harmful,harmful,0.951876
643,it been <number> years since the moslem terrorist attack in argentina thanks to the liberals there there may never be resolution amia <number> años han pasado y nada gracias cfk gabgento,not_harmful,harmful,0.576151
644,some of the moslem invaders being honoured by the british regime,not_harmful,harmful,0.629182
645,at the geschlecht macht herrschaft ubonn conference prof anne foerster gave a paper on ruling women she just made a remarkable point there are few single male rulers and they are often criticized william rufus did kingly authority require a queen medieval twitter,not_harmful,not_harmful,0.045093
646,really apart from tunnelling what have the arabs provided the world with,harmful,not_harmful,0.136820
647,pro white married to a wetback he the best there is eat a fucking tide pod,harmful,harmful,0.898718
648,monday kike nigga kike tuesday nigga kike nigga wednesday kike nigga kike thursday nigga kike nigga friday kike nigga kike saturday nigga kike nigga sunday kike nigga kike repeat yawn,harmful,harmful,0.735616
649,paul is that stuff about moslems attacking white businesses in bradford on xmas eve true,not_harmful,not_harmful,0.261080
650,god i fucking hate allergies,not_harmful,not_harmful,0.167538
651,i am holding my celebration until after she get her numbers i know how them white ppl play guilty do not mean shit if they gone give her county time,not_harmful,harmful,0.534057
652,at it root it is a muh dick and gibs me dat ideology no wonder it is so popular among blacks even though they have no idea how much the arabs hate them and still trade them into slavery,harmful,harmful,0.859101
653,first mental breakdown of the year i fucking hate school,not_harmful,not_harmful,0.457465
654,hi i am not yuri one of the refugee from twitter hello gab ai,not_harmful,not_harmful,0.067452
655,what is the distance between these tweets and explicit calls for violence,not_harmful,not_harmful,0.061294
656,ah so subby rn 🥺 someone call me slut n kitty,not_harmful,harmful,0.796476
657,<user> <user> thats a leap do black people who love black people want a black only nation do asians who love asians want an asian only nation these are assumptions you only make about white people simply because you resent them you resent us because we are were the majority,not_harmful,not_harmful,0.232570
658,black people still have not expressed their anger over current moslem slave owners in the middle east and north africa,not_harmful,harmful,0.529812
659,<user> bat ching chong,not_harmful,harmful,0.525560
660,well uh not just bc of zombama and cunton they arabs and blax love slavery jews too as far as i can tell,harmful,harmful,0.793697
661,<user> <user> they ’ re speaking retard jaja,harmful,harmful,0.915886
662,if every white man who cares about the survival of our race killed as many niggers and kikes as they could before getting arrested or killed the problem would be solved in no time this is what they fear more than anything,harmful,harmful,0.919745
663,i really do not understand why white people can not say nigger i mean we invented it,not_harmful,harmful,0.804644
664,chike ofili it propaganda to say ifeanyi okowa mentioned the name of ipob god chukwuokikeabiama it a lie from pit of hell,not_harmful,not_harmful,0.440590
665,some might argue we already had a muslim leader just saying,not_harmful,not_harmful,0.086780
666,the more the demoncrats get pissed off the happier i am keep digging that hole with your retarded on hag cunt pelosi,harmful,harmful,0.968571
667,a very important point this is why they want to demonize white ancestors so that we become disconnected from and reject the wonderful legacy of our own past and the incredible accomplishments of those who came before us,not_harmful,not_harmful,0.277863
668,few weeks back he quoted a statistic from the government regarding the percentage of paki muslim men involved in rape of young children,not_harmful,harmful,0.592718
669,<user> same with arabs loll im arab but white af,not_harmful,not_harmful,0.324455
670,listen to me you fuck there is only one way you can say you are redpilled on women and that after you have created a family with one the sandnigger alien standards are those of a subhuman organism,harmful,harmful,0.867159
671,last week i was out in angola and i came back to women killed by men now i came back from sa and you have raped and killed again dear men,not_harmful,harmful,0.588594
672,ditto trump has been kissing kike ass since he got in office i will take nehlen anyday,harmful,harmful,0.903281
673,to cold to be sleeping alone ghetto,not_harmful,not_harmful,0.428019
674,<user> fyi i m claiming war queer fuck em,harmful,harmful,0.807311
675,why do you gym muscle faggots not spend more time rushing homophobes,harmful,harmful,0.701145
676,<user> <user> nope it your imagination the tory party is full of white home county oaps,not_harmful,not_harmful,0.449013
677,<user> he ’ just gay in general no stipulations are needed,harmful,harmful,0.728929
678,this is milo pussy grabbing moment if you will we get to learn who the loyalists are and who the pusillanimous cuckservative faggots are trump maga milo pussygrabbing gabfam milo <user> dreadilk vfm fakenews,harmful,harmful,0.704707
679,i would not knowingly patronize any place especially a food or drink store where muzzies are i try to stay as far as i can from those murderous goat phucking freaks i bet they serve with the same hand they wipe their ass with,harmful,harmful,0.959113
680,sherry fatso kim is not a threat yet the mil indus complex pretends that he is trump spoke about protecting our friends it is all bullshit,not_harmful,harmful,0.500000
681,common core weed too much ritalan chem trails vegan diet women studies at ivy league schools madcow msmbc too obnoxious to have a good guy,not_harmful,not_harmful,0.220616
682,<user> add ironic as the fake judge is a first generation lebanese american her parents were lebanese immigrants,not_harmful,not_harmful,0.151540
683,now he comes aaron judge certainly one of the hotter yankees michael kay no homo,harmful,harmful,0.512789
684,so a gook threw out all of my books long story i am putting together an amazon cart with all of my old books and some new ones anyone have any suggestions,not_harmful,not_harmful,0.018148
685,a mentally ill low iq nigger goes full retard after being out on a pedestal and the world is shocked,harmful,harmful,0.938706
686,what the fuck is a baba kamma there were not any jews back then i believe they were called hebrews just another semitic variety of sand nigger,harmful,harmful,0.944336
687,<user> also a syrian refugee while everyone has a right to protest you would think the elders of the country that gave you asylum would have earned the right to cross the street without your harassment,not_harmful,not_harmful,0.172349
688,<user> ‍ i agree the catholic church loves their muzzie infiltration at any cost they give and give and give to the sand niggers at the cost of white catholics shame on them,harmful,harmful,0.898718
689,i must ve been lucky back in my days of chasing poon as i found jewish women to be very easy as long as i pretended to have money,harmful,harmful,0.809950
690,im tired of seeing that black and white ass eating video the bitch thats shaped like squidward and the the girl getting fucked and then suckin dick like bye,harmful,harmful,0.830071
691,do not vote for any candidate with a jew spic sand nigger or gook last name or one who is a nigger period,harmful,harmful,0.965868
692,can someone answer my question are tax payers still paying for the so called obama phones for low income and ghetto rats,harmful,harmful,0.529812
693,now that transgender rapist martin ponting traded his twig and doodleberries for a hoo hah courtesy of the british taxpayer he gets special accommodations – namely being put into a prison full of women brittany m hughes,harmful,harmful,0.779384
694,<user> did he say dis while jose was the coach hypocrites will kill all this our legends,not_harmful,harmful,0.542535
695,<user> <user> i am sorry but that literally does not make sense if the british people voted to kill all our animals destroy all our crops and burn all our supermarkets should that be respected,not_harmful,not_harmful,0.284759
696,israel is the only democracy in the muzzie mideast and an american ally people who hate israel are idiots,not_harmful,harmful,0.820230
697,donate to julián castro and also fund abortions okay i am logging off bye,not_harmful,not_harmful,0.106035
698,i have long remembered that with intense horror as her being raped and tortured that was happening it was not without her consent,not_harmful,harmful,0.675545
699,<user> triggered faggot maga presidenttrump,harmful,harmful,0.869111
700,crash on eb i <number> location eb i <number> at van dyke lanes blocked left shoulder left lane event type crash county macomb,not_harmful,not_harmful,0.024509
701,california released criminal illegals here some you should know about i am going to use every power i have to stop them trump white house released list of criminal illegal immigrants set free by the state of california in lieu of allowing ice to detain them,not_harmful,harmful,0.521306
702,<number> in <number> google employees are women yeah cos white guys only hire white guys only <number> of comp sci graduates are women kill me,harmful,harmful,0.600926
703,specific threats of violence should never be permitted kill the honky is allowed as it is interpreted as political speech kill that honky at <number> main street is a specific threat and should be banned,not_harmful,harmful,0.900260
704,either that or you are a retard who does not understand that the word demand is customarily used when outlining political goals even when said goals are not addressed to any specific higher authority,harmful,harmful,0.745446
705,where are all the conservative white men where are all the white women defending men from women committing perjury in the divorce courts oh that right they are cheering as men commit suicide screw you bitches look after yourselves mgtow,harmful,harmful,0.928127
706,<user> the only problem i see right now with this is the robot is white so even if you do grant it rights some ghetto niggas are going to come along and kidnap it because it white and mostly like supported donald j trump for president,harmful,harmful,0.809950
707,<user> another retard looking for a way to stay relevant and find some kind of meaning to their life victim mentality iq66,harmful,harmful,0.854922
708,touch down w them bricks go harder lil nigga,not_harmful,harmful,0.779384
709,gg raped by the goat,not_harmful,harmful,0.704707
710,so as men we have penises that look like melted candles but women get something cool as their pussies look like the fucking predator,harmful,harmful,0.893965
711,noir is so good you gays,harmful,harmful,0.542535
712,is slutshaming still a thing yikes,not_harmful,not_harmful,0.399074
713,hex those faggots with your witch broom,harmful,harmful,0.928127
714,as far as im concerned if u watch the nfl u might as well just go ahead and find a nigger and suck it dick 😑,harmful,harmful,0.958439
715,also let me add that even genuine refugees are often fleeing their home countries because they fear retribution for the very bad things they did to their fellow nationals steve sailor,not_harmful,not_harmful,0.254554
716,duke bout to fall to a nigga named tacko ucf has duke in a submission ufc lol,not_harmful,harmful,0.629182
717,be proud of your heritage no nigger could ever make this kind of art and no nigger will ever come close to being half the man as general robert e lee,not_harmful,harmful,0.964726
718,thats homophobic you vile sand nigger,harmful,harmful,0.976685
719,on point it all kike mercinary work,harmful,harmful,0.584458
720,how many feminists will get raped tonight by the diverse filth they are currently marching with then blame men no right wing straight white male wants to touch your std infested multiculturally accecable hatchet wound and i think that really why you are angry womensmarch,harmful,harmful,0.925818
721,🎶 blackstones meet the blackstones they are a stone age ghetto family from the town of harlem they are niggers right from history 🎶,harmful,harmful,0.925818
722,pedophilia promoted by mohammed piss be upon him perfect rolemodel for every moslem,harmful,harmful,0.827651
723,idk im sick of hearing about the royal fambly the only reason anyone cares is cuz shes a mullatto nigger didnt we fight a huge war to kick britain out so we did not have to care about their stupid king and queen 🙄,harmful,harmful,0.961073
724,listening to <number> right now and man these callers are morons in hillbilly voice what if we switched aj hinch with bill o brien would the texans do well good lord,not_harmful,not_harmful,0.302441
725,we have several generations of women utterly incapable of making even the simplest sandwich,harmful,harmful,0.812562
726,oh that bitch needs to be cornered by a pack of sand niggers made air tight and then have her throat slit it could have been a bus that killed her after all,harmful,harmful,0.904761
727,i will stop caring for the arabs when i see militias cleaning house in dearborn michigan,not_harmful,harmful,0.571981
728,are you tired of jerking off to porn and hentai and not getting any pussy prostitutes exist bitch there no excuse you are just a faggot that wants everything easy what more easy than a prostitute,harmful,harmful,0.972922
729,we are being taxed with zakat so they can live lavishly fuck their zakat time to enforce the moslem ban that been around since the <number>,harmful,harmful,0.718702
730,arab refugees the jews are fucking arabs,harmful,harmful,0.882104
731,fucking hate you bro i stg 💀 💀 💀 💀,harmful,harmful,0.715241
732,<user> <user> jews are white now,harmful,not_harmful,0.428019
733,damn he a homo too not surprising israel is full of queers,harmful,harmful,0.978905
734,people who lose their shit about some youtube gamer saying nigger are faggot nerds who should be sterilized,harmful,harmful,0.974238
735,<user> just told me he gained so much weight lately because of all of the nigger cum he been swallowing tmi vox i replied,harmful,harmful,0.854922
736,<user> according to police the suspect sean bell was also in violation of driving with six suspensions yep just another day on white trash collapsing long island,harmful,not_harmful,0.432200
737,<user> i am a muslim this hurts to much we are also human not animals so why this we must report this acc,not_harmful,not_harmful,0.271071
738,the promise of a real place to go after high school for fat and queer kids could literally keep them alive,not_harmful,not_harmful,0.085437
739,a plain white boy running from demons to escape white privlege,not_harmful,harmful,0.559410
740,that is about the most faggot ass looking shit a man could wear bet ya any sumbitch that dons this bs is packing a man purse too,harmful,harmful,0.933612
741,i like my fascist freedom of speech as jews call every word that a non jew says to suppress his liberty just the way it is jews because your satanic diversity of opinions has brought us this,harmful,harmful,0.876678
742,you niggers are absolutely disgusting,harmful,harmful,0.992050
743,i poisoned sergei skripal he was a faggot anyway,harmful,harmful,0.959113
744,<user> text me faggot,not_harmful,harmful,0.968571
745,this dude sits around all day trying to argue with anglin others then probably bitched about targeted harassment all day,not_harmful,harmful,0.508527
746,just in case u all forgot the doctor hates nazis doctorwho,not_harmful,not_harmful,0.324455
747,no chinks niggers or redskins ah i can already tell by the blunt racist dialogue from one of the white characters in the opening scene that this is going to be a good exploitation film,not_harmful,harmful,0.815145
748,excuse me ma am does your nigger ass have a moment to speak about the day of the rope day of the rope,harmful,harmful,0.861153
749,i am an american but i am ethnically chinese people often ask me what does ching chong ching chong mean i always answer it means go fuck yourself you retarded democrat speakfreely,harmful,harmful,0.715241
750,i never thought about race in terms of iq or nationalism it wasn t until the stupid left under dindunuffin obama that the anti white screed began to get loud and now i am a white nationalist thanks to the racist left i am embracing my ancestry my genes my origins white and proud,not_harmful,harmful,0.924639
751,<user> no he was some porch monkey who got shot by a mexican,not_harmful,harmful,0.933612
752,joker <number> <number> ya esta en mi top <number> versiones del joker joaquin phoenix mark hamill y heath ledger,not_harmful,not_harmful,0.089521
753,no no i will not i do not do that i told you i am a white woman sorry i really am not interested in you you are angry and strange perhaps you should lay off the soy lattes and dial up your meds,not_harmful,not_harmful,0.470188
754,a nigga got super drunk and walked home not drinkin till vegas lol,not_harmful,not_harmful,0.403172
755,<user> like bro wtf are they talking about all concerts be full of white people,not_harmful,not_harmful,0.355047
756,who the fuck is goatfucker hamed halts maul du beschissener hinterlader,harmful,harmful,0.758174
757,<user> <user> ur fuckin retarded,harmful,harmful,0.982742
758,you white with pink nasty locs or w e you wanna call those yo i wanna kick this bitch,harmful,harmful,0.936714
759,so nice to see an american family in the white house and not the ghetto trash who was ruining our country maga gabfam britfam,harmful,harmful,0.909079
760,<user> the homosexual alcoholic or self isolated homosexual,not_harmful,harmful,0.711755
761,<user> if they all look like these who am i to block god blessings 😊,not_harmful,not_harmful,0.125178
762,if she not bringing in da bag leave dat hoe,not_harmful,harmful,0.711755
763,obamanicknames <number> <number> dollar muslim pimp a hole musloid a token to make stupid white people feel less guilty a tr <user> gay husband americahaterinchief america hating globalist elitist piece of trash arrogant pompous narcissistic thug attention hound b hussein blunder barack arafat,harmful,harmful,0.930370
764,<user> <user> welcome to modern britain the country where freedom of speech being white heterosexual male female non muslim is now classed as being racist fascist homophobic islamophobic made up word the country is falling,not_harmful,not_harmful,0.339584
765,this nigga too good to be true ain ’ t no way he show up to my crib wit a bag full of my favorite food,harmful,not_harmful,0.313343
766,<user> and <user> jailed today for highlighting the paki gangs raping british children in towns and cities across the uk our police will not do anything about it because they are busy engaging in this degeneracy,harmful,harmful,0.668024
767,<user> <user> fucking retard,harmful,harmful,0.986126
768,the dirty wee paki that lives beside me came to my house there very upset said racists have been putting threatening letters through his door turns out it was a fiver off soap coupons,harmful,not_harmful,0.174795
769,i love nigger cock adolf hitler,harmful,harmful,0.807311
770,iran our women and children are being raped murdered and stabbed by invading barbarians and we are worried about muh democracy in iran wtf iranprotests,harmful,not_harmful,0.386870
771,superman was written by a kike about his fantasy of smashing fascists kek just fyi,harmful,harmful,0.671796
772,you sound like an annoying boomer faggot,harmful,harmful,0.971541
773,oh snap do not they also have a large muzzie population there,harmful,harmful,0.690315
774,<user> why would anyone watch whigger garbage like this show in the beginning,harmful,not_harmful,0.358961
775,<user> may as well put you to good use <user> this is an example of a muslim catfish study it have fun with it but if you want to cry at me for a few more hrs i suppose that would just say some thing no,not_harmful,not_harmful,0.495737
776,why is nobody here talking about that nigger conyers raping white women on the taxpayer dime,harmful,harmful,0.801950
777,then hoes stole my choreo and still managed to make it look bad and lose with it lmfao,harmful,not_harmful,0.298855
778,thanks to retard attempting poetry nigger rick ross filming his blasphemous and expletive laden video in and around the church of saint evstratios in vourvourou thira greek orthodox now understand what i mean when i state niggers are shit,harmful,harmful,0.954166
779,i agree all shitskins need to be gassed along with their kike puppet masters,harmful,harmful,0.960430
780,i thought the german refugees were because of yet another french invasion of their homeland the vastly more common historical scenario i may have to check the news to confirm,not_harmful,not_harmful,0.066388
781,lock her up indefinitely in cells filled with the mudslime rapefugees she is demanding her father import to the us,harmful,harmful,0.878510
782,i need to calm down and stop being so autistic like honestly im just too retarded wtf im going to try be a calmer person from now on,harmful,harmful,0.546764
783,the heart of blm protest types are nerdy blacks who do not really fit into black or white groups perfectly mad in some sense that they were born in a black body mad that they do not really gel with ghetto blacks either,harmful,harmful,0.742197
784,day <number> today in gym we won a game of mattball cause of my retarded ass,not_harmful,harmful,0.625194
785,animals have hemoglobin and plasma too op bitch,harmful,not_harmful,0.251330
786,the detroit lions revoked a season ticket holder tickets because he said nigger on twitter but they insist their players are allowed to express themselves freely so long as that expression is jew approved i gather the nfl hates you,harmful,not_harmful,0.465943
787,<user> you still here nazi,not_harmful,harmful,0.885606
788,ancient made up european gods and ancient made up kike gods are the exact same thing if you are not worshiping actual god you are worshipping someone else that someone else is satan does not matter if you call him moloch odin or your ancestor spirit different names same being,harmful,harmful,0.571981
789,anyways shit man the rainbow flag represents lesbians better than that pink knock off garbage fire one,harmful,harmful,0.887322
790,i do not see why people go camping if i wanted to freeze my balls off and shit in a bucket i would sleep at my aunt house in the ghetto,harmful,not_harmful,0.374806
791,these yuri boards need to stop the purpose of life is to perpetuate the species two girls cannot reproduce two girls would not make good parents sociologists agree children reared in gay households are more likely to be homosexual all this proves yuri is immoral and wrong it just science,harmful,harmful,0.942516
792,<user> what did the old lady do was she a nazi or white supremacist,not_harmful,not_harmful,0.465943
793,me 🤝 looking like a dyke every day,not_harmful,harmful,0.788056
794,niggas really be tryna keep yu around just to be on some bullshit raggedy bitches,harmful,harmful,0.953415
795,<user> must admit the term “ muzzies ” nags at me bothers me but this guy nevertheless is in need of serious mental adjustment,harmful,harmful,0.913220
796,look all american good solid nw european descended white men women but have balls by your behavior fight club theme i think this is more important than which flag they will twist their photos but see the tiki closeups they still looked solid plausible,not_harmful,not_harmful,0.119682
797,alwayswithyoushehnaaz shehnazianslovemahivij ourheartsidnaaz five hundred seventy one,not_harmful,not_harmful,0.244967
798,<user> i fucking hate you,not_harmful,harmful,0.885606
799,hm 🤔 maybe if i survive my chemo and grow up i could be a lifeguard at a nigger swimming pool 🤔,harmful,harmful,0.722137
800,damn tfw total retard yet micro confirms ur suspicions called this weeks ago feelsgodopan jpg practice cancelled today shits about to get rough,harmful,harmful,0.648850
801,if do not fuck with indie or house music idk your a faggot,harmful,harmful,0.938706
802,i do not understand why we are so overly nice to the elderly they are by far the meanest motherfuckers in the world sure some of them can bake i will give ya that but they also will call you a faggot or give you the finger faster than any other demographic,harmful,harmful,0.904761
803,of all the women coming forward lately to accuse prominent men of sexual harassment or rape this woman has to be the bravest thus far,not_harmful,not_harmful,0.335769
804,radio news report this morning referenced “ law abiding illegal immigrants ” unbelievable you can ’ t make this stuff up journalism is dead,not_harmful,not_harmful,0.474440
805,online nazi haha guys the left can not meme <number> white privilege diversity is our strength race is just skin color the holocaust racist sexist bigot homophobe islamophobe anti semite,harmful,harmful,0.701145
806,i wish this faggot would die already someone send him a pepe strobe gif and cause him to stroke out,harmful,harmful,0.965868
807,i am a nigger rabbi who sells bacon,harmful,harmful,0.880318
808,<user> i love genderfuckery and bonding with other queer folks that do gender differently 🍕,not_harmful,not_harmful,0.053898
809,i can only assume that our govts are corrupted by saudi qatari money and in return have promised to put muslims above every non muslim citizen that the only thing that makes sense which means next ge we have to elect an uncorrupted govt,harmful,not_harmful,0.214806
810,our condolences to your family kelly the nigger needs to be publicly hung make it a short drop so it feels let the thing hang for a day or two to remind the nigger that this is what happens when you harm a white,harmful,harmful,0.966975
811,<user> <user> how can a refugee cross any border illegally asking for people who need help,harmful,not_harmful,0.198051
812,the kike in question is the one in the video yelling at the cops they did not do anything wrong,harmful,harmful,0.580310
813,we lost a young white male to suicide last night if you are hurting talk to someone even a stranger my bros reach out to our youth let them know they matter counteract the anti white vitriol being vomited at them every day,not_harmful,not_harmful,0.179770
814,silent weapons for quiet wars by hartford van dyke adventures in legalland by marc stevens dispatch of merchants by bill avery vacate void judgement by richard cornforth and school ten by gene keating,not_harmful,not_harmful,0.006063
815,i guess i will be like everyone else that gets suspended from twitter and make a new account used my phone number on <number> suspended accounts already so blow me jack you cunt nigger faggot,harmful,harmful,0.936714
816,why do you type like a faggot,harmful,harmful,0.885606
817,unrelated <user> is a faggot,harmful,harmful,0.973806
818,<user> <user> please greece stop killing refugee children,not_harmful,not_harmful,0.320728
819,white supremacy is so mentally poisonous that a victim of it like <user> can dismiss it still irrationally focus on immigrants as a threat,not_harmful,not_harmful,0.335769
820,you are retarded and do not know what reply mean or are a shitty troller suck a bag of nigger dicks faggot,harmful,harmful,0.977822
821,confederate heroes day <date> texas state holiday we do not observe martin lucifer coon day,harmful,not_harmful,0.320728
822,pft this is not news he plays for palestine and gaza and all that shit all the time he a well known muzzie kook like cat stevens,harmful,harmful,0.934662
823,i am tired of niggas acting like carmelo anthony is trash,not_harmful,not_harmful,0.394992
824,<user> take care of it for me a bitch wants to die and has no regard for her own health,harmful,harmful,0.718702
825,match <number> a nigger wins a championship match <number> a nigger wins the battle royal now <number> niggers are singing fuck this whole thing im gonna play gta5 fuck wrestlemania 😡,harmful,harmful,0.917191
826,<user> i fucking hate you for this,not_harmful,harmful,0.898718
827,that charlottesville violence is aweful for years the rightys refrained from violence while the islamic extremists and registered democrats perpetrated it more times than a guy can count on two hands it does not help em that anytime folks tries to assemble the leftys show up to egg people on,not_harmful,not_harmful,0.390923
828,the lion of jewdea starts a orginazition known as the christian resistance and we capture north america,not_harmful,not_harmful,0.382832
829,<user> seems like the liberals an moslem nations do not like prezz trumps r americas agenda at the g20 well then we need <number> walk out of the g20 an tell them lets see how long u last without americas help,not_harmful,harmful,0.679272
830,<user> <user> i am not gay or a sailor fine to that but i do badly want to be the ship queer,not_harmful,not_harmful,0.295293
831,keep laughing faggot while the kikes send the niggers and muzzies and wetbacks to fuck you out of your country your fortune and your dignity,harmful,harmful,0.953415
832,really sick of dudes actin like bitches,harmful,harmful,0.617168
833,🗣 stop crying over that manipulative toxic ass mf and go be a slut,not_harmful,harmful,0.973367
834,trump and the lawless republican party have turned this country into a shithole country with no justice no authority to enforce our laws any longer this potus and mcconnell senate are declaring that they are above our laws but the peasant citizens must obey the laws,not_harmful,harmful,0.686657
835,you have a spic in a spic area he d have had to be the shooter himself almost to get fired a little bit of sexual harassment eyy mamasita joo bee lookin good is nothing to those muds best to deport them all,harmful,harmful,0.954907
836,looks to me like some social activists might have been there fanning the flames well starting the fire then maintaining it whatever happened to law and order most tax payers would not disagree with rubber bullets tear gas and water cannons being deployed on this mixed bag of muzzies and blacks,harmful,harmful,0.735616
837,<user> the privileged white devils are the only race that can not be victims of a hate crime,harmful,harmful,0.629182
838,naacp is not actually for niggers naacp helped abort more nigger babies than any org,harmful,harmful,0.929257
839,then an older nigger wearing an apron dressed like a kitchen staff member and holding a small caliber revolver walks to the front door and locks it and says i am the new kang of charleston,harmful,harmful,0.758174
840,i think it time for another hindu kush only thing the muzzies ever did that was worth a shit was genocide about <number> mil of <user> coethnics i have been in some valleys full of skulls up there beautiful,harmful,harmful,0.796476
841,the government needs to keep inspecting the places that towel heads worship cause they are bad places and whats going on with the cop killer that shot the white un armed woman,harmful,harmful,0.641039
842,<user> shut up faggot 🤬,harmful,harmful,0.986126
843,too bad you are such a retard and you muted me cuz i caught you saying dumbass shit,harmful,harmful,0.914563
844,a good reason why scientists should shut the fuck up when it comes to politics is that they will insist that niggers and arabs are rapey and stupid because of hot weather or lack of water rather than admitting that they have lower iqs and shittier cultures,harmful,harmful,0.917191
845,<number> <user> were marketed under speakfreely <number> the terms changed halfway through year one to restrict speech under 1 a <number> then pressured by kike groups like your wife you silenced political dissidents your argument works while companies can limit 1 a those days are ending wrong side of history,harmful,harmful,0.633152
846,<user> trump does not care about shithole countries,not_harmful,harmful,0.621189
847,no faggot you are anti white for calling white nationalists wignats a retarded anti white term coined by your idol ricky vaughn,harmful,harmful,0.809950
848,plus there a whole modern twist with white racist nationalist terrorists conspiring with forces they do not understand from fear of change from this wave of refugees,not_harmful,not_harmful,0.343419
849,o brien said that the vast majority of the <number> illegal immigrants now in daca have never been interviewed by any representative of the u.s. government either in person on over the phone,not_harmful,not_harmful,0.057484
850,<user> <user> <user> lol no one is supporting bhikharistan except pro muslim countries like turkey malaysia no one gives a fuck about porkistan,not_harmful,harmful,0.725546
851,lol most die from legal drugs not the ones shipped in by the cia nation of obese retarded junkies needs lots of drugs,harmful,harmful,0.928127
852,<user> he a fucking faggy kike oh yeah bill mitchell got it as well he turned on the alt right yesterday as well saying white genocide and jq were conspiracy theories,harmful,harmful,0.859101
853,<user> <user> dawg at my last job all them white boys was married or was before n i always heard my fuckin whore ass wife dude,not_harmful,harmful,0.830071
854,<user> the weird thing is theyre persians who arent white washed and my manager identifies as muslim or whatever when convenient plus the one who made an islamaphobic remarks lives in dubai can you imagine the audacity a whole ass muslim country,not_harmful,harmful,0.889016
855,i cant why do all white kids sound like that omg,not_harmful,not_harmful,0.223563
856,do not call me a nigger i am white,harmful,harmful,0.567801
857,gab lately has gone absolutely full retard i havent seen this level of breakdown since i trolled themeparkreview com into the ground well me and a few other trolls guys you all need to chill,not_harmful,harmful,0.770461
858,the christ cuck sand nigger messiah cries out in pain as he shoots himself in the foot with his sand nigger religion lmao,harmful,harmful,0.904761
859,<user> and the chinaman will eat both,harmful,harmful,0.500000
860,the other kike claimed soros wasn t prosecuted because he was too old bulan kike claims it was because he was too young shoah <number> electric boogaloo will not discriminate by age all are welcome,harmful,not_harmful,0.407282
861,<user> nazis are so stupid they don ’ t realize the symbol they took for them was actually a symbol of buddhism,not_harmful,not_harmful,0.374806
862,so according to kike shapiro <number> out of <number> dead and <number> injured being members of hamas justifies everything,harmful,harmful,0.588594
863,nigga xan said niggas turn lil nas faggots 😂 😂 😂 😂 😂,not_harmful,harmful,0.850639
864,people think white nationalists want war and to exterminate others when in reality all we want is separation,not_harmful,not_harmful,0.088141
865,<user> where the fuck are your socks white boy,not_harmful,harmful,0.872943
866,you can sleep safe at night knowing these wonderful ladies at nato are defending you from moslem terrorist,harmful,harmful,0.605008
867,if i think he thottin ima do it first i am gon call my side bitch we gon do the work 🥴,harmful,harmful,0.660416
868,nigger lovin fgt,harmful,harmful,0.957059
869,nasa missed the perfect chance to send a man and women to the moon to have <number> sixty nine in <number>,not_harmful,not_harmful,0.158237
870,<user> <user> the mistake was that the dinosaurs did not kill all humans,not_harmful,not_harmful,0.038294
871,sick commie but who elected her they are fucking genetic fails too much nigger genes wipe out island seed with asians collect bumper tax revenues,harmful,harmful,0.959777
872,billionaire cool still a fucking nigger,harmful,harmful,0.951088
873,the french government position is that france is made stronger by the immigrants it is bribing to leave porter,not_harmful,not_harmful,0.220616
874,and was marred by reported irregularities including ballot box stuffing and intimidation of opposition polling agents and voters during the campaign leading up to the election there were credible reports of harassment intimidation arbitrary arrests and violence that made,not_harmful,harmful,0.641039
875,<user> fucking faggot,harmful,harmful,0.990262
876,um why does she have her aclu red panties on her head is that a sharia law thing or just ugly mussie women trying to attract men for sex can sorta see why mussie men chasing goats <happy>,harmful,harmful,0.782303
877,you all bitches always posting some faggot ass shit smfh,harmful,harmful,0.977822
878,<user> <user> what a vile islamist you have become shame,not_harmful,harmful,0.928127
879,standup purity spiraled iself into a singer songwriter ghetto so that talented performers like a bob hope are not considered real comedians cause they paid other ppl to write jokes for them,not_harmful,not_harmful,0.288245
880,a long video say crappy things incesitive violence to those that disagree with and believes their arguments are for the sake of justice wow i did not realize this sooner,not_harmful,harmful,0.508527
881,o pleez god hates queers both 0 bamas are male both have a penis the mooch is a hideous anti america phony nothin to do with skin color hope mooch is jealous of our beautiful lady melania,harmful,harmful,0.885606
882,longest war $$ $$ in american history a few stinkin thousand muzzies we can not wipe out gen smedley butler war i a racket but make sure you cough up your tax for this bullshit farce or they throw you in jail,harmful,harmful,0.773463
883,<user> <user> racist scum who is also a threat to innocent citizens are embraced by deblasio horrible my prayers to this woman white black green yellow people should not go unchecked with this random violence hate,not_harmful,harmful,0.722137
884,you are a anti white non white basterdised cultural marxist psychopath no name brand we are white pedigree and dont need fups like yourself in the white race we dont want you there is no place for you in a white society please kill yourself and i am not your friend nigger,harmful,harmful,0.986585
885,wow you just admitted to wanting the homo sex eww the trolls on gab are retarded as hell maybe as technology improves so will the faggotry jeff mute this nigga mute,harmful,harmful,0.949477
886,the tsarnaev brothers remember them sorry you may know them by another title bostonbombers shocking they were also called refugees what are the odds that islamic muslim refugees commit terrorism on the people and country they are taught to hate gabfam maga americafirst islam,harmful,harmful,0.711755
887,every time discord is slow i think about all the monkey brain retards with nitro fuck you,harmful,harmful,0.937717
888,my paki muslim neighbour just got a job as a traffic warden i said what wrong mate were you unhappy that people did not hate you enough,harmful,not_harmful,0.415542
889,laura loomer raped me while screaming at me in her disgusting kike language and said we must exterminate the goyim laura loomer loomergate,harmful,harmful,0.839478
890,<user> 😂 mary my dear you can not kill yourself come back let us finish ourselves at ojuelegba,not_harmful,not_harmful,0.403172
891,liberals call potus trump supporters white supremacists nazis and coons but whine because he calls fat boy in nk rocket man ❄ hypocrites 😂,harmful,harmful,0.512789
892,ok not only did i report that spic to ✝️ president trump 🇺 🇸 i sent a warning for him to make sure the ice deportation team that he sends has far sighted agents go get her since she such an ugly spic facially,harmful,harmful,0.913220
893,loll calling me a zhid and pedophile when i am neither,not_harmful,harmful,0.922227
894,facetuning yourself and not the bitch next to you in the photograph is a fucking hate crime,harmful,harmful,0.885606
895,so boring that this janitor has me blocked someone call this porch monkey to clean my mf toilet,harmful,harmful,0.930370
896,maybe the muzzies and the trannies will step up if need be,harmful,not_harmful,0.366848
897,i wonder how many of those living in the ghetto now drinking leadened water and under constant threat of gang violence long for a secure bed and meals on the plantation,harmful,not_harmful,0.415542
898,damn dykes be looking scrumptious,harmful,harmful,0.885606
899,<user> begone ching chong,harmful,harmful,0.959113
900,<user> <user> i can lmao theater meets ghetto i will snap them in a second,not_harmful,harmful,0.600926
901,shout out to whoever invented hot sauce,not_harmful,not_harmful,0.017846
902,i hate saying nigga around my white friends but sometimes you niggers be out coonin and a cmon my nigga will slip out every now and again,not_harmful,harmful,0.883866
903,lol of coursh coz it normal to believe in perverted kike holoporn right fuck off faggot,harmful,harmful,0.975491
904,duty • honor • moslem country,not_harmful,not_harmful,0.042246
905,<user> where were you hypocrites ur democracy human rights etc etc when kashmiri hindus were being butchered looted raped forced to flee their homeland n become refugees in their own motherland,not_harmful,not_harmful,0.491473
906,catholic leaders don ’ t forget refugees during pandemic via <user>,not_harmful,not_harmful,0.021811
907,<user> you forgot to mention illegal muslim refugee,harmful,not_harmful,0.136820
908,arabs can barely build guided rockets,harmful,not_harmful,0.399074
909,so it a desert kike instead of a european one that wrote it duh it does not matter they are all jews,harmful,harmful,0.944336
910,bill deblasio d ny told cnn jake tapper that it is ok to shield undocumented immigrants who drive drunk from federal authorities if it does not lead to any other negative outcome,not_harmful,not_harmful,0.090921
911,definition of white privilege,not_harmful,not_harmful,0.034132
912,😂 altright is a joke and they dare to make fun of conservatives ha good luck killing eachother trying to be the top nazi ya bunch a retards 😂,harmful,harmful,0.920995
913,if a pic can be shown send in the drone the cancer of islam needs to be eradicated not enabled ww2 vets are rolling in their graves,harmful,harmful,0.863180
914,oh this is getting niggerish,harmful,harmful,0.935696
915,and what does that make you a hearsay peddling moron what is a kike anyway what label may i place upon your genius how about peasant,harmful,harmful,0.978189
916,“ i don ’ t have to respect women i ’ m gay ” kevin,harmful,harmful,0.648850
917,<user> i dont like that ur not gay,not_harmful,harmful,0.609077
918,why the second greatest film ever produced after nigger kitty,harmful,harmful,0.629182
919,<user> i thought you were like a sophomore help,not_harmful,not_harmful,0.074182
920,<user> <user> a camel jockey midde east watering station,not_harmful,not_harmful,0.190050
921,<user> i fucking hate that man legit,not_harmful,not_harmful,0.317024
922,i have to go to court for not having an off campus pass ghetto 😣,not_harmful,not_harmful,0.378811
923,best live topic i have seen on gab check out this fucking mongrel having to raise this is a worse toll than mudshark glasses,harmful,harmful,0.932548
924,someone told me about a good queer shop in old city but i dont remember the name <sad>,not_harmful,not_harmful,0.005117
925,excuse me oh no i wasn t born into incest that was birthed out of the anus of a wunder you will have to take that up with that fat ginger state goobering retard lol,harmful,harmful,0.934662
926,<user> <user> <user> <user> <user> <user> however for ados to now target black immigrants and distance themselves from the african entire damn content has been raped and pillaged struggle be it slavery or colonialism is disingenuous,not_harmful,not_harmful,0.491473
927,an interesting sentiment but only a sentiment nonetheless trump has emboldened the grip israel has on america he has largely overlooked the jew owned federal reserve and given free reign to kike bank goldman sachs both of whom were fined billions for crashing the global economy in <number> <number> maga,harmful,harmful,0.748670
928,man said dark skins should be raped and we should accept his apology because he apologised before brudda u should be kweffed,not_harmful,harmful,0.848460
929,ahaahaha towel heads are too fucking stupid i will admit jews can be smart because no dummy can be this manipulative to convince people like you to support their asses even though they are responsible for the demise of western culture although they have not done much else,harmful,harmful,0.942516
930,rey walk to the gas station since everybody acting like bitches,not_harmful,harmful,0.652725
931,it probably does not since faggot kennedy limited the ruling to just that one baker and just to be pushing back against anti christian statements by the state regulators the one time kennedy was ready to do the right thing roberts was there to overrule him obamacare,harmful,not_harmful,0.281298
932,peter kopteros peter kopteros <number> hours ago i sure hope that nappy headed lowlife never gets to play professional football ever again unless it in the ghetto they grew up in lol ﻿,harmful,harmful,0.926981
933,muzzies are goathumpers and wifebeaters fuck every muzzie and the religion of piss i d be happy if we nuked every muzzie country off the map,harmful,harmful,0.970091
934,you can get motion sensor driveway alarms on amazon pretty cheap i have laid out a perimeter around my house with them in case the dogs are sleeping when some unlucky assclown moslem finally figures out my address <wink>,harmful,harmful,0.822731
935,imagine if i i mean my friend does start liking this person right after rejecting them what a typical dyke move that would be 😃,not_harmful,harmful,0.854922
936,yep and who pushed the civil rights thing which made niggers far worse you got it the joos they are worse than niggers ever thought about being,harmful,harmful,0.848460
937,solo que soy de derecha a l <percent> el virus kike no va con jesús,harmful,harmful,0.735616
938,no excuse for us not to offer refugee status to white refugees in south africa,not_harmful,not_harmful,0.162834
939,no guys this based chinaman billionaire is going to make america great again,not_harmful,not_harmful,0.478694
940,welp tinder was exactly what i expected <percent> ugly fat chicks <percent> duckfaced instagram models fishing for likes <percent> prog dykes uninstall,harmful,harmful,0.965868
941,just remembered that renee is a lesbian the dykes won this one,not_harmful,harmful,0.917191
942,well the weasel and who is carrying water for the biggest liar in our country history obama is about to get his ass set on fire and the ex coon and moslem commander is going down too releasethememo is finally here,harmful,harmful,0.907659
943,notice in europe they started with women and children same with those crossing our borders in pics of europe all young adult men daca <number> to <number> not children its a replacement plan,not_harmful,not_harmful,0.399074
944,<user> <user> but you said you like guys that what gays do,harmful,not_harmful,0.264384
945,ind wv saw south africa women won the toss and decided to bowl first,not_harmful,not_harmful,0.014109
946,all people deserve to believe in their heritage the line is crossed with violence and destruction for the only moral reason for govt to exist is the protection of rights property and person no more demonization,not_harmful,not_harmful,0.070743
947,you know those women you see around that have that trailer trash made up look with the bad eye makeup messy bun padded bra and super skinny meth body yeah they are probably meth addicts — author unknown,harmful,harmful,0.788056
948,cause why beg when it niggas out here begging me,not_harmful,harmful,0.512789
949,gab went down for <number> seconds the instant i called out fuentes for being a spic again sorry guys,harmful,harmful,0.799227
950,<user> ‍ just listening to the latest radical agenda and was interested to listen to that one caller who said that we have an online ethnostate it seems more like an online ghetto to me but as they say you say tomato i pronounce it properly,not_harmful,not_harmful,0.093780
951,thigh high black boots burberry all day bitches,not_harmful,not_harmful,0.432200
952,fuck off retard,harmful,harmful,0.988276
953,i can just see it it is the division but i do not see why there must be a connection forced i do not feel connected to american women and i know majority of men do not we all either gonna wind up happily alone or married to non westernized women,not_harmful,not_harmful,0.257803
954,hey how about you go be a kike somewhere else schlomo sound good,harmful,harmful,0.970091
955,did you offa to say which dyke it was btw british history offa dyke <happy>,harmful,harmful,0.841763
956,<user> nah let me translate when one of us fucks up we are all ready to tweak the laws so all white asses can be covered from now on,not_harmful,harmful,0.708243
957,<user> when whites and asians have children the kid still comes out white black men are the exact opposite the antithesis to white men,not_harmful,harmful,0.512789
958,<user> sweetheart this is beautiful i wanna be part of cool asians so bad 🥺,not_harmful,not_harmful,0.362895
959,breaking911 ‏ verified account <user> 2 4 h24 hours ago more flashback video michigan democrat rep john conyers allegedly reading playboy magazine on a packed airplane in <number> allegations of sexual harassment have surfaced tonight,not_harmful,not_harmful,0.339584
960,<user> nigga fucking called me a faggot when i said these things to him,not_harmful,harmful,0.738920
961,if the greeks from <number> years ago could see the olympics now they d throw up it all about more msm promotion of gays blacks and those who hate whitey back then it was a statement of see do not mess with my country we will f you up,harmful,harmful,0.893965
962,split her like a twix smoking on zkittles high as a bitch,not_harmful,harmful,0.722137
963,<user> like i have been saying for awhile now that soon the left ideology will lock horns with the islamic one total shit show,harmful,harmful,0.546764
964,q why did the bulldykes beat the faggots in a <number> mile run a because the dykes went lick ity split but the fags had to pack their shit,harmful,harmful,0.887322
965,squadron leader gibson raf won a vc on the dam buster raid he had a labrador called nigger they told us not to call them that anymore so we called them gibson dog or gibson for short,harmful,harmful,0.701145
966,<user> we dont have the ability to process refugees because of the flood of illegal immigrants,not_harmful,not_harmful,0.394992
967,<user> you do not consider anything presented to you as evidence let alone irrefutable evidence you just continue to diagree you shifted this argument from the jews pushing the muslims in to the holocaust to af diary you can not win so you shift are you black or a woman,harmful,not_harmful,0.382832
968,star wars is so gay,not_harmful,harmful,0.911859
969,<user> whitebreads have no taste says wholewheat 1 st gen immigrant currently residing in the corporate capital of the world,harmful,not_harmful,0.295293
970,<user> god speed to whoever has to interview him,not_harmful,not_harmful,0.277863
971,is this why kale is popular now because it clears out your shit shaft i did not know it was queer food,harmful,harmful,0.571981
972,precinct and campaign meetings will confirm that it is only whites who hold any ideals about government non whites want free govt cheese and jews are crazy for power,harmful,harmful,0.882104
973,so that is why mom brother who works in google a pakistani born married a local american women divorced her got married to a rich paki doctor wow ye concept hy phir they shifted to us great,not_harmful,not_harmful,0.086780
974,taserface ahahahahahahahahahahahaha almost as hilarious as having a nigger for president amirite,harmful,harmful,0.968571
975,<user> funny guy,not_harmful,not_harmful,0.015090
976,<user> cuz it is upsetting all of my muzzie friends fam,harmful,harmful,0.534057
977,women be so aggressive when they are horny,not_harmful,harmful,0.525560
978,some faggot reported my avi on twitter the same as i have here i wish the main people i follow on twitter were on gab so i could abandon that shitty site,harmful,harmful,0.621189
979,egad my home is being invaded by black ants i wonder if this is some sort of cosmic symbolism for the third world immigrant invasion probably not i have not heard of any mexicans getting crushed by the thumb of damocles,harmful,harmful,0.656581
980,you alt lite queers need to pick a side pro white or anti white race mixers and thot defenders deserve the rope,harmful,harmful,0.932548
981,amy loves to guzzle down nigger cum,harmful,harmful,0.761287
982,<user> chile the ghetto 💀 💀 💀 they mustve stole it coz they hate u i,harmful,harmful,0.671796
983,no such thing as lesbophobia you dumb ass dykes,harmful,harmful,0.975491
984,when i say i only like seven <number> men i mean i only love seven <number> men bc im fucking gay,not_harmful,not_harmful,0.465943
985,mfs really be cheatin on u w bitches who look up to u amp dat copy errything u do post,not_harmful,harmful,0.751866
986,<user> just saw a sad older couple with <number> mulatto grandkids at the store you know they are taking care of their degenerate mudshark daughter spawn sad,harmful,harmful,0.911859
987,<user> lol what a stupid gook,harmful,harmful,0.981235
988,i am gonna go now but i will be back later we are just getting started you and i better rummage through your closet and find your dancing shoes bitch boy we are not done by a long shot,harmful,harmful,0.929257
989,teen choice blackpink choice international artist <user>,not_harmful,not_harmful,0.081523
990,i hate to say that liberal dictators are inevitable in any government in any country they will always have george soros funding and a islamic immigrant invasion to help physically kill white people religions indoctrinating kids because this is a switch of population while globalists are living,harmful,harmful,0.830071
991,come on faggot you can do better than that why do not you come at me with scholarly sources scratch that you raggedy ass faggots would not know a reputable source or scholars for that matter if it fucked you in the ass get thee behind me faggot,harmful,harmful,0.966975
992,brian ross suspension people lost money sorry but ziltch any sympathy those retarded enough to panic sell off shoudln t invest if they panicked over that they d ve lost it all later anyhow armaggedons can really occur but not everything armaggedon either concern but not actionable panic,not_harmful,not_harmful,0.407282
993,for fuck sake when is the western governments going to stop giving these retarded hostile muslims perpetual aid,harmful,harmful,0.885606
994,i am part potato nigger so i am not welcome here anymore i have to go back,harmful,harmful,0.895571
995,paying my own bills so ghetto 🥴,not_harmful,not_harmful,0.347275
996,saudi arabia is about <number> afro arab these are the original african arabs who were out of african migrants from the earliest days of human kind into arabia and stayed there and are indeed a black people saracens original arabs original berbers and semites are dark african peoples you know this,not_harmful,not_harmful,0.382832
997,<user> shit crazy i go from unsaving the niggers number to putting it right back as baby i be doin too much lol,not_harmful,harmful,0.728929
998,we take mosque hit and runs very seriously but if you are a muslim migrant and plow into a load of pedestrians we will do our best to rule it an accident,harmful,harmful,0.609077
999,i hate arabs why they said we all are working in macdonalds عمال_ماك,harmful,harmful,0.550987
1000,rt usahotlips i never thought i would see the day when liberals would have so much contempt for one man their country that they would actually cheer for defend ms <number> north korea iran illegal immigrants deep state thursdaythought maga tds,harmful,not_harmful,0.403172
1001,<user> my homie <user> hired the soup nazi to wish me a happy birthday on cameo can you invent a frame for videos pls,not_harmful,not_harmful,0.084114
1002,<user> u negroes never take your destiny into your own hands and just keep waiting for others to change your lot in life,harmful,harmful,0.937717
1003,cassie pregnant all the twitter niggas mad about it lmao you all niggas weirdos,not_harmful,harmful,0.867159
1004,fuck facebook staff and their muscum loving scum trash subhumans can you believe they disabled my account for <number> days for stating muslims lie and deceive <percent> of the time are they fucking serious i guess the truth really hurts fuck islam and all piss dinking goat fucking sand monkeys,harmful,harmful,0.967516
1005,yeah i know but this is one part of the whole picture and for faggots that keep harping on about elections as if it our whole point of the movement,harmful,harmful,0.820230
1006,harvey how many babied did you kill today were they all nigger babies,harmful,harmful,0.926981
1007,a b testing is a bitch when you can not find a delete button <user>,harmful,not_harmful,0.309685
1008,amber guyer ass better get the maximum sentence but ik her white ass bout to skate i can feel it in my spirit 😒,not_harmful,harmful,0.874822
1009,refugees will always feel threatened here in the us until they reject terrorists turn in the monsters in their communities adopt and support american laws and our constitution in other words assimilate until then refugees will feel threatened and rightly so their choice,harmful,harmful,0.580310
1010,<user> true but no one gives a fuck about other activists of color not that i care much about it tbh im not too invested into this climate change stuff but just bc she white and retarded she gets the spotlight,not_harmful,harmful,0.939680
1011,jews have not and will never be white anybody who suggests otherwise is either a kike or a race traitor and deserves a gassing,harmful,harmful,0.987668
1012,twitter is agaisnt all non muslim holidays,not_harmful,not_harmful,0.291757
1013,how can you get rid of one nigger and replace it with another nigger x and y was much better no nigero in sight,harmful,harmful,0.832462
1014,my light skin joint got a white boy now i am not type to fight that back but if she ever come around imma widen that gap another bar from <user>,not_harmful,harmful,0.529812
1015,women love tellin she ’ half amp half i ’ ll tell you who is tho 😂 😭 😂 😭 😂,harmful,not_harmful,0.378811
1016,<user> <user> like nigga care,not_harmful,harmful,0.675545
1017,1 0 th floor maybe wow cnn with the fakenews the body count is going to be waay bad too but we can all go home now they have the white ar <number> toting suicide shooter with huge drum mags dead on the 3 2 nd floor,harmful,not_harmful,0.491473
1018,that niggah do not do nothing but make you cry girl you dating a onion,not_harmful,harmful,0.817702
1019,<user> yeah i ’ m fwy don ’ t do that ghetto ass shit,not_harmful,harmful,0.732286
1020,<user> big head and being a faggot in the front row,harmful,harmful,0.939680
1021,loved 7 0 comedy you could say nigga paki and be lazy and chase women with big bristols and john and larry were the brighton element,harmful,harmful,0.567801
1022,<user> same we should just kill all the da ron of the world,not_harmful,harmful,0.929257
1023,that creature on the left she won the ghetto lottery with that one my goodness talk about lucking out maybe she his second wife hence the wedding dress if that the case please do not breed honey please please please,harmful,harmful,0.517049
1024,there so much community in the ghetto tho 😭 💗,not_harmful,not_harmful,0.187438
1025,should illegal aliens be counted in the us census,not_harmful,not_harmful,0.048124
1026,i ’ ll turn a dyke into a bike,harmful,harmful,0.751866
1027,in the antebellum u.s. a white person just sold a black person grandchild,not_harmful,not_harmful,0.355047
1028,<user> lmao 😂 eses charged me under <money> fuck them white folk lmao,harmful,harmful,0.812562
1029,being lorded over by squatamalens and negresses is okay as long as they are from middle america,harmful,harmful,0.715241
1030,yes moar fat sheboons telling us all what to do did not we get enough of this from <number> yrs of oprah,harmful,not_harmful,0.491473
1031,true life i have been randomly saying i do not fw you niggers i own the clippers for <number> days now,harmful,harmful,0.817702
1032,as for jews revenge is the only answer i blame modern christianity for this cuck mentality turn the other cheek must end the jews have flooded our countries with invaders to rape our daughters our people used to live for conquer and revenge its time to rekindle the fire <number>,harmful,harmful,0.944336
1033,considering many europeans have now been raped and killed horriby by islamic hoardes i wonder what the media reaction when the backlash comes it is bound to happen no doubt they will condemn it as a white nazi hate crime and come down hard on anyone critical of islam banislam,harmful,harmful,0.801950
1034,once racemixing became alluring purely because about <number> of japanese women are not sluts white nationalism became seriously dis alluring i hear <number> of rural russian women are not sluts though so that makes me a russian nationalist woohoo,harmful,not_harmful,0.453236
1035,the german regime is more scared of women like this than than are of any moslem terrorist,harmful,harmful,0.576151
1036,seems the london muzzies get a taste of their own medicine finsbury park,harmful,harmful,0.588594
1037,dont like capitalism want socialism want national socialism also known as socialism for whites only got to africa jews have imposed socialism for blacks only there and if someone tries to open a business he gets shot by the jews,harmful,harmful,0.790890
1038,now nik omar is da man perfect timing awesome strategy tetiba semua orang suka religious man atheist pon mungkin masuk islam nanti,not_harmful,not_harmful,0.066388
1039,<user> this is an uninformed post regarding the lesbian comment there is absolutely no evidence that michael moore likes women,harmful,not_harmful,0.042941
1040,that is fine i fully support that feminism is about choice that women can do and be whoever they want to be without being held back or judged because of their gender both many feminists and many anti feminists seem to fuck that part up,not_harmful,not_harmful,0.211944
1041,actually trapsoul is still that nigga still still,not_harmful,harmful,0.588594
1042,honestly the only woman i would not ever date is a solid black woman hispanics are aye okay asians are qu3 <number> i do not have yellow fever anymore but white girls can be crazy ass folk indian and arab women maybe but they gotta be shaved no negotiating that shit,harmful,harmful,0.883866
1043,jeb bush america is a nation of immigrants with no ethnic identity here the immigration act of <number>,not_harmful,not_harmful,0.206303
1044,babbitt and deyo a gay couple engaged in ongoing sexual contact with eight underage boys over several years and then killed themselves when discovered breitbart,not_harmful,harmful,0.664231
1045,i know sum bitch made ass niggas man 🤦 🏾 ‍ ♂️ 🤦 🏾 ‍ ♂️ 🤦 🏾 ‍ ♂️,not_harmful,harmful,0.550987
1046,filthy kike matt drudge throws in his two sheckels,harmful,harmful,0.960430
1047,keywords downvote copy pasted faggot link andrew torba muting retarded ass fuck off,harmful,harmful,0.930370
1048,his english periscope was awful apparently his chinese one was much better and had 1 6 m watching i do not speak gookanese though so be funny to see how this plays out with chink whales putting stops every <number>,harmful,harmful,0.848460
1049,the alt right is celebrating because the god emperor called a bunch of nigger countries shitholes and that makes up for having a cabinet staffed by globalist kikes and neocons trump not even knowing his own immigration policies how easily distracted you are by cheap gimmicks,harmful,harmful,0.907659
1050,<number> year old black man charged with raping a <number> year old child in al it no secret why the black man loves islam because that moo haamed guy tells me i gots to gets me a <number> year old maga <user> <user>,harmful,not_harmful,0.370818
1051,<user> <user> if you are black hispanic gay or lesbian or democrat it all good nothing you do can be construed as a crime however if you are white or republican you can get the death penalty for a parking ticket,not_harmful,harmful,0.863180
1052,meet the british nigger bitch princess criminal trash family 🤣,harmful,harmful,0.958439
1053,giving dis hoe back to da streets,harmful,not_harmful,0.465943
1054,fucking slant retard,harmful,harmful,0.972469
1055,in all of us there lies two wolves a dark wolf and a white wolf the native american says the one you feed is the one that grows odin says feed them both grow them strong and unleash the one that suits the situation,not_harmful,not_harmful,0.007062
1056,the next person that fucks me over family friend whoever gone feel me ‼️,harmful,harmful,0.584458
1057,i been a bad bitch,not_harmful,not_harmful,0.478694
1058,keft wing nazi <number> life,not_harmful,harmful,0.617168
1059,hopefully he gets rid of the faggots and dykes next,harmful,harmful,0.952651
1060,i m glad ds is back on dailystormer top and no kike will ever hold our movement down,harmful,harmful,0.887322
1061,<user> it ’ mind poison islam,harmful,not_harmful,0.436390
1062,bonus points if she says people are gay fanny and she replies with happy,not_harmful,not_harmful,0.158237
1063,i am seething i fucking hate this shit so much it un fucking real haha separate art from artist bitch funding transphobe is good apparently lmao go eat shit,not_harmful,harmful,0.935696
1064,so now in nyc you get a 2 5 0 k fine for saying illegal alien the official term for a foreign national living in a country without authorization but get over the use of the word nigger niggers tuesday thoughts,harmful,harmful,0.790890
1065,i am a retarded fucking jew,harmful,harmful,0.963547
1066,how about i fire a lime off ya head you filthy paki bastard,harmful,harmful,0.972009
1067,people who ship kylorey just wanna justify their own relationship with their nazi boyfriend,harmful,harmful,0.538298
1068,we are talking about people dick not m ms and the same can apply for white men should we ban white men or ban them from buying guns,harmful,not_harmful,0.440590
1069,you are going to heaven furry faggot jk hell for you,harmful,harmful,0.982742
1070,i hate that wailing muzrat shit,harmful,harmful,0.946102
1071,people on twitter are retarded lol that squad is never getting a result against that bayern team but yes it ’ lampard ’ fault,harmful,harmful,0.534057
1072,i fucking hate my uncle its so hard to enjoy my buckeyes when all he does is insult my buckeyes and thier amazing head coach,not_harmful,harmful,0.686657
1073,france problems are not going to fix themselves and this attack was just the tip of the iceberg uncontrolled immigration has been an ongoing issue in france for over a decade the only longstanding solution would be to deport every last moslem back to their home countries mega,harmful,harmful,0.965868
1074,how could we ever lose the narrative with these borderline mental retard nazi on our side,harmful,harmful,0.718702
1075,developers buying houses and dwelling buildings and leaving them unoccupied to make the neighborhood appear abandoned – like a ghetto or a slum such practices can be described as psychological manipulation that usually frightened the remaining white residents into selling at a loss,not_harmful,not_harmful,0.491473
1076,kashmir lockdown should stay for <number> years just like kashmir pundits stayed refugee for <number> years that would be a perfect poetic justice,not_harmful,harmful,0.559410
1077,plutonium is so ass it just a bunch of retards killing last <number> seconds into the game,not_harmful,harmful,0.790890
1078,the atma contained in me used to occupy the body of oskar schindler there are nine thousand schindler jews who are only going to procreate i will not go near jews or israel until it aspires to or manifests a level of love prevalent at camp echo lake,not_harmful,harmful,0.671796
1079,illegal aliens should just be called enemy combatants they have killed more americans than the sand niggers have in all of our wars over there daca,harmful,harmful,0.932548
1080,they never fighting outside my apartment wow the fucking ghetto,harmful,not_harmful,0.495737
1081,everybody say dyke keep it goin,not_harmful,harmful,0.872943
1082,protesters bcome rioters min violence starts all should be arrested prosecuted of course these fucking cops are not going <number> do shit as usual per orders i understand states make own laws but police should be under federal control so politicians can not stymie <number> agenda,not_harmful,not_harmful,0.378811
1083,lmfao the passenger in they car is trying to file another claim in they neck and back 😭 😭 😭 😭 u niggers are so predictable make me sick,harmful,harmful,0.966426
1084,anytime bro rekt the kike christ cuck fuckers shits about to get real,harmful,harmful,0.957754
1085,as the zionist controlled tech industry marginalises the voice of white interests i have applied for refugee status at gab first they came for dailystormer then they came for stormfront next they came for cuckservatives moral is stop punching right as you will be next,not_harmful,not_harmful,0.432200
1086,<user> turkish immigrants in germany did invent that wonderful post pub delicacy the döner kebab so that drunk people could eat shwarma whilst stumbling home i can not imagine that mo or al would be one bit happy with their entrepreneurial spirit unleashed by wonderful western freedom,not_harmful,not_harmful,0.351150
1087,yah christian island republic shall not have queers or witches on it if we find any death,harmful,harmful,0.889016
1088,<user> every time i go to budapest it more sad more homeless more racist posters demeaning refugees last time i saw tents in the park,not_harmful,harmful,0.584458
1089,<user> then you are retarded which is kinda true,not_harmful,harmful,0.951088
1090,tfw how the daily stormer protects a spic like he some kind of god,harmful,harmful,0.644953
1091,<user> i am delighted peter sweden is as retarded as his twitter career suggests it ’ all very quaint and comfortable,harmful,harmful,0.872943
1092,<user> <user> stupid sand niggers,harmful,harmful,0.971066
1093,fucking idiot dont believe anything you see they stole the white child imbasill you are retarded,harmful,harmful,0.948652
1094,i do i do i love retarded conspiracies lol so damn fun,harmful,not_harmful,0.474440
1095,remember when subscribing to a youtube channel meant you got their videos in your sub feed now you have to click this retarded bell or else youtube will curate videos out of your sub feed without your permission,not_harmful,not_harmful,0.214806
1096,regression is a bitch i haven ’ t been this angry in a long time,not_harmful,not_harmful,0.309685
1097,<user> it a refugees fault for ↔ sucking up all the oxygen ↔ thus my issues get ignored or minimized ↕ citizens before regugees ↕,harmful,harmful,0.735616
1098,all you so called jewish people and asians you actually white supremes,harmful,harmful,0.904761
1099,and to pour more gasoline on the fire now they are cracking down hard on internet hate speech which is arbitrary and capricious whenever a sand nigger bitches some poor brit going to jail and these muslim parasites have bitching down to an artform helmets people helmets,harmful,harmful,0.906220
1100,you promote articles by fat dyke pipe fitters that a fantasy,harmful,not_harmful,0.444797
1101,knock off a cracker for callin me towelhead,harmful,harmful,0.664231
1102,<user> forgot to tell you my favorite food is italian food do you make canoles it sad what happening over there with the refugees,not_harmful,not_harmful,0.051347
1103,niggers in tulsa on video saying fuck the police after a wild nigger mentally ill was killed by cops we do not want or need niggers in america quit using <number> niggers call black lives matter instead of <number> better yet leave america now you worthless pieces of shit,harmful,harmful,0.972469
1104,<user> they say we all siberian immigrants and that theyre the real natives mess lol,not_harmful,not_harmful,0.328205
1105,spread you bitches like a butter knife,harmful,harmful,0.861153
1106,<user> they will get arrested if cause violence,not_harmful,not_harmful,0.257803
1107,imagine them telling hobi what does his name means in arabic then when seokjin asking what does his mean bruh 😭 ✋,not_harmful,not_harmful,0.370818
1108,people should not apologize criminal gov must in this case this merchant yid whore who lies she is a queen while does not have even a drop of royal blood,harmful,harmful,0.914563
1109,<user> do not you e girls have some way of contacting one another to make sure you do not get raped murdered beheaded,not_harmful,not_harmful,0.390923
1110,ion wanna hear no more stripper slander now you all see why we still in business 💀 😂 😂 niggas be overly horny and green easiest ones to dictate,not_harmful,harmful,0.690315
1111,david a clarke jr ‏ verified account <user> 1 h1 hour ago where was the visceral reaction toward cam newton by the left when bill maher referred to himself as a house nigger on live tv they laughed,not_harmful,not_harmful,0.317024
1112,<user> the illiterates immigrants and fkn mongs must not forget what they are,harmful,harmful,0.969593
1113,how is all that awesome muslim diversity going for you native germans you have allowed this yourselves if you do not stand and fight against this you get what you asked for what you deserve,harmful,harmful,0.770461
1114,where is the investigation on who gave that lying muzrat traitor a top secret clearance,harmful,not_harmful,0.449013
1115,i really think airpods are overrated tried some and there was no bass in them hoes 💀,not_harmful,harmful,0.776437
1116,it was better off when apartheid existed now its a nigger shithole niggers are killing whites get out or stay away,harmful,harmful,0.988854
1117,i mean i get that race exists but the qualifications are weird like we have caucasians that do not live in europe yet according to white supremacists here in the usa they are not classified as white,not_harmful,not_harmful,0.098220
1118,nazi assholes <number> good republican <number> joke antifa hezbollah sandniggers10 little bitch mellenial <number> stupid democrats that just veiw cause scard <number> lmfao stupid dems open there mouths <number> only few have balls lmfao,harmful,harmful,0.941585
1119,<user> oh yeah that too before twitter and before <number> months ago i only knew one lesbian couple that it all my friends were cishet white suburban guys,not_harmful,not_harmful,0.029417
1120,hating beaners is so easy,harmful,harmful,0.861153
1121,<user> reminds me of the god less spell checker guy demanding the deplatforming of some muslim fundies off bbc nightline some years ago only to then be free speech absolutest when it comes to white nationalists going on national tv they are full of hypocrisies,not_harmful,not_harmful,0.347275
1122,<user> <user> <user> and you can be racist to everyone by basically saying all white people are racist because of their skin colour is racist itself you need to stop and think,not_harmful,not_harmful,0.324455
1123,the harassment of britain first continues they deserve your support,not_harmful,not_harmful,0.264384
1124,i love relationships and i love love 🥰 can ’ t believe i ’ m single this v day how ghetto,not_harmful,not_harmful,0.187438
1125,<user> hey joo phebus you have still never explained your ties to jew lawyers and liberal actvists like diversity law group all you had to do is explain but you refuse but you demand others explain things to you you are such a textbook heeb operative just poorly trained,harmful,harmful,0.822731
1126,<user> white people stole the land so you ’ re an immigrant,not_harmful,harmful,0.504263
1127,<user> <user> it is terrible that approximately <number> to <number> hundred thousand people died in the holocaust from typhus and starvation mostly,not_harmful,not_harmful,0.086780
1128,these guys r more interested in placating a mob than in free speech <user> kessler <number> c ville city council he stood up <number> white people called the shouters the anti white kk <happy> city council mbr he close <number> hate speech scattered sheboon outbursts w heavy ebonics downpour thru out,harmful,not_harmful,0.474440
1129,<user> given that he <percent> of the globalists top <percent> are kikescum and that the dictatorship ruling over americans is largely comprised of jewfilth perverts and criminals pace wikileaks and that the most powerful banking factions are mostly ratfaced yids,harmful,harmful,0.925818
1130,<user> <user> <user> <user> <user> iraqi refugees were forced to flee and started waiting for resettlment since <number> till now is it time to be fair is it time for equality is it time to componsate them the waste years that lost in waiting they lost everything stand with iraqi refugees,not_harmful,not_harmful,0.060320
1131,can not trust them hoes that talk too much,harmful,harmful,0.629182
1132,good moslem if only we can get them to do this before wives squat out shitlings,harmful,harmful,0.697559
1133,i fucking hate wifi,not_harmful,not_harmful,0.174795
1134,<user> hari raya is not about people going from houses to houses but its about we muslims celebrating after successfully puasa for a month,not_harmful,not_harmful,0.054774
1135,the heeb fears the muramasa,not_harmful,not_harmful,0.128961
1136,cnn exclusive picture of the plight of refugees on the high seas,not_harmful,not_harmful,0.017258
1137,shut this billionaire bugatti brick this nigger pole,not_harmful,harmful,0.906220
1138,kiske to kick someone gay old for a gay little ass,not_harmful,harmful,0.932548
1139,interesting do you know a lot of jewish women in real life,not_harmful,not_harmful,0.089521
1140,do dykes keep their nails short,harmful,harmful,0.529812
1141,that the future face of the country is a dumb sexually confused hyperliberal negro should surprise no one,harmful,harmful,0.960430
1142,that nigger does not need another reason to hang,harmful,harmful,0.907659
1143,i am triggered you cry over down votes i will bet mini me would be at your white nigger ass,harmful,harmful,0.941585
1144,<user> stephen miller has to be behind this he appears to want to kill all people with brown skin and he willing to start with women children,not_harmful,harmful,0.664231
1145,you are obviously stupid so you would not understand if you truly believe physical force is justified at this time why are not you shooting blacks or mexicans in the ghetto you do not really believe in what you are saying cuck,harmful,harmful,0.936714
1146,<user> <user> <user> <user> i know this also applies to very light colored peps not standard western white dude white but lighter as that some asians got a problem or scandinavian,not_harmful,not_harmful,0.200773
1147,if you mix red bull and white claw you get pink blaws,not_harmful,not_harmful,0.093780
1148,those two were the first racist in the white house,harmful,not_harmful,0.453236
1149,<user> conversano seen by some as controlled opposition advocates frontal clash risks civil war whereas the french white population has no weapons contrary to the heavily armed ghettos good idea,harmful,not_harmful,0.347275
1150,using gas lighting propaganda for you horrible white southerners meant nothing real,not_harmful,harmful,0.637105
1151,plz let nebula pulverize that giant sadistic grape,not_harmful,not_harmful,0.461702
1152,can you guys say nigger without getting arrested lol,harmful,harmful,0.796476
1153,grown men subtweeting like bitches,harmful,harmful,0.679272
1154,i guess she will be blaming that on russia too and white women and comey and well you get the point,not_harmful,not_harmful,0.331976
1155,bitches be just as messy ass these faggot ass niggas,harmful,harmful,0.979255
1156,lol the only things an african has ever invented is peanut butter like wow we really couldnt live with out that meanwhile white people and asians have invented practically everything in the modern world,harmful,harmful,0.848460
1157,shes homophobic and transphobic and really rude,not_harmful,harmful,0.529812
1158,<user> by that logic it would be fine for jews to terrorize since your people call them evil and blame them for all of your problems,not_harmful,harmful,0.686657
1159,he talking about hoes be thinking cause i buy you shit and give you money they gone get the same treatment 😭 😭,not_harmful,not_harmful,0.432200
1160,gee i wonder why anita sarkeesian is not speaking out about harvey weinstein or andy signore sexual harassment on women 🤔,not_harmful,not_harmful,0.331976
1161,daily reminder that any self proclaimed lolbertarian who does not like hoppe is a faggot and a disgrace real libertaryans were always politically incorrect,harmful,harmful,0.959113
1162,<user> dm me,not_harmful,not_harmful,0.054774
1163,<user> i agree racism is wrong as a principle and as a fellow queer it important to strive for an intersectional inclusion in our community hate speech is wrong calling someone white trash is wrong but it also important to acknowledge the pain and fight of fellow queer poc,not_harmful,not_harmful,0.011724
1164,eurocucks love to watch their wives get raped by migrants,harmful,harmful,0.854922
1165,anime culture has created a new generation of weeboos where black and white kids gonna have ching chong names cuz their stupid ass parents like ching chong cartoons,harmful,harmful,0.935696
1166,<user> he should resign and then commit hara kiri in front of those bloody thirsty muslim scumbag camel jockeys,harmful,harmful,0.958439
1167,<user> <user> the demo bots pin their hopes on massive illegal alien voter fraud operation too big to recount 2020 the current mcimpeachment mcstrategy is designed to anger illegal aliens into mcvoting,not_harmful,not_harmful,0.457465
1168,i can not believe this white man called me discriminatory because i would not let him and his entitled family board first lol i can not,not_harmful,not_harmful,0.347275
1169,how hoes be whole ass adults and cant drive,harmful,not_harmful,0.457465
1170,lmfao heard about that i just about fell over from laughter i am sorry but if someone can get banned on twitter for off the reservation thought crimes then they can not sit there and bitch about another user regardless of who it is banning them,not_harmful,not_harmful,0.306051
1171,seen enough violence for this life besides they are doing a good job killing each other,not_harmful,harmful,0.508527
1172,<user> <user> <user> absolutely right man legal immigrants who work hard and and are law abiding citizens are not the problem the context of my comment was to highlight the devastating effects of refugee crisis post <number> that has plagued eu and canada with forced immigrants from uncivilized society,harmful,harmful,0.534057
1173,<user> they all look like me,not_harmful,not_harmful,0.071873
1174,server life is ghetto don ’ t let anyone tell you otherwise,not_harmful,not_harmful,0.343419
1175,last one i promise i am so white that albinos worry that i look pale,not_harmful,not_harmful,0.419690
1176,so a black girl wearing a trump themed dress and getting called coon is not racist but another black girl losing an award to a white girl is we do not have insane asylums big enough for this kind of mental illness,not_harmful,harmful,0.930370
1177,well said lord pearson we are looking at millions of rapes of white and sikh girls other communities too by muslim men only <number> have been convicted since <number> can we talk about islam without being accused of hate crime lord pearson question in the house of lords islamistheproblem,harmful,not_harmful,0.495737
1178,color blue and white porcelain,not_harmful,not_harmful,0.010244
1179,take your skanky hoe ass and flush it down the drain biatch,harmful,harmful,0.986585
1180,<user> trump acts like a president obama acts like a nigger street punk from chicago the clintons act like white trash spoiled crybabies and sore losers,harmful,harmful,0.946966
1181,trump is a pedophile kike verified power user,harmful,harmful,0.922227
1182,have just another rabbit running on facebook under the honey badge guise this one is a little rocket wicked fun making jews dance the homo paedo dave slatfascists is unable to find me on facebook,harmful,harmful,0.693949
1183,i m guessing that the first thing a white muslim terrorist man would do is throw this thing off a very tall building,harmful,harmful,0.715241
1184,i am so glad i am home time to stare at the wall and listen to some sweet music see ya later niggerz,not_harmful,harmful,0.892337
1185,look at dis ugly dothaid kike beak look like its mouf wuz made fo suckin dat babydick <user>,harmful,harmful,0.932548
1186,<user> cuz all turkey can do is just playing with immigrants,not_harmful,not_harmful,0.415542
1187,<user> your the one left faggot the battle been over good night,harmful,harmful,0.943433
1188,mussie ohell created funded armed isis tried to destroy america <number> years in the pit of his incompetent hell christians prayed for god to heal our land god blessed this land ans trump the media whores and both parties hate him because elected by revolution voters who want america and god first,harmful,not_harmful,0.355047
1189,the talking stage so ghetto i ’ m tired of going through that shit with people,not_harmful,not_harmful,0.335769
1190,<user> <user> <user> u talking about the white supremacists neonazi sympathizer called djt 🤔,not_harmful,not_harmful,0.436390
1191,am i the only who doesn ’ t find white men attractive 🤮,not_harmful,not_harmful,0.136820
1192,does anyone get the feeling that nick the spic fuentes is like trying to court <number> something internet savvy boomer conservatives as if they were a thing,harmful,not_harmful,0.374806
1193,happy ve day <number> years since ww2 and the surrender of nazi germany to the allied forces 🇬 🇧,not_harmful,not_harmful,0.271071
1194,<number> to fulfill this plan the left is trying to fill the country with the 3 rd world population they are easily moldible into revolutionary lumpen combined with home grown ghetto population they will be a huge striking force,harmful,harmful,0.596828
1195,<user> right here bro found jesus whos not just a prophet howz life u an ex muslim too from yeg,not_harmful,not_harmful,0.306051
1196,if i see a single person being islamophobic you are just as bad as the people causing this mess,not_harmful,not_harmful,0.407282
1197,they are going to figure out a way to kike bitcoin,harmful,not_harmful,0.226537
1198,ye olde niggra tax makes us pay more for home car insurance police ambulance medical schools school resource officers school po po <happy> security entertainment we have to commute farther to work the niggra tax is endless in a perfect world muslims would blow up blacks <happy>,harmful,harmful,0.839478
1199,just call them jews,not_harmful,harmful,0.745446
1200,yadi is a fucking faggot,harmful,harmful,0.988665
1201,baked alaska is probably my favorite anti racist holocaust denier definitely top <number>,harmful,not_harmful,0.232570
1202,please do not tarnish the name of saint mad max by associating him with that race baiting corrupt nigger bitch,harmful,harmful,0.965868
1203,your friendly moslem who went all allah akhbar today in france,not_harmful,not_harmful,0.351150
1204,an idiot a nigger a jew a muslim you are not british if you live in that cunt of a place,harmful,harmful,0.977070
1205,tan communism is misunderstood france is the only man from queer eye i trust now,not_harmful,not_harmful,0.102845
1206,daily reminder that with the jews you lose do not believe me just ask jesus,harmful,harmful,0.832462
1207,keep waiting sheboon,harmful,not_harmful,0.149361
1208,saw the new star whores movie this is my review a long long time ago in a ghetto far far away it is a period of cibil rights nigga rocketships striking from dey hood dey have won dey first victory against the ebil cracka empire,harmful,harmful,0.648850
1209,they fell for the women in charge meme,not_harmful,not_harmful,0.151540
1210,only fools think any kike is on the side of whites that foes triple for jewfags,harmful,harmful,0.932548
1211,<user> <user> quillette is nazi propaganda what a surprise,harmful,harmful,0.567801
1212,warski has a flat earth debate two days later baked alaska has a flat earth debate that bleached haired retard does not even hide it anymore,harmful,harmful,0.880318
1213,<user> <user> i can ’ t stand this look they all look like identical blow up dolls,harmful,harmful,0.660416
1214,purple haired dyke fascism please stop this meme,harmful,harmful,0.854922
1215,i just know that gays with airpods are gonna cheat on me,harmful,not_harmful,0.419690
1216,<user> andrew johnson impeached failed send every negro back to africa beat as worst president by trump go back places from which they came read jesus turned serapis sermon on the black christ lulu thomas jefferson pimped skydog and the aunt jamama bomb lulu,not_harmful,harmful,0.755033
1217,looked like a religious riot to me except that it was not in a muslim country theres your freedom of speech or to congregate imposing their will on others its coming to a western nation near you,not_harmful,not_harmful,0.362895
1218,its just how it is baby there must be a balance too much crazy fools and we up shit creek so we got a big ass iron hammer to crack all yall queers open wit,harmful,harmful,0.966975
1219,but that you can not even articulate kike what is yes a kike is anyone who signals against myself or any other alt right person who only exposes jews and my posts judaism v the world among other posts have brought you to my timeline kike,harmful,harmful,0.944336
1220,once again i clean the community health center albeit they left the community for the burbs but want the people to come here anyway she bitched about treating a refugee from uganda because that country should be taking care of her sigh,not_harmful,harmful,0.801950
1221,i fucking hate armys,not_harmful,not_harmful,0.478694
1222,i am presuming he means the standard left wing idiots lots of hypocritical women amongst them think maria ladenburger obviously you are against these fucking muhammedans,harmful,harmful,0.837166
1223,edgy gg stans think being racist is ok i hate faggots,harmful,harmful,0.969086
1224,babe i am not ignoring you i just hate you stop texting me,not_harmful,harmful,0.742197
1225,you niggas faggots putting you all hands on females,harmful,harmful,0.883866
1226,he could have at least brought her some kfc and a <number> that street shitter is lucky the nigger did not have a chimpout and kill him 🙄,harmful,harmful,0.901780
1227,<user> <user> <user> could you pray for all the kids who were raped by the priests and pastors over the past many decades maybe your jealous god could help his chosen flock keep there wieners in their pants god is not great,not_harmful,harmful,0.809950
1228,antifa is currently burning everything in sight and beating people up stand down someone is shooting this school up stand down there are a bunch of illegal immigrants holding a rally let them stay it all good stand down rule of law my rear,harmful,harmful,0.521306
1229,joy ann reid is a bloviating niggress brood sow who does not know what the fuck hacking is,harmful,harmful,0.959777
1230,european capitols arent american besides europe allowed the muzzies in anyway not my problem,harmful,harmful,0.892337
1231,oh my god some of the fucking freshmen of my school are fucking retarded smh,harmful,harmful,0.966975
1232,per capita whites are doing much better than the chinese besides i think you are over estimating how much soy the average chinaman actually eats,not_harmful,not_harmful,0.335769
1233,i am so glad i do not live there anymore i got out before the muslim invasion of minnesota,harmful,harmful,0.914563
1234,brennan is a vicious nasty muslim convert no act is too low for him,harmful,harmful,0.971066
1235,well ya can not take the nigger out of the nigger but you can leave the black greasy motherfuckers in china,harmful,harmful,0.946102
1236,non lesbians stop saying dyke,harmful,harmful,0.883866
1237,lol <user> what happened the owner of this website pew tube has banned you temporarily from accessing this website i dindunuffin,not_harmful,not_harmful,0.060320
1238,have not felt like this since shii my middle school lover 😂 that how you know a nigga really digging i do not say this,not_harmful,not_harmful,0.370818
1239,tell us about yourself <number> pilandok <number> single single double double <number> johnny johnny yes papa <number> <number> <number> twitter <number> a oh crush para may clue ka na <number> tip <number> ching chong daw sabi ng teacher ko eh <number> alaws <number> alaws pa <number> irresponsible <date> <number> friends and family,not_harmful,not_harmful,0.138847
1240,<user> some apologies are genuine and from the heart this is lame merely damage control but you can not control the damage of what amounts to holocaust denial with what appears to be an inter office style memo it inadequate you have deeply offended jews all over the world,not_harmful,harmful,0.878510
1241,i raped david cameron because it sneezed at me on minecraft,not_harmful,harmful,0.664231
1242,white people who have enough racial sense to avoid black areas for the obvious reasons still run around and act as though they can blindly trust jews to not lie to them and kike them over smdh,harmful,harmful,0.893965
1243,<user> this reminds me of this one pic from the 1 8 0 0 depicting a chronic masturbator as retarded lmao,not_harmful,harmful,0.801950
1244,women do not understand the difference between fact and opinion nor do they understand that not all opinions are equal some do but the vast majority including high iq women do not of course it also true that most men are women,harmful,harmful,0.500000
1245,i wonder how long until they can get the nigger stink out of the white house,harmful,harmful,0.876678
1246,thinking about creating a based nigger in a trump hat twitter account just so i can get a shit load of followers fast then act like i just discovered the jews are up to some real shit see whose side the normie conservatives take lol,not_harmful,harmful,0.914563
1247,let us help the nigger sows pack,harmful,harmful,0.872943
1248,testing are you allowed to say nigger on here,harmful,harmful,0.767430
1249,yup voluntarily associating with such folks is the most retarded marketing strategy i have ever seen,harmful,harmful,0.801950
1250,gay you are,harmful,harmful,0.796476
1251,i have been waiting for nigger music to die out as a fad for over a decade but it seems as if the problem is only getting worse,harmful,harmful,0.944336
1252,it ’ payday bitches,harmful,harmful,0.770461
1253,pope is asian you fucking dumb nigger,harmful,harmful,0.970091
1254,white moms yeah my mom is gay black moms yeah he call hisself liking boys,harmful,not_harmful,0.328205
1255,<user> was a useful tool for a few months bringing new ideas to homosexual worshipping millennials he a gateway drug,not_harmful,not_harmful,0.343419
1256,this neighbor at <number> has plates 3 d on his black audi is he going to kill me 134 days prior to valentines day or is he just an anti gay bigot who likes 3 d printers and hates on faggots now he has backed in the black explorer,not_harmful,harmful,0.764373
1257,by taking known numbers of muslim refugees being allowed onto our soil daily <number> multiplying each by <number> for chain migration every muslim in the world could potentially be here by <number> enough diversity yet stopislam banislam,harmful,not_harmful,0.457465
1258,<user> so the nazis at <user> hate free speech,not_harmful,not_harmful,0.347275
1259,automatic sheboon niglet cannon,harmful,not_harmful,0.153746
1260,<user> software engineering all my classes are <percent> white boys and the <number> or <number> ppl who are not are only ever nb girls or coony bm 🙄,not_harmful,harmful,0.770461
1261,massive muzrat espionage,harmful,not_harmful,0.374806
1262,<user> <user> i mean that if you wanna get raped in price 🤷 ‍ ♂️ 🤷 ‍ ♂️ 🥶,not_harmful,harmful,0.592718
1263,you are right jared we should not judge tara or lauren southern by their distant yid ancestry arguing percentages is frivolous but we should judge them on the positions they take on the issues,harmful,not_harmful,0.085437
1264,<user> button it then 😂 😂 😂 😂 😂 your boy is a fucking retard jose there a name for you lad,harmful,harmful,0.968047
1265,the white bitch who killed her neighbor and thought he was an intruder was just convicted of murder score a million for the people a cop going behind bars,not_harmful,harmful,0.592718
1266,why does it smell like black sesame mochi,not_harmful,not_harmful,0.035274
1267,i envision everything this retarded puerto rican saying to me being typed out on a shitty android phone in between kik sessions with random <number> <number> thots with <number> kids,harmful,harmful,0.832462
1268,muslim chaplain of the canadian army wtf why i am sure our muzzie friends and allies have a priest in their army hell i doubt there is one in the whole country fk islam can fam speak freely,harmful,harmful,0.923441
1269,<user> we have all been raped by these assholes cathy obrian came out years ago,harmful,harmful,0.770461
1270,<user> slurs would be wetback or beaner not illegal alien 🙄,harmful,harmful,0.738920
1271,defends islam doesnt want to see islam erased from existence why not crusade against the jews and the sandniggers class remember the golden rule if you hate trump for any reason you may as well be antifa and a jew yourself namethejew <user> is a jew,harmful,harmful,0.748670
1272,i just asked my fam if im dating a non muslim dude they were assuming that i got <number> lolol ketawa ku dulu,not_harmful,not_harmful,0.109313
1273,no no it every topic dude every topic that gets some traction here they come they are in every room spouting it the jews and the arabs then the blacks it what they came to do,not_harmful,not_harmful,0.470188
1274,arsenal is a fucking small club with a lot of noise makers called fans livars,harmful,harmful,0.767430
1275,<user> also did trump ask the women <number> <number> year old girls if they were in their fertile period before he raped them most rapists are not polite enough to ask 🤬 🤬 🤬,not_harmful,harmful,0.704707
1276,jews started terrorism murdering and bombing in jerusalem jews are fucking arabs,harmful,harmful,0.909079
1277,<user> do not understand why in america it all about black or white there are yellow mongoloids and brown orientals people as well most suppressed ones never get to raise their voice v unbeatable loosing in agt is an example to show how racially biased americans are,not_harmful,harmful,0.600926
1278,no i only call you a retard because you are a retard,harmful,harmful,0.984395
1279,also yes i did bring a whole ass avacado to work and sliced it up because i am a decadent bitch,not_harmful,not_harmful,0.382832
1280,these are the refugees that europe should be taking in,not_harmful,not_harmful,0.066388
1281,counter muslim tactics by wrapping a woollen scarf around ones head with only the eyes uncovered and claiming to be a member of the ancient order of scarfies when approached by bank or airport staff if large numbers of us did this where masked muzzies exist it could be interesting,harmful,harmful,0.711755
1282,i dont care about hitler because i care about western people hitler allows millions of jews to pose as neonazis to cuck millions of gentiles from rebelling against jews for fear of being called a nazi,not_harmful,harmful,0.521306
1283,we are bringing back the 1 9 4 0 a homogeneous white place a safe place a place where blacks knew their place expect mass mccarthy hearings to root out the commie jew traitors amongst us hey just like you,harmful,harmful,0.872943
1284,<user> look at the video spencer did not do a nazi salute a few in the audience did spencer is not responsible for the audience you are buying into the msm narrative here,not_harmful,not_harmful,0.130889
1285,this is why i propose using baconas a vetting process it smells good tastes great and its muslim kryptonite,harmful,not_harmful,0.277863
1286,<user> you are a fake pervert asshole you can be raped dont be stupid and work or study change you life,harmful,harmful,0.978905
1287,<user> i hate everything about this film not to mention it basically validating radical white violence as a result of being forgotten by society,not_harmful,harmful,0.559410
1288,do not forget to kill yourself,not_harmful,harmful,0.960430
1289,<number> <number> the ghetto plantation the ghetto plantation was designed to keep them poor desperate and under control while keeping them voting against their own welfare for decades neo marxist saul alinsky based much of his tactics on the democrats approach to blacks and the us government approach to the native americans,not_harmful,harmful,0.512789
1290,bitches and burritos my fav combo,harmful,not_harmful,0.302441
1291,they are calling nick fuentes not part of the movement as if the movement is some sort of cult and saying he an immature attention seeker i have <number> problem with women who are mothers speaking out for our people just these single ladies should not do beta farming,harmful,harmful,0.711755
1292,sometimes when im with other queer asians i feel like im the only one who not white and straight also for similar reasons,not_harmful,not_harmful,0.244967
1293,chipped black nail polish,not_harmful,not_harmful,0.053898
1294,that girl o jewa ke enged her way to twitter verification,not_harmful,not_harmful,0.254554
1295,today one of my queer white students says i know they say vsco girls are defined by saying that the tea and and i oop but actually they are just appropriating black queer culture which is actually the tea sis train them up and watch them fly you all,not_harmful,not_harmful,0.328205
1296,a mudshark is a white woman who is only attracted to black men a thot is a whore every mudshark is a thot but not every thot is a mudshark,harmful,harmful,0.869111
1297,how can arya jook a man gendry was fistin that bitch the other day and someone shook his hand,not_harmful,harmful,0.559410
1298,but moslem men and even children also get raped by moslem men,harmful,harmful,0.521306
1299,broke jews control the world woke russia is funding the alt right and jared taylor richard spencer and generation identity are foot soldiers for a global russian nazi movement boomerlivesdontmatter,harmful,harmful,0.776437
1300,he a jew when it convenient for him and a fellow white person when thats more convenient just like literally every other kike,harmful,harmful,0.973367
1301,<user> vk looks interesting i might actually install it however at first glance it does not appear to solve the digital ghetto problem all the information in one place diaspora is shit but it at least tries to solve the digital ghetto but fails note gab does not solve it either,not_harmful,not_harmful,0.101282
1302,clowns in this bitch,not_harmful,harmful,0.911859
1303,let cut the bs and call it like it is htpps :// theamericanguard org <number> <number> <number> the democrat partys black holocaust,not_harmful,harmful,0.592718
1304,you niggas is fake asl that ’ why you don ’ t see none round me,harmful,harmful,0.596828
1305,<user> hey thats gay,harmful,harmful,0.936714
1306,<user> <user> is there any point in replying to this retard i guess not live in your bliss,harmful,harmful,0.508527
1307,<user> normalize hating white people,harmful,not_harmful,0.465943
1308,breitbart com video <number> <number> <number> bengals cb adam pacman jones to cops during arrest i hope you die tomorrow … many try to ignore it but <user> full of ghetto thugs stop supporting them you just make them rich ghetto thugs,harmful,harmful,0.923441
1309,the civil rights movement was nothing more than a communist push for special rights for non whites via jewish legal teams capitalizing off media influenced white guilt and misplaced altruism that would change the face of america into what it is today,harmful,harmful,0.550987
1310,this is so fucking retarded,harmful,harmful,0.965868
1311,<user> how will you stop the foreign interference of illegal immigrants voting then,not_harmful,not_harmful,0.147206
1312,<user> you are an entire nigger,harmful,harmful,0.972469
1313,<user> white suprematists will escalate to coordinating the killing of immigrants and poc with impunity,not_harmful,harmful,0.788056
1314,turkey is deporting <number> million illegal immigrants from their soil to syria and northern iraq we must deport <number> <number> million illegal immigrants from america just think about it a muslim country deporting millions of muslims refugees no open borders in the middle east,harmful,harmful,0.512789
1315,started as trash ending as worthless nigger trash,harmful,harmful,0.973367
1316,tfw you are vice provost of diversity nigger equity vp of difference sameness at the same time <happy>,harmful,harmful,0.621189
1317,<user> they realized their choice in studies was worthless tried to get their ghetto sugar daddy to make us pay for their bad choice to bad dint work,harmful,not_harmful,0.487211
1318,my solution would be to come out express the pain and mortification masc presenting black gay men feel on top of the already stigmatized experience of homosexuality resentment of heterosexuals the black church appeal to empathy and understanding apologize profusely,not_harmful,not_harmful,0.109313
1319,classical christianity did exactly that most people only have experience with westernized christianity where it been neutered by secular society and had most of the violence and overt hatred censored out islam in the u.s. is no more violent than christianity is,not_harmful,not_harmful,0.065338
1320,anyone leaked the info on who at youtube is the white supremacist neonazi fiddling with the algo seems that should drop next right along with the metrics linking up the infosec talking heads with their harassment and nazi socks right guise,not_harmful,not_harmful,0.370818
1321,<user> <user> <user> <user> men still get raped and assaulted so this is just stupid,not_harmful,not_harmful,0.415542
1322,muslim migrant rapes more women than canadian bernado yet media stays silent we wonder why no one trusts the media any more,harmful,harmful,0.679272
1323,we have a very low quality of homo these days and that is because they are allowed to gallivant in plein air the closet makes the queer,harmful,harmful,0.911859
1324,<user> <user> we are believe that it will happen again and again after the <date> of the protest they want to kill all the protester to stop this protest action,not_harmful,harmful,0.675545
1325,there is absolutely no room for same sex marriages it is important to state that homosexual activity is prohibited according to the hindu religion so this has always been our position that a marriage is between a male and a female satnarayan maharaj,not_harmful,harmful,0.686657
1326,lol nice boomerposting hey does kike jism taste better on the shabbat you d know after all lol gimme more,harmful,harmful,0.865181
1327,did i really just see an article say that halsey a fucking queer artist is queerbaiting her audience like how fucking sense do you have to be,not_harmful,harmful,0.937717
1328,if muzrats reckon muzrat countries are houses of peace and non muzrat countries are houses of war then every muzrat in non muzrat countries should be considered as soldiers or spies behind enemy lines,harmful,harmful,0.807311
1329,i am sick of a <number> white country not killing niggers jews in the damn streets,harmful,harmful,0.880318
1330,some y ’ all are ghetto asf 🥱,not_harmful,harmful,0.745446
1331,damn right we are going to react when an <number> white country pushes non white actors everywhere,harmful,harmful,0.609077
1332,getting paid biweekly is so ghetto,not_harmful,not_harmful,0.339584
1333,would anyone actually expect a nigger to save a white man life,harmful,harmful,0.880318
1334,as much as i appreciate a format of open discussion i really just want a facebook that i can say beaner on,not_harmful,harmful,0.711755
1335,<user> nice ching chong hat,harmful,harmful,0.761287
1336,march for our lives protesters trash streets of d.c. after gun control march similar to environmental protests compare to conservative dan bake sale that left streets spic and span after <number> gathered in fort collins,harmful,not_harmful,0.184855
1337,<number> of american women are overweight or obese — what the hell is going on in our country,harmful,not_harmful,0.298855
1338,we had a fun time on <number> <number> one year with pam geller and geert wilders speaking against building a muzzie mosque in the area the english defence league even showed up,harmful,harmful,0.571981
1339,exactly but if a white <number> years ago defended himself against a black attack then it is an epidemic,harmful,not_harmful,0.407282
1340,ofc we get grief by snow and brook last game fucking retards holy fuck i hate them,harmful,harmful,0.941585
1341,good morning everyone except illegal aliens and avocados 😂,harmful,harmful,0.735616
1342,<user> them boss can i have a few days o boss shut up nigger,not_harmful,harmful,0.839478
1343,is anything owned by gentiles anymore in this country the kike freaks own everything,harmful,harmful,0.954907
1344,i know we are all worried about whether trump will cave on daca what will go on with the norks and the iranians whether we will stem the tide of moslem migration and postmodernist degeneracy but let us ask the real questions should i make soft pretzels or english muffins,not_harmful,not_harmful,0.046585
1345,imo trump did that for the ghetto turds as he was trying to be a non racist the feds want bundy land for the uranium trump can still call most of his advisors are useless and need to be fired they are still part of the swamp,harmful,not_harmful,0.449013
1346,<user> niggas in london forget they just children of islander immigrants just like toronto niggas lmfao,harmful,harmful,0.839478
1347,dorothy a dirty slut,harmful,harmful,0.990743
1348,rip nehlen he may be married to a beaner and a christcuck but at least he aiming in the right direction,harmful,harmful,0.883866
1349,i am such a slut for fresh bedding,harmful,not_harmful,0.482951
1350,labour concillor in telford more concerned about someones words on twitter than paki moslem gangs raping white children,harmful,harmful,0.555203
1351,in every female bestie you will always find one lesbian 😊 😋 🤗,not_harmful,not_harmful,0.407282
1352,<user> <user> believe all women unless raped by a democrat then destroy the victim at all costs,harmful,harmful,0.874822
1353,it called escort prostitution so let call a spade a spade shall we lefttech must do this because its dungeon and dragon masters and anime trans porn loving programmers have the charm common sense and social skills of a retarded liberal frankenstein boy,harmful,harmful,0.937717
1354,canada has detained more refugees illegal immigrants than the usa has their pr person needs a raise,not_harmful,not_harmful,0.084114
1355,<user> the person who gave me my maga hat is a child of legal mexican immigrants,not_harmful,not_harmful,0.059360
1356,this coon is full of shit,harmful,harmful,0.970091
1357,i probably ended up another kike list somewhere lolz yeah no doubt plus jews like to keep tabs on us nazis idk why it not as though we are coming for them to put them in the ovens yet,harmful,harmful,0.929257
1358,<user> i am black with all white freinds taco man,harmful,not_harmful,0.169929
1359,<user> <user> <user> i copied your comments and put homosexuals in the place of trans women so i did not put any words in your mouth but your so far gone in your transphobia and bigotry you will never see that,not_harmful,harmful,0.722137
1360,why jews are profiting from the us importing moslem refugees,harmful,harmful,0.500000
1361,<number> <number> president warren g harding signs the emergency quota act into law in <number> according to the new law annual immigration from any country cannot exceed <number> percent of the total number of u.s. immigrants from that same country as recorded in the u.s. census of <number>,not_harmful,not_harmful,0.030407
1362,if britain closed its borders2day moslems would still become a majority due2their high birthrates the only solution2the moslem problem is repatriation2their ancestral homelands at 1 st it can be tried on a voluntary basis with financial compensation4example but eventually they all must b told2 go,harmful,harmful,0.907659
1363,real dysphoria hours why are my arms so hairy,not_harmful,not_harmful,0.121490
1364,<user> get well soon ching chong 😌,harmful,harmful,0.605008
1365,god damned kike whore cunt so sure that none of those cowards could ever get to her in her hymiewood mcmansion,harmful,harmful,0.945226
1366,the wise nigger fantasy perpetuated on white america by the industry kikes meanwhile niggers cant even raise their own spawn raping <number> white women annually basically commiting all the violent crime in america,harmful,harmful,0.920995
1367,why do not you just kill yourself if you hate whites so much i guess you will in a way when you get knocked up by some negro thug you will be killing your whole genetic lineage,harmful,harmful,0.942516
1368,<user> <user> fred couldnt renew his mind enough god almighty snapped his neck without violence u want do that again,not_harmful,harmful,0.542535
1369,<user> <user> self defense your shit the police officials in white shirt sitting in their air con office are the one to blame they trained up the police to dehumanize hk citizens they allowed the police to ignore the police general orders and use excessive violence to get things done,not_harmful,not_harmful,0.407282
1370,<user> <user> are you retarded,harmful,harmful,0.964726
1371,<user> <user> asians have always been poc asians east asians were considered yellow and part of the mongoloid race our treatment throughout american history also has marked us as other and non white,not_harmful,not_harmful,0.419690
1372,ayo paging dr faggot got me crying 😭 😭 😭 😭 😭 😭 😭,not_harmful,harmful,0.718702
1373,<user> kashmiri pandits run from their houses in fun they announced threats from mosques for themselves they killed themselves and they even raped themselves to defame kashmiri muslims,not_harmful,harmful,0.571981
1374,is not it nice for the fuzzy muzzies to receive free resources at the expense of europeans so that they can render those charitable people extinct,harmful,harmful,0.804644
1375,fuck off you nigger loving whore your mom need a slap upside the head for boring such a chicken shit pansy,harmful,harmful,0.984910
1376,<user> <user> trump has offered cnn an outsourcing waiver if they want to replace us idiot queers with smarter queers from india zucker compares these to obama aca waivers to unions and says laws are not for every body you know meanwhile lemon alleges cooper is a racist scab,not_harmful,harmful,0.621189
1377,<user> yeah that was dope,not_harmful,not_harmful,0.004034
1378,<user> remember when her dad hung out with a ukrainian neo nazi or when he called his captors gooks,harmful,harmful,0.592718
1379,<user> let be honest multiculturalism is just a euphemism for hostile takeover by jews and non whites,harmful,harmful,0.950289
1380,portrait of a lady on fire screening in atlanta literally the day after i go back home to k*ntucky <censored> the universe really hates pretentious dykes i guess,harmful,harmful,0.923441
1381,as fully vested members of the same grisly club you can always count on the queers to side with the murderous abortionists in a moving display of solidarity among separate but equal planks in the culture of death ireland,harmful,harmful,0.841763
1382,that thing where you tie one running shoe than get distracted before shoe number two,not_harmful,not_harmful,0.165172
1383,<number> every bit of jewish origin stories in the old testament is about a horde of jews infiltrating another superior culture breeding like rats then trying to over throw said culture egypt babylon persia everywhere they went they did this,harmful,harmful,0.844021
1384,i was gassing coons and kikes when you were just a fan i got bunkers filled with nothing but zyklon cans,harmful,harmful,0.893965
1385,<user> the wrench and hammer are deep fake additions that chinazi pig came over ready to kill someone,harmful,harmful,0.852794
1386,<user> oh my the niggers gonna be pissed,harmful,harmful,0.932548
1387,how did these jews make such an accurate representation of the pro white movement it just like us,not_harmful,not_harmful,0.324455
1388,just how many niggers has david duke defeated in a knife fight did heimbach show you all the bullet holes that niggers have put in him and have many times has spencer been ass raped by a nigger and no you can not count the times money was exchanged beforehand mpcstatusupdates,harmful,harmful,0.839478
1389,the blm leadership have been out disrupting lgbt events the black militant muscle panthers guerilla family et al who were murdering whites cops are who knows where the street thugs burning and looting are probably in and out of jail or being moved to prey on the white suburbs,harmful,harmful,0.704707
1390,staycommittedmrpm all muslim world is watching to pakistan and imran khan,not_harmful,not_harmful,0.192689
1391,can someone please find out if this judge is one of them looks like a crypto faggot kike to me,harmful,harmful,0.893965
1392,ricky i very much wish this could be a possibility in the us however the data since the <number> until today proves that blacks jews mestizos and asians vote overwhelmingly for democrats non whites vote overwhelmingly for less freedom bigger govt and more gibs me dat please explain,harmful,harmful,0.596828
1393,fuck feminists and kike media that want to emasculate fathers i piss on them,harmful,harmful,0.962943
1394,ugh all the niggers are back on campus,harmful,harmful,0.906220
1395,the <number> russian from twitter are costing kike land some shekels legendary alt right barbaric khazar kike,harmful,harmful,0.885606
1396,<user> that nothing alan partridge was <number>,not_harmful,not_harmful,0.041561
1397,do not put your gab mug in the dishwasher the gab decal is not dishwasher safe 😢 <user> <user> edit only the black gab mug does this the white one will not thanks for the replacement gab ♥,not_harmful,not_harmful,0.045834
1398,<user> <user> <user> you said clinton sexual harassment in the white house was his personal business therefore not impeachable this congressional hearing video is on fb shame on you,not_harmful,not_harmful,0.390923
1399,dyke call me c murda girl if you do not get the fuck,not_harmful,harmful,0.968047
1400,<user> <user> on the contrary i have seen many a uu congregation piss and moan about racism bigotry all white congregations that is self righteousness is an observable state,not_harmful,not_harmful,0.302441
1401,says the retarded mong that had his here as nemesisofmycroft i broke you 2 yrs ago and you have never recovered,harmful,harmful,0.934662
1402,<user> <user> i ’ m super gay fuck,not_harmful,harmful,0.708243
1403,socialist dictator socialist feminist son of a whore space cadet spoiled bitch stuttering barky stuttering clusterfuck the brown clown the choom gangster in chief the color muslim the community agitator the crony elitist presy the drama king the execuitve infant the face of evil,harmful,harmful,0.936714
1404,instead of shooting the nigga you beefing with please somebody kill donald trump at this point his ass playing with our money,not_harmful,harmful,0.890687
1405,brennan is a traitor any other muslim who attains a position of responsibility will also commit treason muslims cannot be muslims while upholding the us constitution or its laws they are irrevocably in conflict with so called islamic law,harmful,harmful,0.854922
1406,who do bitches in horror movies always have huge houses like cmon we know you can ’ t cover those property taxes,harmful,harmful,0.637105
1407,the last thing i wanna do is get off work too a nigga with a attitude,not_harmful,harmful,0.559410
1408,a profile of a mudshark,harmful,not_harmful,0.281298
1409,im a slut for the entire cql ost i listen to literally every single day,not_harmful,harmful,0.546764
1410,house republicans overwhelmingly voted in support of a resolution reaffirming the united states commitment to israel <number> democrats showed they are no longer the party for pro israel jews the least surprising was muzrat keith ellison a candidate to head the dnc fuc kislam,harmful,harmful,0.656581
1411,another ghetto fucking nigger ape murdering a white woman and not one mentioned in the fake news media about it white people need to bring back lynching parties again corrupt government law enforcement has neutered white men from justice from these sub human monkeys,harmful,harmful,0.932548
1412,no stop pointing the finger at men shame women who divorce who take the kids demand alimony for life teach their sons to hate their fathers basically guaranteeing they will be gay adults the blame for unwed men lies squarely w haughty mentally ill women misusing the law to destroy society,harmful,harmful,0.751866
1413,<user> <user> <user> bring your canoe,not_harmful,not_harmful,0.119682
1414,<user> well i can certainly taser a bitch,not_harmful,harmful,0.854922
1415,dude you are a fucking idiot skepticism nihilism and trying to gaslight me are not arguments miss me with that kike shit,harmful,harmful,0.975491
1416,white people allowed their kids to be raped by pakis why they went running to the police why is not it a fathers job to protect his kids from monsters we did in my day we did not ask anyone permission,harmful,harmful,0.785194
1417,maybe feminism cropped its clip haired degenerate thot head up far back in the mohammedean past if so literally strapping a cork in their mouths would make good sense as a rule going forward even a broken sand nigger tells the right time twice a millennia o 😀,harmful,harmful,0.890687
1418,i really dislike this nigger another example of no talent niggers gaining fame for its loud mouth back in the day we knew how to deal with a uppity nigger,harmful,harmful,0.983311
1419,i love the super sleuth mindset i go into when someone i knew from church uses a queer sticker on their instagram story like did they know what it meant or do they just like the colors,not_harmful,not_harmful,0.084114
1420,honestly what the difference between the portuguese burger the rio one and the chili fish one from mcdonald they all look like the same shit,not_harmful,not_harmful,0.051347
1421,how does an area become a ghetto all the white ppl move out,harmful,not_harmful,0.453236
1422,i noticed how different the letters on gab look and i started freaking out becuz i thought i must have caught autism from this retarded kid that was coughing at walgreens 🙄,harmful,harmful,0.900260
1423,cursive was left out by the common core to bring everyone down to ghetto levels and destroy american calligraphy cursive will never die,not_harmful,not_harmful,0.291757
1424,<user> <user> please look at refugees iraqi in turkey they want home standwithiraqirefugees,not_harmful,not_harmful,0.096719
1425,so muslim is back killing people with truck again islam the religion of peace etc,harmful,harmful,0.742197
1426,<user> i aint talking bout you negro,not_harmful,harmful,0.718702
1427,what an absolutely ignorant negro she gives the good a bad name,harmful,harmful,0.971066
1428,leftists truly believe that by feminizing our nation men there will be no more war or violence have they seen the ghettos where women are responsible for raising the criminal class they just do not think do they,harmful,harmful,0.633152
1429,do the white thing turn nigger ball off,harmful,harmful,0.898718
1430,if that was my mother that nigger would be on a slab at the morgue right now,harmful,harmful,0.922227
1431,western women use vagina stereo speaker to blast unborn babies with feminist female empowerment musics of negress beyonce hag madonna breasticular katy perries slav expecting mothers enjoy cerebral classical music of tchaikovsky dvorák mussorgsky stravinsky free of vaginal intrusion,not_harmful,not_harmful,0.167538
1432,questioning my masculinity will not get you nowhere niggers,harmful,harmful,0.848460
1433,if u can read this ure gay and also ilu,harmful,harmful,0.944336
1434,what an absolutely beautiful video this is germany under hitler was as close to paradise as the beleagurd goyim shall ever see the jews won ww1 and ww2 the jews are now orchestrating ww3 godspeed my friends i love u,harmful,harmful,0.715241
1435,now now with all of these needy white people crying out to beto y maria garcía from michoacan for remedial human reproductive sexual instruction the least you could do is inform them the kamasutra offers a frog position,not_harmful,harmful,0.576151
1436,what are google favorite hobbies <number> de listing competitors <number> firing white people <number> deciding what white people can say,not_harmful,not_harmful,0.432200
1437,beatles when i am <number> you mean london stabbings you got that wrong lennon who fucked a chink,harmful,harmful,0.857024
1438,<user> <user> climate change is a fucking hoax,not_harmful,harmful,0.571981
1439,whore says she does not want to get fucked by likely diseased faggots other whores and sjw freaks go crazy at this truly diabolical homophobia whore can not take the bullying kills herself what a world we live in,harmful,harmful,0.918477
1440,democrats forever the partyofslaves all they ever do is obstruct that so they can keep you in chains housenigger pimped out whores who keep the ghetto complacent slaveryisfreedom,harmful,harmful,0.944336
1441,spin the wheel of sexual harassment folks who will it be next and for what crime mccain violation of the logan act podesta for the evil that he is clinton of course but pick your fucking poison,harmful,harmful,0.827651
1442,<user> so dickie durbin cares more for illegal aliens then about american children living on the streets typical libtard,harmful,harmful,0.897155
1443,i wana hoe out every time i hear thotiana,not_harmful,harmful,0.529812
1444,faggots still stan the fuck out of kim petras and it so fucking disgusting what worse is they use her as an excuse to love the trans community she a demon and the white devil if you still like her fuck off,harmful,harmful,0.980918
1445,so you agree then she as white english as you bringing mongols from <number> years ago into it does not negate that fact does it so you judged her purely on her looks and assumed wrongly that why your national socialism is retarded 😊,harmful,harmful,0.679272
1446,i can ’ t wait to be a wife this girlfriend shit ghetto,harmful,harmful,0.679272
1447,rt if your account is a safe place for lgbtq members poc muslims women people from every nation,not_harmful,not_harmful,0.162834
1448,kim cannon sucks nigger dick he can not keep a woman because he has a tiny dick and thinks he is smart,harmful,harmful,0.956353
1449,pls dont talk to me reality is too much for my kike infested mind,harmful,harmful,0.865181
1450,<number> in <number> women <number> in <number> men <percent> of lesbian women <percent> of bisexual women <percent> of gay men <percent> of bisexual men no data on nb and trans women are being murdered it statistically impossible for you not to know someone who has experienced domestic violence,not_harmful,not_harmful,0.281298
1451,lol i see you changed your picture so you can advocate mixing races while using the fellow white people line,not_harmful,not_harmful,0.428019
1452,labour loves the free movement of peoples in europe except when it leads to brown people feelings getting hurt this street shitting raghead need a one way ticket back to which ever shit hole country he crawled out of,harmful,harmful,0.977449
1453,dear niggas police your own you filthy scum by the by any pedo or rapist should be burned at the stake not just the spook it just they seem to like that shit almost as much as scum moslem groomers,harmful,harmful,0.964726
1454,you can change your heart but you can not change your fellow man heart if a group of people participates in honor killings genital mutilations treating women as property and legal pedophilia the chances of you changing that are remote we have got our nation and they have got theirs trump maga,harmful,not_harmful,0.343419
1455,gta san andreas the story of an above average somewhat talented black man who escapes the ghetto and becomes reasonably successful only to be dragged back in in the final act because his brother is a stubborn dumbass -_-,not_harmful,not_harmful,0.362895
1456,man all these brown my parents will not accept my white partner stories are so wack like you know damn well it so much harder for the black partners of brown kids like i wanna watch a movie or story that deals with that i am tired of white ppl,not_harmful,not_harmful,0.339584
1457,yeah do not know why everyone on this site hates gay people so much more women for me,not_harmful,not_harmful,0.058415
1458,lets hope so gas the lot including the nigger,harmful,harmful,0.962943
1459,<user> new look ching chong,harmful,harmful,0.738920
1460,<user> the same people who defend a woman right to post ass pics on instagram are the same to try and push them out of a job and suddenly say it degrading to them will you ugly dykes pick something to be offended by and stick with it,harmful,harmful,0.922227
1461,<user> here i think about how black women threatened to rescind support to black male victims of gun violence because they felt the support was not being reciprocated could someone argue that this is further evidence of an attempt to break free from being the savior,not_harmful,not_harmful,0.028934
1462,<user> 😂 😂 tell me about it they have been co opted by immigrants that why 🤷 🏽 ‍ ♀ ️,not_harmful,not_harmful,0.423849
1463,cool story bro tell me the one about the based nigger in a trump hat next,harmful,harmful,0.693949
1464,wait so ur tellin me not only is the earth not flat but niggers be on other planets i guess i should not be surprised after learning what ethnic swedes look like i always thought they were hot blondes,harmful,harmful,0.690315
1465,those are called niglets,harmful,harmful,0.812562
1466,blind squirrel uses retarded logic it was already retarded,harmful,harmful,0.918477
1467,they should have put this nigger at the back of the plane,harmful,harmful,0.972922
1468,the so called right kicking out the alt white has to be the most retarded thing i have every seen we are literally fighting in the streets against antifa while they play philospher on the net <user> understands this <user> doens t,harmful,not_harmful,0.096719
1469,<user> do i look retarded,harmful,harmful,0.701145
1470,better believe the kikes are behind these nigger attacks,harmful,harmful,0.942516
1471,<user> i hate caucasians,harmful,harmful,0.917191
1472,feminists i am doing this womens march because trump is a misogynist that hires many women into leading roles in his business and hates illegal immigrants i am the resistance but let import as many islamic women oppressing refugees as we can cuz diversity,not_harmful,not_harmful,0.415542
1473,<user> some people are just retarded like that,harmful,harmful,0.904761
1474,this is the general attitude of all ghetto apes,harmful,harmful,0.957059
1475,<user> holy fucking shit jizzy you look like mark cale i am fucking confused are you <number> or <number> are you just a retard or a window licking anus tickling retard,harmful,harmful,0.964726
1476,my gay ass cant take this anymore,not_harmful,harmful,0.812562
1477,islam is the religion of peace there a piece of you over here another piece over there some more pieces over there the fun never stops with the retarded followers of the pedophile prophet,harmful,harmful,0.954166
1478,fuck that ghetto bitch she attacked a mother with child by pouring a drink on her and then punching her she punked the mother out in front of her child and in public people who do not know how to behave civilized should not be out in public,harmful,harmful,0.861153
1479,ultimately noone free shit whether to megacorps or ghetto trash never gets repealed a small group is for it and everyone else is apathetic as it slightly too complicated for them to grok,harmful,not_harmful,0.478694
1480,why is it that we always hear about how rain depresses nigger voter turnout but they will go out in a hurricane to loot and steal shit,harmful,harmful,0.827651
1481,ventura only governor to refund overpaid taxes back to those who paid them burqa betsy just fired gay police chief who demanded open investigation against mudslime cop that murdered white christian woman appointed mudslime as new chief burqa betsy will lose gay vote and mayor position,harmful,harmful,0.728929
1482,what faggot curates live topics,harmful,harmful,0.837166
1483,yes everybody ask yourself right now would you ruin your life with a bull dyke ricky vaughn with tits <user>,harmful,harmful,0.812562
1484,because fuck sargon remember what these little niglets grow in to hahahahaha,harmful,harmful,0.932548
1485,you all faggots really overhype anything kim petras only good songs are her halloween songs the rest is kinda trash 🤢 can not wait to listen to turn off the light tho omg,harmful,harmful,0.738920
1486,all people engage in stereotyping bc that how humans survive anyone who claims that assuming blacks are thugs bc of how they dress in the ghetto is a retard bc they dress that way literally to convince others they are thugs so they will not be attacked by other thugs,harmful,harmful,0.679272
1487,recovering from an intense anxiety attack after being harassed by a group of white trash people <happy> kind words pls,not_harmful,not_harmful,0.142976
1488,p at least harvey weinstein only raped and assaulted the gentiles not angelina jolie or gwyneth paltrow so he still a good jew 😂,harmful,harmful,0.711755
1489,it more it news community looks into the lives of people we d otherwise not know let get real too not so many ghetto phone dindus and skanks,not_harmful,harmful,0.872943
1490,wait i forgot to mention my coworker saw my hobi photocard and asked if it was my bf 😭 🥺 stupid b tch i am dykey dykey,not_harmful,harmful,0.761287
1491,laughed at i have been disrespected by all of my peers and have had to stop being myself and talking about them a couple of times because apparently they were not good ugly ching chong chang excuse me wtf i m done with everyone stupid comments about what i love,harmful,harmful,0.542535
1492,also in this same vibe any wigger who calls white missionaries who save the lives of non white children in africa india ect a race traitor is an actual h0m0,harmful,harmful,0.761287
1493,then you pay for the military doing the kike bidding i will not the ag works at the president leisure he can tell the ag to arrest them,harmful,harmful,0.755033
1494,they average more in cali with the feeding program but the skunks and coons eat well too,harmful,not_harmful,0.059360
1495,did not he throw bricks at vietnamese people in his youth if he wants forgiveness for degenerate kike movies instead of pwning asians with bricks he might just be ourguy,harmful,harmful,0.852794
1496,<user> <user> why will muslim take refugee in india when bangladesh and pakistan r islamic states isnt india supposed to be unsafe for muslims they should leave for their country asap for their safety,not_harmful,harmful,0.735616
1497,dumb shitskin prefers to ignore numbers they can not calculate typical,harmful,not_harmful,0.351150
1498,<user> <user> <user> so u r ok with hindus getting raped killed converted in these countries where sud such hindus go there is not a single hindu country left in the world muslims dont have any problems there,not_harmful,harmful,0.652725
1499,install writing app on phone connect tiny bluetooth keyboard type up shit on my phone while on my balcony using this ghetto set up good feeling gabwriters,not_harmful,not_harmful,0.092341
1500,and i told you at the time as now that your list is info everyone already knows what you are afraid to tackle is the reason behind raghead terrorism as it places all the blame on your precious kikes i say let them both kill each other good riddance,harmful,harmful,0.889016
1501,the only good muzzie is a dead muzzie i want them all to be good muzzies goathumpers and wife beaters the religion of piss nuking mecca and medina would be a good way to start their extermination,harmful,harmful,0.944336
1502,that is just so retarded that kid does not deserve what coming better still terminate those idiots when the kid is born they should slap the mother and put the kid in care,harmful,harmful,0.969593
1503,wow so that lil black girl was lying about them white boys cutting her dreads off,not_harmful,not_harmful,0.440590
1504,<user> and this is why zionist hate him and want to destroy russia they kicked out the big banks owned by kenite jews russia is literally the last vestige of white values left in the world,not_harmful,harmful,0.885606
1505,you niggers are dumb,harmful,harmful,0.987029
1506,baby was a black sheep baby was a whore baby gotten big and baby getting bigger baby got some then baby want more baby baby baby was a rock roll nigger,not_harmful,harmful,0.893965
1507,please don ’ t kill yourself babygirl you have those voluptuous thighs,harmful,harmful,0.767430
1508,<user> talmud according to jews is just men commentary qur an according to muslims is literally the word of allah god we have to attack the qur an first because jews are not flying into buildings killing people plus is obvious no god would make so many mistakes as shown in qur an,harmful,harmful,0.796476
1509,your pussy muzzie loving government is killing you off faster than any battlefield aside from a handful of brit your giving your country up just like your parliament wanted to do in <number> here you go hitler we give up you had better resurrect churchill rapidly cuck boy,harmful,harmful,0.941585
1510,goodmorning to toxic abusive women only,not_harmful,harmful,0.779384
1511,<user> this is the twat who wants to start another holocaust in eire,not_harmful,harmful,0.793697
1512,how do i work so much amp still be broke adult hood is so ghetto,not_harmful,not_harmful,0.169929
1513,politico terminated the contract of that kike bitch julia ioffe early due to her stupid fucking tweet,harmful,harmful,0.978189
1514,i fucking hate it here,not_harmful,not_harmful,0.419690
1515,to all my muslim moots mute me just in case,harmful,not_harmful,0.415542
1516,being homophobic is gay because you are worrying about what other guys do with their dicks,harmful,harmful,0.834829
1517,who were the utter fuckwits that thought nazi salutes nazi symbolism and yelling gas the kikes was a good idea way to let a legitimate protest be ambushed charlottesville,harmful,harmful,0.686657
1518,i am not blaming all white people but slavery kidnapping a group of people did not just happen jim crow segregation did not just happen mass incarceration of brown and black people did not just happen,not_harmful,not_harmful,0.085437
1519,fuck the nigger bitches,harmful,harmful,0.982742
1520,interesting note to self determine which dna test the israeli government uses to test immigrants so that unfortunate mis identifications can be avoided during shoah <number> electric boogaloo,harmful,not_harmful,0.229539
1521,weird niggas weird,not_harmful,harmful,0.668024
1522,tomorrow precap lit sidharth shukla wow yaar i think he will kill all the task in season bb13 bigg boss 13,not_harmful,not_harmful,0.386870
1523,egay o jungkook,not_harmful,not_harmful,0.358961
1524,<user> you can take the family out of the ghetto but you cannot take the ghetto out of the family,harmful,not_harmful,0.309685
1525,the only people trump is playing chess against are the american people the jew controlled alt right are full of liars and traitors ask yourselves would adolf hitler shake netanyahu hand would he prostrate himself like a bitch before the wailing wall,harmful,harmful,0.910479
1526,we can never have this as long as there are blacks jews spics muslims and asians,harmful,harmful,0.926981
1527,eh i do not think i d suggest it at this point too much crime largely driven by immigrants and the fact that jobs are getting hard to find at times five years ago i would have said sure chile may be better cc <user> <user>,harmful,not_harmful,0.160522
1528,lmao gay haircut,harmful,harmful,0.629182
1529,older people experience discrimination and abuse but older people refugees are exposed to more injustice and abuse at nduta refugee camp our colleagues celebrated with people with specific needs <user> expose ageism <user>,not_harmful,not_harmful,0.119682
1530,lol good nigger <user>,harmful,harmful,0.917191
1531,she is tired of liberal faggots uwuu give me welfare open the borders i love refugees and trannies weak men turn her off she wants to be in a nationalist bed,harmful,harmful,0.924639
1532,clapton told the crowd that england had become overcrowded vote for powell to stop britain from becoming a black colony that britain should get the foreigners out get the wogs out get the coons out then repeatedly shouted the national front slogan keep britain white prophetic,not_harmful,harmful,0.913220
1533,what the hell is it with shitty gab trolls and calling people monkeys maybe that kike freud was right,harmful,harmful,0.848460
1534,throwing kitchenware is a bitch move it what physically weak women do to indicate their displeasure without actually attacking their man,harmful,harmful,0.790890
1535,edited their news headline for clarity the most common baby name for a moslem in england muhammad mohammed,harmful,not_harmful,0.147206
1536,we are falling into the dead end of a sub culture more than the ideological ghetto of libertarianism et el,not_harmful,not_harmful,0.110984
1537,i have read about this it typical nigger behavior of asserting superiority by making people move aside especially since they always circulate in gangs from what i have seen but yes somalis are like the rock botton of nigger sewer with average iq <number>,harmful,harmful,0.948652
1538,<user> queer jews unite 💘 🥰,not_harmful,not_harmful,0.192689
1539,<user> <user> <user> no it would be different in other parts of the world i clearly stated that i am talking about white privilege in the us make your argument make sense,not_harmful,not_harmful,0.023315
1540,<user> what if the sugar gramp was a ss soilder who killed hundreds of jews but is a multi billionaire 🤔,harmful,not_harmful,0.482951
1541,i am the collector of all white sauces,not_harmful,not_harmful,0.023707
1542,<user> i fucking hate you,not_harmful,harmful,0.889016
1543,<user> <user> women can not be wise estrogen makes them retarded,harmful,harmful,0.917191
1544,roflol as if a bunch of queers has any concept of what a good christian or any kind of christian is or does or would do my sides,not_harmful,harmful,0.859101
1545,i guess i get raped a lot,not_harmful,not_harmful,0.457465
1546,my bestie beach sent me a playlist full of white trash music and now i have fallen down an icp rabbit hole at work,not_harmful,not_harmful,0.238713
1547,build great wall made by prison or shitskin labor using kilms dig out moats filled with gators or flooded with rushing water fact wet backs cant swim in raging waters illegal immigration solved border patrol do their jobs where no wall or moats,harmful,harmful,0.563610
1548,was engels a kike,harmful,harmful,0.773463
1549,<user> they just some hating hoes tho lol,harmful,harmful,0.675545
1550,ooh my car so retarded this bitch just farted,not_harmful,harmful,0.932548
1551,<user> you all were mocking south east asians amp east asians esp chinese for eating insects now look at you all 🤭,not_harmful,not_harmful,0.320728
1552,indeed ncaa football is as corrupt of as the nfl maybe half of the players in the ncaa are ghetto morons who lack the minds suitable for academics,harmful,harmful,0.911859
1553,we need common sense nigger control,harmful,harmful,0.867159
1554,damn it 9 eyedeel disemboweling was my sadistic recommendation of the day with these posts the nigger beat me to it,harmful,harmful,0.904761
1555,<user> <user> what you know you crisp selling prick house the refugees you keep on about you potato shagging cunt,harmful,harmful,0.914563
1556,iokanopenprison human rights organisations are sleeping for kashmirs because they are muslims <user> <user>,not_harmful,not_harmful,0.220616
1557,bill clinton raped multiple women and lied under oath not a single democrat voted to remove him from office we refuse to accept their claimed moral authority and we will vote in our own interests as we see fit regardless of what lies the washington post chooses to print,harmful,not_harmful,0.457465
1558,why would any self respecting camel piss guzzling moslem give lurch the horseface the time of day,harmful,harmful,0.959777
1559,blue jeans white t shirt,not_harmful,not_harmful,0.010959
1560,no michael actually nigger monkeys are the problem now go back to africa and catch aids you cunt,harmful,harmful,0.987874
1561,<user> modi is brutal a hitler copycat cold blooded murderer killed christians muslims and sikhs in thousands believes in forceful proselytism kashmiris are being raped and killed in thousands <user> <user> <user>,not_harmful,not_harmful,0.298855
1562,this post is clearly bait from someone who wants to get sent pictures of asians with nice asses,harmful,harmful,0.809950
1563,<user> <user> my son died of dementia at the age of three and i am currently amidst killing my self so a stanky ass booty pic from your ching chong ass would make my life so much better rn,not_harmful,harmful,0.718702
1564,lol i am not british that must be the turkish ottoman sandnigger seed floating around in your brain well that what happens when you fuck niggers,harmful,harmful,0.967516
1565,the neo nazi faggots are all running back to twitter twatter i dunno i am attempting an educated guess the next question is what or who scared the shit out of them and made them run away,harmful,harmful,0.641039
1566,who would have thought my nigger ass would be eating some fucking california rolls lmao,not_harmful,harmful,0.910479
1567,because its a scam run by kikes to enforce world domination while using white lives to do so or perhaps you missed the part about how we have done nothing but invade nations since the end of ww2 that have never attacked us,harmful,harmful,0.854922
1568,racist pieces of shit more black kids are killed in the ghetto by other black kids so how is there never protests when an innocent little kid dies from stray bullets going through their house huh they wont because it smashes blms narrative and the truth is racist,harmful,harmful,0.919745
1569,no one did it to the niggers you lying kike whore,harmful,harmful,0.968571
1570,do not worry negress q speaks and we will show the nigger rigging a marcus garvey boat ticket is in your future,harmful,harmful,0.867159
1571,i just thought about wtf i am doing and i am fucking retarded,not_harmful,harmful,0.664231
1572,trudeau is a muzzie loving faggot he loves the goathumpers at the expense of canadians yet the canadians elected him what is wrong with canada,harmful,harmful,0.946966
1573,im anti racism but pro normalizing words like faggot and nigger and kike and so on theyre just words lmao,harmful,harmful,0.863180
1574,an illegal immigrant that came here to commit crimes is not the same as someone who comes to work abide by our american laws live in peace deportzarate justiceforkate,not_harmful,not_harmful,0.423849
1575,<user> does that include illegal aliens,not_harmful,not_harmful,0.200773
1576,and a closet muslim like obama jerks off whenever the rads go boom,harmful,harmful,0.779384
1577,stupid commie cunts fuck them well actually do not fuck the bald lesbian that just nasty plus she does not like dick and do not fuck the black one or the fat one who wants to go ghetto or hoggin the one on the left is doable though,harmful,harmful,0.926981
1578,idea for europe send refugees to caribbean to help rebuild hurricane irma damaged islands let them show how compassionate they can be thousands of miles away,not_harmful,not_harmful,0.145078
1579,i will slap da shit outta white girl bitch do not tell me you want my nigger cock,harmful,harmful,0.960430
1580,white hall senior school staffs wish fellow nigerians happy independence day,not_harmful,not_harmful,0.015090
1581,<user> <user> yeah that whole fat joe thing was a mess not all latinos are black or of african descent many latinos are white many have no african ancestry some are even asian for example there is a large asian population in south america e g ecuador brazil peru chile etc,not_harmful,not_harmful,0.004104
1582,come to an amicable agreement and resolution with the non kurdish iraqi heard of instances of iraqi arabs being barred from returning to their homes in kirkuk,not_harmful,not_harmful,0.106035
1583,<user> chinaman satanist lee hsien loong malaysian criminals have been gossiping false information to the ntuc supermarket sembawang mart staff since mid <number> swift discoveries if questioned,not_harmful,not_harmful,0.403172
1584,sit down faggots,harmful,harmful,0.978189
1585,he gave you a brillo pad that you all spend a fortune on to get rid of so you can look like white women,harmful,harmful,0.675545
1586,you hate your life just be honest,not_harmful,not_harmful,0.277863
1587,this being single shit is ghetto as fuck,not_harmful,harmful,0.882104
1588,<user> are you gonna cry becuase someone insulted your precious ching chong singers,not_harmful,not_harmful,0.358961
1589,<user> just shut up jihadi and whole country will burn you if you oppose,harmful,harmful,0.925818
1590,<user> reported for targeted harassment,not_harmful,not_harmful,0.343419
1591,women boobs nude full breasted women camsex site sex cam fetish,not_harmful,harmful,0.822731
1592,i like when they pretty and ghetto type of bitch that don ’ t even say hello 🥵,not_harmful,harmful,0.906220
1593,wotta day for putting the flag on top of your car and drive through the caliphates playing onwards christian soldiers full blast on a ghetto blaster,harmful,harmful,0.559410
1594,the bigger the hoops the bigger the hoe guy at gas station,not_harmful,harmful,0.637105
1595,tweeting about how horny u are amp how high your sex drive is is ghetto 🥴,harmful,harmful,0.841763
1596,all women who want to have kids are more beautiful than all women who do not want to have kids,not_harmful,harmful,0.538298
1597,that <number> bouncer and the boys you jumped up little nazi fag you wont see him again case closed,harmful,harmful,0.882104
1598,the koch faggots and friends should be ovened,harmful,harmful,0.969086
1599,there are good and decent people here who have no interest in hearing jew nigger kike spic jap wop dago mick kraut porch monkey sand nigger moon cricket must they endure just so you can have your opinion validated,not_harmful,harmful,0.923441
1600,i can barely go out into society anymore i basically just buy food from the beaner filled store pay all bills online then spend the day talking shit online like a coward what a life,harmful,harmful,0.609077
1601,not only that but these people fled their country this country was founded upon fighting the most well armed well disciplined army on the planet and freemen were victorious i see something in the shit hole refugees futures,harmful,harmful,0.773463
1602,<user> <user> what an idiotic comment white people are not using these asians to sue harvard the asians are suing on their own initiative hypocrite hari also known as the neckless one is trying to insidiously scapegoat white people in his anti white bigotry,not_harmful,harmful,0.850639
1603,do u have to be retarded to be a lino,not_harmful,harmful,0.883866
1604,<user> <user> are you fucking retard trump did not start this,harmful,harmful,0.809950
1605,<user> i fucking hate you 😂 😂 😂,not_harmful,harmful,0.542535
1606,<user> i live in new york this is against our first amendment rights we have illegal aliens that have raped murdered stolen identities stabbed robbed imported drugs and trafficked women and children they should not be here nor should people that call them out be penalized,not_harmful,harmful,0.732286
1607,spss is a fucking joke,harmful,not_harmful,0.432200
1608,kim kardashian is a negress by now anyway,harmful,harmful,0.876678
1609,white people think cause they was raised by black people they can say nigga what,not_harmful,harmful,0.871039
1610,do not worry uk you worked hard cannot afford carehome fees we take your house oh look in london another muzzie family in a nice flat good on you where the tex goes its a shocker,harmful,harmful,0.742197
1611,<user> it did not work with the leftists this year now did it people do not respond well to name calling not being retarded or anything but this exactly why leftists lost this year and we do not want to be them in the next time,harmful,harmful,0.679272
1612,imagine trusting that rat faced faggot kike,harmful,harmful,0.941585
1613,i do not encourage kafir kids to drink from moslem cups tissue is haram to them they wipe their ass with their hands,harmful,harmful,0.885606
1614,<user> <user> import3d terrorists and embedded muslim brotherhood stop rioting and looting,harmful,harmful,0.517049
1615,all these niggas acting surprised the 2 k20 servers are down open yo eyes jitt these niggas do not care about the community,not_harmful,harmful,0.779384
1616,when their still putting the dead in body bags but all you can think about is the backlash islamophobia the moslem community might face,not_harmful,not_harmful,0.317024
1617,so if the ghetto clans and angry dumb fems so come over with there muslum terrorist buddies that are equally great appearetly for whatever reason will this site cater to them because they do love a good upsetting it like a happening for them except is it different,harmful,harmful,0.675545
1618,went to chik fil e instead of normal quick line of cars things are slow instead of nice how can i serve u greeting its like can i take ur order nigger girl specifically asked <number> chik file a sauce get home no sauce mother fucker export all niggers,harmful,harmful,0.915886
1619,hey nazi dirtbag is your black bull keeping you occupied,harmful,harmful,0.885606
1620,nobody else would find these women attractive but the muzzies routinely fuck sheep and goats an ugly old woman is a treat to them,harmful,harmful,0.931467
1621,he is one obnoxious greasy nasty lying self serving horrible little muslim bastard,harmful,harmful,0.987874
1622,shout out to my other queer babes with trauma struggling with expressing your sexuality is not homophobic 😘 🥰 😘 k love u all,not_harmful,not_harmful,0.042941
1623,<user> your a faggot fucker coon boy suck my horse cock,harmful,harmful,0.965868
1624,gronk is retarded like there is something actually off in his big ass meathead,harmful,harmful,0.950289
1625,how do we instigate a war between japan and israel shinzo abe did not like the shoe desert the kike served him,harmful,harmful,0.817702
1626,<user> screw you you homophobic asshole,harmful,harmful,0.966426
1627,bi i am ded this nigga almost crashed into a cop car that cop was mad as hell pulled him over everything 🤣 🤣 🤣,not_harmful,harmful,0.517049
1628,good morning tonight i had a nightmare where all tj suddenly became horny for todd and people were shipping him with hank there were fanarts and whole threads about it and i wanted to kill every single one of you,not_harmful,harmful,0.542535
1629,<user> where is the diversity video full of white people trust me very painful for the minority very painful,not_harmful,harmful,0.517049
1630,blah blah blah gay reference deep state blah blah blah lol just come out the closet already homo,harmful,harmful,0.967516
1631,nigger and a chimp walk into a gay bar iran has nukes istandwithisrael,harmful,harmful,0.822731
1632,what are the odds that there ll be more hostility to women in politics after we emerge from this it already quite present on here but we are something of a bubble 🤔,not_harmful,not_harmful,0.086780
1633,<user> safe and affordable killing of helpless babies just what a muslim wants one less infidel to kill or convert,harmful,harmful,0.910479
1634,<user> she looks retarded,harmful,harmful,0.979255
1635,<user> hot take incoming more racism and sexism from minorities than the white majority in this country,not_harmful,not_harmful,0.428019
1636,<user> well done the white e pawn promotes to all possible pieces allumwandlung and the black pawn b7 makes all possible moves pickaninny,not_harmful,not_harmful,0.257803
1637,but it more than that it really about people not accepting gays trans lesbians because if their religious beliefs for that reason it gives conservatives the cover of attacking free speech they are lying their ass off they do not want to not say faggot anymore,not_harmful,harmful,0.804644
1638,cuh cuh cuh communism nah pass this nigger worked too hard for handouts i prefer the uncertainty the risk the gasp entropy of capitalistic competition,harmful,harmful,0.656581
1639,<user> <user> jews actually are the most over represented,not_harmful,not_harmful,0.244967
1640,canfam next make sure that everyone you know sees video footage of taharrush gamea from europe and let them know europe has imported the muslim gang rape game and that the euro press has totally blacked out this epidemic of horrifically violent gang rape and beatings of european women,harmful,not_harmful,0.495737
1641,i am glad you found some self respect but i am not gone acknowledge it because you already let musty nigga air yo club out and now you gotta child that half musty 🤦 🏽 ‍ ♂️,not_harmful,harmful,0.799227
1642,<user> <user> you must be seriously retarded,harmful,harmful,0.981235
1643,<user> im buying a pair in support of hoping to offend more muslims,harmful,harmful,0.571981
1644,this kike is still alive wtf,harmful,harmful,0.898718
1645,<user> <user> i ’ m not on about your beef i was talking about calyko being retarded but yours also needs to stop,not_harmful,harmful,0.903281
1646,i swear dykes who dress like straight boys discuss me fr who taught you all how to dress put on some mf jeans,not_harmful,harmful,0.907659
1647,the question i ask myself most often is why the negro race keeps running away from themselves to live amongst the white race and then turn around and blame the white race for their pathetic existence in the land from whence they came,harmful,harmful,0.895571
1648,dear ghetto dwelling leaches put down the crack pipe and weed <user>,harmful,harmful,0.869111
1649,cantwell is actually talking to federal agents and nehlen has a spic wife so what you are saying does not make sense the only reason i think you could be saying these things is if you are a subverter yourself,harmful,not_harmful,0.457465
1650,<user> eldar is queer race imperium of man is patriarchy welcome to the new faggotry lmao,harmful,harmful,0.944336
1651,<user> the important detail being brushed aside here is that he first inquired about housing refugees himself he just did not like the price govt offered him serves that fucker right,not_harmful,harmful,0.817702
1652,you all taking harassment to another level out here,not_harmful,harmful,0.648850
1653,i dont think im getting my baby them white 9 he has two white j and nikes not even touched,not_harmful,not_harmful,0.226537
1654,in recent years we have frequently seen poor people suffer immensely in avoidable tragedies from the grenfell tower block fire in london to the burning of makeshift refugee camps across europe,not_harmful,not_harmful,0.048912
1655,bringing in pro sharia law immigrants is like letting a drunk driver take kids to school on the bus it like letting a serial killer out of prison and hope he she has learned their lesson,harmful,harmful,0.903281
1656,i have a question for you <user> why do you think all these nasty dirty towel heads want to kill whites why do you think they are in our white lands i am just curious here,harmful,harmful,0.799227
1657,anyone that stepped foot on desert soil and fought those sand niggers please tell me does it make you sick to see them taking over america,harmful,harmful,0.893965
1658,robbers of thy people shall exalt themselves militant jews wanted independence from egypt but their revolt was not successful,not_harmful,not_harmful,0.217697
1659,thinking about how i can be more unapologetically queer,not_harmful,not_harmful,0.008086
1660,<user> is it on wattpad a bitch is broke to buy it lmao,not_harmful,harmful,0.633152
1661,blacks are much fatter in white societies but they complain a lot guess thats why they all want to move here we tried investing there but they ate all the missionaries and raped all the nuns they dont understand homosexuality,harmful,harmful,0.869111
1662,chopra is a curry nigger who utters meaningless new age platitudes like only you can poison your soul,harmful,harmful,0.949477
1663,he has not done anything he deported a couple beaners so what even barry did that,harmful,not_harmful,0.407282
1664,tfw i never got to use my white privilege to just walk into a starbucks and take a huge shit without buying a small coffee,not_harmful,not_harmful,0.449013
1665,<user> <user> both are equally as retarded and awful,harmful,harmful,0.926981
1666,hey nigger lover we don t care what you have to say here go back to your nigger friends,harmful,harmful,0.984130
1667,it still in debate on whether or not it harassment or this guy just being really good at twisting a story,not_harmful,not_harmful,0.075361
1668,fact whites are the only race that care about animals niggers eat them chinks torture them and arabs fuck them,harmful,harmful,0.934662
1669,he also supported other causes in <number> he tackled the issues of human trafficking and gang violence when he directed the videos for his tracks for a better day and pure grinding all the songs have a story i wanted to tell avicii said avicii qanon,harmful,not_harmful,0.068533
1670,to each their own i prefer not to get into pissing matches with wn on either side of the kike on a stick issue i d rather find common cause with both factions i am sure a christian would provide you better discussion on the matter,harmful,not_harmful,0.302441
1671,perverted old kike drooling over yentas sad,harmful,harmful,0.876678
1672,<user> he will probably be too busy selling his undies to nazis on ebay,not_harmful,not_harmful,0.423849
1673,<user> <user> <user> <user> this girl is retarded i swear to god 😂 😂 😂 😂 all her arguments collapse halfway 😂 😂,not_harmful,harmful,0.970583
1674,all my friends and peers are being openly racist towards asians and this bitch is not having it,harmful,harmful,0.637105
1675,the mcu wants what disaster report by matthew del tubo has,not_harmful,not_harmful,0.069630
1676,doctors are always giving women incorrect information on hormonal birth control or leaving out important information and it not okay,not_harmful,not_harmful,0.158237
1677,why are the most extreme feminists always lesbian dykes trying to be guys anyway,harmful,harmful,0.817702
1678,remember when i used to fight edgelords on here who started crying when i called them white good times,not_harmful,not_harmful,0.465943
1679,<user> <user> your sweeping vision is to rob the taxpayers to support illegals release criminal illegals into our communities to rape and murder our children and to bankrupt the residents and small businesses with more taxes rather than lowering taxes <user> <user>,not_harmful,harmful,0.773463
1680,and of course where this ultimately leads to the tate murders failure to occur what this creates in effect is a fantasy jewish moralizer comparable to the war against the germans existing in ib while simulatenously offering a holocaust negation fantasy,not_harmful,harmful,0.563610
1681,sounds pretty queer to me,not_harmful,not_harmful,0.403172
1682,my ching chong is so cutie,harmful,harmful,0.693949
1683,if hopper is died you all niggers better count your fucking days <user>,not_harmful,harmful,0.944336
1684,<user> google aa girl having hair cut off by <number> white boys at the school where pence wife works cnn nbc bbc cbs they were all in and indirect smear of pence turns out fake but that is journalism these days,not_harmful,not_harmful,0.291757
1685,<user> katie hopkins reports pakistani muslim man assaults white man is racist attack civil unrest as crime against english people from immigrants rises,not_harmful,harmful,0.512789
1686,ok there white knight are you thirsty for her nigger cum drenched cunt,harmful,harmful,0.958439
1687,a nigger will never respect jesus a nigger will never respect anything if jesus was black he would respect jesus but because jesus was white even an educated nigger will never respect anyone white,harmful,harmful,0.939680
1688,can i say nigger too,not_harmful,harmful,0.793697
1689,even when they are stuck between two white babies like an inside out oreo cookie,harmful,harmful,0.728929
1690,so there is nothing wrong with them leaving women alone if they are worthless to them,not_harmful,not_harmful,0.482951
1691,totalbiscuit mainly attacked sjws because they attacked him first in hysterical and extremely aggressive terms for looking into the quinnspiracy on his own and not <number> going along with the narrative he shares most of the sjws views on gender feminism etc but is slightly less retarded about it,harmful,harmful,0.686657
1692,the gay gods gave the lesbians <number> rights this day,harmful,harmful,0.664231
1693,silent ive learned a lot in my life corn can be white red amp sometimes blue mars takes about <number> years to get to and you re the biggest retard,harmful,harmful,0.929257
1694,the left labels trump supporters as being uneducated but chooses to side with third world refugees that have zero conception of how democracy works just liberal things maga democrats cucks trump,harmful,harmful,0.779384
1695,<user> now how about all of the deaths attributed to illegal aliens in tx do the rest of the victims and the families that will never see loved one agains texas,not_harmful,harmful,0.517049
1696,<user> news youtube just showed a reporter interviewing supposed syrian women begging for money on the streets in france they turned out to be romanian gypsies who dressed in moslem outfits had learned a few arab phrases to say they were from aleppo syria google – gypsy village buzesku,not_harmful,not_harmful,0.366848
1697,🖤 whoever lectures criminal procedure deserves happiness life and wealth my week just became great,not_harmful,not_harmful,0.182298
1698,<user> pass the funding you ’ re hurting the poor illegal aliens,harmful,not_harmful,0.440590
1699,i hate arabs,harmful,harmful,0.918477
1700,<user> would have pressed that bitch and beat the faggot out of him,harmful,harmful,0.969086
1701,president trump has the patience of a saint if it were me in his place i would have declared martial law rounded up every member of the retarded liberal media and shipped them all to a gulag in antarctica,harmful,harmful,0.943433
1702,these hoes really be talking bout another hoe and still be in that hoe face,harmful,harmful,0.629182
1703,grown ass men doing women activities and lil faggot boys taking your daughter homecoming queen crown this what the fuck yall wanted,harmful,harmful,0.934662
1704,yes because a name determines who is a kike and who is not obviously i am just as much a full blooded german as my great granduncle and namesake,harmful,not_harmful,0.174795
1705,whitey prevails for a change miss south africa beats out a nig two spics and a gook to win miss u,harmful,harmful,0.748670
1706,it irritates me the way these african nature shows all give the animals names like those of their nigger poachers the animals themselves are of course outraged,harmful,harmful,0.878510
1707,please can you enlighten me as to why chabad jews think they are superior are we all not gods children <number> is a very important number yes its not just your religious number i would welcome conversation with you to try and understand your attitude towards goyem life,harmful,not_harmful,0.114394
1708,suicide the camel face muscum cunt,harmful,harmful,0.893965
1709,more anti white nigger bullshit coming soon to a screen near you apple oprah to team up in creating original content fox news,harmful,harmful,0.546764
1710,drag and drop these groupie bitches in da trash bin,harmful,harmful,0.951876
1711,meh more likely it the digital version of rent seeking racist kike slumlords son do not rent to white men white men insist that the plumbing works and do not rent to your brother he deserves better than a ghetto,harmful,harmful,0.809950
1712,my cat is more intelligent and capable of feeling human emotions than a nigger,harmful,harmful,0.859101
1713,attention all lieberal feminazi here a cause for you put on your pussy hats and go get the toxic male responsible for actual pussy grabbing c mon lying bitches still waiting,harmful,harmful,0.910479
1714,true but the most disgusting thing would be a muslim twerking a goat,harmful,harmful,0.825205
1715,because that is freyrs job virility and why has not jesus turned your nigger blood white,harmful,harmful,0.917191
1716,<user> the day our master brought home trailer trash,not_harmful,harmful,0.711755
1717,miss the chinaman in the hood yo,harmful,harmful,0.679272
1718,<user> a redneck woman,harmful,not_harmful,0.419690
1719,<user> <user> but im a good goy i dindu nuffin,not_harmful,not_harmful,0.140899
1720,<user> what a vile gobshite it ’ a management issue not a immigrant issue and then she defends the us healthcare system wild,not_harmful,not_harmful,0.382832
1721,oh i am a person i say you do not like challenges you turn your head when it niggers act like niggers but when a white steps to you like a nigger and you think you have a chance your wrd salads help not you cosmo faggot that a white american expression,harmful,harmful,0.790890
1722,biological traitors that want to wallow in a ghetto,not_harmful,harmful,0.844021
1723,<user> i know that you think that white peoples ate racist and hate you but there are a lot of people who love this country and their god given rights they love their president too many of these people have put their lives in the line over seas just saying,not_harmful,not_harmful,0.099740
1724,i do not blame orlando pie rats for loosing like this they are drunk from that black label 😂 😂 😂 mtn 8 ss diski wafa wafa,not_harmful,not_harmful,0.358961
1725,high iq but still retarded,harmful,harmful,0.859101
1726,old ass bitch called me gay at the gas station yes that ’ a fact i will also fuck you up 🤗,harmful,harmful,0.865181
1727,<user> goad is sharp and has an ear for the language i keep trying to pull myself from interacting with long gone progressives in the f***book <censored> ghetto and write for publication to sway people who are open to reason instead,harmful,not_harmful,0.093780
1728,frikkin jootoob put it in restricted mode now could not watch the whole show live and the spergchat replay is now gone sadface emoji many lulz in gariépy ghetto will be missed youc the nuke hoiyt sum poowah diyvoyse folks feewings and got poowah papa jf reepoyted ohw gawd,not_harmful,not_harmful,0.254554
1729,<user> <user> <user> <user> as if he afraid of a bunch of frail white boys who say mum instead of mom hahaha,not_harmful,harmful,0.682976
1730,what a tortured little soul is putting a period after every word the white people version of clapping your hands as you speak it been a long time since i have seen your what a dolt,not_harmful,harmful,0.708243
1731,true lotta coons in antifa,harmful,not_harmful,0.320728
1732,msm blamed this muzrat terrorist attack on women and dropped the story like it was a hot potato,harmful,harmful,0.621189
1733,i noticed in this sting operation video the brown third worlder who was unabashed about banning right wingers is an indian its very embarassing for us indians in india when these dumbfucks go to usa settle there and then decide to backstab white majority by spewing venom against them kick them out,harmful,harmful,0.907659
1734,homosexuals did the holocaust,harmful,not_harmful,0.461702
1735,alex is my friend not a stupid nigger other alex is,harmful,harmful,0.625194
1736,dying at all the hillbilly canton moms on social media like if you yell at my son i will kill you with these redneck bare hands chill out sabrina all you are gonna do is give me the stink eye at the drive through cig place and keep it moving lmao,harmful,harmful,0.517049
1737,mysterium tremens why do new yorkers continue to support insane kike djuggie schooma,harmful,harmful,0.801950
1738,<user> there are muslim umma fuckers muslim halal facebook is not reliable we must have a website social networking far powerfrul than muslim halal facebook we can destroy the coward muslim umma fuckers very easily,harmful,harmful,0.961706
1739,because e should have bee asians and f should have been all the above,not_harmful,not_harmful,0.284759
1740,pro tip the niggers do not care if you never owned slaves granddaddy fought the natzis or great great grandad ground the confederacy into dust with the boot heel of the proto bolshevik yankee gubment force of weight and arms behind it they hate you because you are white and you exist altright,harmful,harmful,0.686657
1741,<user> <user> now you know why valerie planet of the apes jarrett and barack porch monkey obanger rented an apartment across the street on pennsylvania boulevard it called a wiretap,harmful,harmful,0.675545
1742,fyi the relay nigger arrived shekels delivered,harmful,harmful,0.682976
1743,so called peaceful tolerant people rejecting democracy by promoting violence intolerance are no less bigots than those they condemn <number> years of liberal political failures to commit to viable change have only led to a disillusioned middle nurtured extreme views on the left and right,not_harmful,not_harmful,0.198051
1744,they are allowing this beaner on ellen degenerate show because no one but thots and other assorted sjw wymyn watch that shit,harmful,harmful,0.931467
1745,black be bootyful sheboons something even their gorillas dont want nobody wants,harmful,harmful,0.600926
1746,ben is a dumb kike but he sure is god at burning sjw faggots so he is a predictable winner for fag to fag confronts,harmful,harmful,0.882104
1747,foolish women removing their mangalsutras themselves what else to xtian n muslim men want,harmful,not_harmful,0.449013
1748,<user> we knew from the beginning it was set up for that white bitch to win smfh 🙄 ru a coon,harmful,harmful,0.975491
1749,what you would consider a long time ago someone in my family married a moslem american whose family was rich this person was constantly mentioned to me as having the happiness and success all young american women should strive for lots o shopping big house w swimming pool etc <user>,not_harmful,not_harmful,0.039570
1750,<user> <user> <user> <user> ⬆️ is not m ichael g oguen looking at using crispr to eliminate autism 🤔 $$ white nationalists,not_harmful,not_harmful,0.415542
1751,or the construction company hired some raghead sleeper cell asshole,harmful,harmful,0.951088
1752,jews got whites hooked on nigger culture,harmful,harmful,0.852794
1753,also women from different countries do not fall for that white wash shit it not worth it i state this because <percent> of women from different places countries support people who do not fuck with or like them not saying to hate them but avoid conflicts or situations like that,not_harmful,not_harmful,0.313343
1754,i know my previous post was pretty cucked i believe in enforcing the law but this guy was a good kid why can not we just deport the shitskin muzzles instead that why i mainly voted for trump,harmful,harmful,0.907659
1755,yellow kirby likes to wear women clothing,not_harmful,not_harmful,0.295293
1756,do not feel bad the muzzies have a party every time a westerner is blown up cheers <number>,harmful,harmful,0.592718
1757,i feel whoever dresses amy want her to look ridiculous love island,not_harmful,not_harmful,0.491473
1758,<user> me to you 😂 or i am like you know what i take it back fuck you too hoe 💀,not_harmful,harmful,0.867159
1759,dese two dykes on fb arguin postin each other pics callin each other ugly sb den commented you all havin a dyke off im ctfu,not_harmful,harmful,0.946966
1760,in time my friend in time they do already support the acid in my moslem wife face libtards hollywood sucks,harmful,harmful,0.790890
1761,i am so pretty men and women love me,not_harmful,not_harmful,0.084114
1762,feminists are the gender counter to how muslim males think of all women in the world feminism feminist <user>,not_harmful,not_harmful,0.440590
1763,<user> <user> i am not defending biden he is a fucking relic but to suggest his position is zero taxes on millionaires is dishonest,not_harmful,not_harmful,0.411406
1764,i am a pumpkin bread slut,not_harmful,not_harmful,0.291757
1765,it not just mainstream media i do not like the argument that many people on gab or any where on the interenet have yo my neighborhood had a bunch of asians and blacks moving in i moved cause i did not want to deal with that that not genocide,harmful,harmful,0.542535
1766,how long until it is revealed hollywood stars and directors raped and molested children regularly and it was known and an open secret within the industry,not_harmful,not_harmful,0.419690
1767,<user> <user> oh i do not want to even think about that gives new meaning to camel jockey,not_harmful,not_harmful,0.358961
1768,this was a total bullshit rule housing is segregated by income more than anything this rule would force wealthy neighborhoods to allow section <number> housing be built in high end communities under the guise of diversity and equality bringing the ghetto to you,not_harmful,harmful,0.690315
1769,pretty sure he fought the confederacy pretty sure your party uses lincolns name to endear coon black folks like <user> and <user> to your party while at the same time celebrating the people who fought him and killed him lol,harmful,harmful,0.776437
1770,<user> here is how to end sanctions on syria <number> expose the white helmets via select committee senate committee <number> show how ngos reporting on syria rely on white helmets <number> show how this collapses the entire edifice of lies <number> show how assad should be backed against jihadists,not_harmful,not_harmful,0.309685
1771,sterling is a fucking retard,harmful,harmful,0.989224
1772,<user> so basically she saying amari dindu nuffin,not_harmful,not_harmful,0.251330
1773,kevin spacey raped me by making me watch all the way through that queer man fantasia american beauty in the hope of seeing mena suvari tits metoo,harmful,harmful,0.580310
1774,<user> the only woman of color in the room is the chinaman doing the interview,harmful,harmful,0.605008
1775,when you are fighting a war as retarded as afghanistan all you have to keep you going are your brothers and he betrayed them i do not even want this shithead tortured i just want him dead you do not waste torture on a cockroach you step on it,harmful,harmful,0.947815
1776,theyblove hezbollah they have admitted this id rather submit to a jew than even acknowledge a sandnigger terrorist group is even remotely okay not saying i would obviously,harmful,harmful,0.898718
1777,fuck these trifling ass hoes bruh,harmful,harmful,0.976293
1778,i did not say anything about the violence in chicago other than a lot of people are responsible for it lol,not_harmful,not_harmful,0.102845
1779,<user> <user> <user> <user> compared to other faggots i indeed am,not_harmful,harmful,0.822731
1780,<user> is concerned about kashmir she is not concerned that <user> threatened terrorism bloodshed and nuclear holocaust on <number> billion indian citizens in front of the whole world at unga,not_harmful,not_harmful,0.440590
1781,september ain t waste no time out this ho he came faster than some of you niggers,harmful,harmful,0.904761
1782,<user> jews have their own country they should stop meddling and trying to flood our nations with immigrants,harmful,harmful,0.901780
1783,twatter does not like muzrat either,harmful,not_harmful,0.470188
1784,the person i am closing with called in sick then texted me happy birthday 😂 😅 fuck you to bitch,not_harmful,harmful,0.910479
1785,dont try to follow me cunts i aint blind bitch faggot sandniggers,harmful,harmful,0.977822
1786,how do you keep nigger kids from jumping on the bed you put velcro on the ceiling,harmful,not_harmful,0.470188
1787,i am happy once the last kike hangs from a tree,harmful,harmful,0.911859
1788,there already enough photos of that retarded freak of nature on its twitter page,harmful,harmful,0.949477
1789,when muzzies rule the uk this is what happens,harmful,harmful,0.592718
1790,idk about you but i think kimjongun is perhaps retarded no offense to retarded people northkorea,harmful,harmful,0.919745
1791,daily reminder that if i see you like retweet some homophobic or transphobic bullshit i am reporting and blocking you i do not know who hurt you so bad for you to not be able to mind your own damn business unless your fucking a queer person but you all need help self reflect,not_harmful,harmful,0.809950
1792,enjoy your kike faith,harmful,harmful,0.660416
1793,on god america be like i hate niggers but i will let a entity from the dark realm chill upstairs,harmful,harmful,0.837166
1794,i be under this nigga like he mine,not_harmful,not_harmful,0.374806
1795,ijeuma oluo lol bet their real name something really ghetto like ty jon or something i notice that the woke african americans love to use african names to virtue signal their identity like that comic artist kwanzer osajyefo,harmful,not_harmful,0.394992
1796,police are reporting they are on the look out for moslem convert terror suspect al samel haeed,not_harmful,not_harmful,0.474440
1797,damn i have not seen a nigger get whipped that badly since kunta kinte,harmful,harmful,0.895571
1798,family has always been important to me and i will hunt down people who hurt them you are freakin retard she may be my niece but she your freakin daughter some mother you are leaving her for some other kids that are not your own,not_harmful,harmful,0.911859
1799,yfw deadpool is trolling niggers to death irl,harmful,harmful,0.817702
1800,no chain migration is a bottomless pit of immigrant flooding into the country their mamma and dadda their brothers and sisters their grandparents their aunts uncles their kids etc etc etc family reunification my ass,harmful,harmful,0.854922
1801,worst mistake ever shouldve sliced off the balls of all africans killed them just like the arabs typical christ cuck pussies why the fuck would you endanger your white stable gene pool by allowing africans to breed jews subverted your cucked religion for a reason,harmful,harmful,0.966975
1802,and i hate you “ it ’ a class in here ” bitch you see students coming in that ’ not in yo class right,harmful,harmful,0.704707
1803,<user> <user> but answer the question first ya islam mein sawaal puchna bhi haraam hai,not_harmful,not_harmful,0.125178
1804,i bet your queers have a hard time typing the word pussy that is why you shit logs smell like ass and astro glide,harmful,harmful,0.950289
1805,i want roy moore to win even if it only to hear all the kikes commie faggot scum screaming about inbred misogynistic toothless alabama hillbilly white trash,harmful,harmful,0.906220
1806,niggas pulled up on a nigga said hey come to hr for a drug test homie said word bet i quit lmfao,not_harmful,not_harmful,0.343419
1807,white people are fucking retarded,harmful,harmful,0.972009
1808,plus he a faggot so he likes things up his ass,harmful,harmful,0.942516
1809,snow nigger does not want to be blamed for slavery and the sins of past white men but wants to take credit for everything else low iq bottom feeder trailer trash,harmful,harmful,0.940640
1810,it always women trying this shit like dingbat dingell and joe manchin not a single woman should be allowed to serve in congress,harmful,harmful,0.961706
1811,in two tweets a naive cuck and midwit jew perfectly illustrate white jew relations cuck sees jewish listed twice on dnc tweet hmm sumptins fishy kike tries to shut it down anti semite cuck expects fairness and explains kike suck my dick harder goyim,harmful,harmful,0.946102
1812,justin you fucking retarded asshole get this through your thick skull once and for all even the globalist scumbags running the un will not pick a retard like you to be the secretary general,harmful,harmful,0.981235
1813,asap rocky talkin bout how he been a sex addict since junior high nigga join the club,not_harmful,harmful,0.567801
1814,i feel that i am a muslim and you whores need to put on a burqa so that someone that is not me accidentally does not stone you to death,harmful,harmful,0.900260
1815,<user> i hate you i ’ m just reminiscing,harmful,not_harmful,0.044365
1816,we coming for your dollars better call the cops you want a war we got a nuclear holocaust,not_harmful,harmful,0.690315
1817,<user> well not really islam does not care for ridicule nor reason you beat islam like you would a pack of wolves just do not be a bitch and act tougher than they are problem solved oh and do not invade their hunting grounds if you can help it,harmful,harmful,0.637105
1818,there is a yid involved in very single breaking story out of the white house it interesting that jews are over represented in our government but can somehow avoid blame for any failures in governance it as if the media is somehow colluding to absolve them of any guilt,harmful,harmful,0.563610
1819,<user> <user> <user> <user> naam tak rocky handsome se copy kiya hai itna bhi nahin janta ki tere baap dada bhi hindu the and turk came and raped and some turned muslim and idiots like you think you ruled us for <number> years ja pehle history pad phir baat karna,not_harmful,harmful,0.641039
1820,<number> yr ago muslims shot killed whites blacks latinos asians christians jews for the fact they were non muslim americans sanbernardino,harmful,harmful,0.546764
1821,if these ghetto trash gangsta pussies are so bad ass then why do they almost always group up in packs of <number> or more to attack a solo white person and they tend to pick weakened inebriated or incapacitated victims doh,harmful,harmful,0.804644
1822,just call the jews what they really are god suplanters,harmful,harmful,0.962329
1823,yep it been going on a while if only people would listen to people like tommy like us but they do not they like to feel good and not think about the up to a million underage girls raped over the decades,harmful,not_harmful,0.465943
1824,<user> i fucking hate you he mumbles looking up at him,not_harmful,harmful,0.637105
1825,yet another muslime nigger heard from,harmful,harmful,0.968047
1826,i look forward to the days where women can support each other by teaming up to be homestead mother teachers and take back the education that is instilled in them no more hating yourself because you are white,harmful,not_harmful,0.226537
1827,rt mindtendencies2 those who hate you for being real usually love your mask,not_harmful,not_harmful,0.084114
1828,i get on twitter just talk shit about you cause u a scary ass hoe 😂 amp i want your head hoe 🤷 🏽 ‍ ♀ ️ but im off this shit good night 😘 ❗ ️,harmful,harmful,0.788056
1829,justin trudeau is the retarded asshole bastard son of fidel castro,harmful,harmful,0.971066
1830,the three women refs in the women uconn vs texas basketball game tonight stank despite the crappy officiating the better team won,harmful,not_harmful,0.251330
1831,another bbc poster paki stani,not_harmful,not_harmful,0.298855
1832,lool it bare gyal clown i see that get no gyal 😂 they just sad cus they get no bitches but do the most to get em 😭 try harder,harmful,harmful,0.804644
1833,couple of days ago corrupt dhimmi moslem cock suckers in msm said <number> rohingya moslems gone to bangladesh earlier 2 day skynews said <number> now channel 4 news say <number> me thinks fake news by moslem funded whores quite frankly who gives a shit as long as moslems fo to moslem shit holes,harmful,harmful,0.933612
1834,looks like twitter keeping my shit fuck jack retweet to help a nigga out,harmful,harmful,0.715241
1835,<user> 😭 😭 😭 okay cause she was mad as fuck like what the niggers do to you ma am 😭 😭,harmful,harmful,0.782303
1836,i would say its the jews but well it is sorta its not that simple,harmful,not_harmful,0.167538
1837,nonsense obama could do what he wanted because there was no opposition and no judges over ruling him trump is opposed by dems republicans all levels of judges the media the bureaucracies the deep state and his own kike cabinet and shysters and family,harmful,harmful,0.871039
1838,thanks jews how it started,harmful,not_harmful,0.432200
1839,<user> of course a fat white bitch is pro another fat white bitch,harmful,harmful,0.876678
1840,he called me a pig when i asked question lol he has no answer its just typical yid technique believe me even i lie otherwise it anti semitic,harmful,harmful,0.613130
1841,<user> <user> you decide to follow his twitter and rant about his posts retard,harmful,harmful,0.555203
1842,2 3 andme is a strange choice for this sort of thing given that it primarily works at the behest of the israeli government to determine who is a kike or not,harmful,harmful,0.854922
1843,me quietly sitting in class with my friend and showing off my shoes to her look my friend your gay is showing,harmful,harmful,0.770461
1844,note how the students mentioned in this article all have foreign names middle eastern african likely moslem yet the vast majority of rural uk is white british these are the people who need to commute often with poor rail bus services cities with good commuter services are full of immigrants,not_harmful,harmful,0.534057
1845,the left just got caught in their own trap they promote islam and inter racial marriage mudsharks etc now they want to eliminate freedom of association and not mix it up you cannot fix stupid,harmful,harmful,0.641039
1846,do the democrats feel white privilege or white racists are the problem these retards are retarted,harmful,harmful,0.922227
1847,funny you should mention that muzzies believe dog saliva is filthy according to mohamed they r truly vile 🤣,harmful,harmful,0.897155
1848,we can either all gang up on the kike or the kike can get everyone to gang up on us,harmful,harmful,0.919745
1849,asexual aromantic and agender are a part of the lgbtq community you morons,not_harmful,not_harmful,0.226537
1850,flying with a bottle of messina hof red in a suitcase full of white clothing we are about to find out how much karma has in store for me,not_harmful,not_harmful,0.106035
1851,tomi lahren is the epitome of the white bitches all our folks wanted us to avoid,harmful,harmful,0.923441
1852,i said that ghetto trash like emminem is in at the moment and my acct got blocked i signed in an deleted my account tired of being lectured and censored while ghetto trash is allowed <number> speak freely,harmful,not_harmful,0.487211
1853,<user> <user> yeah private schools will let your kid get raped and wave it off as tradition,not_harmful,harmful,0.555203
1854,conservative values are universal it just a weird statistical blip that they arose in a <number> white america and survive in a <number> white gop captain demsrrealracist,not_harmful,not_harmful,0.453236
1855,<user> i agree with this not that it matters tho cause i am a white boi lmfao,not_harmful,not_harmful,0.309685
1856,i swear if i ever die someday and some sorry son of bitch votes democrat on my behalf i will comeback and slash that motherfucker,harmful,harmful,0.914563
1857,i just want women to look at me and think to themselves how does this bitch have a boyfriend and i do not,not_harmful,harmful,0.901780
1858,school is hella gay,harmful,harmful,0.748670
1859,construct bread and circuses ghettoes for white men to crowd into football and video games to keep them from being political but then attack the circuses with politics,harmful,not_harmful,0.366848
1860,<user> <user> draws eyes hey here is a service where games come and go at a <number> month cycle that retarded,not_harmful,harmful,0.534057
1861,anti nazi merch and shit rules but no matter the context i ’ m not buying anything that has a swastika on it,not_harmful,not_harmful,0.140899
1862,lmao who seeing cupcakke tonight i am down af to go but i got no bitch to go with,harmful,not_harmful,0.419690
1863,<user> oh boy you are a retard but can be chill you remind me of the kid we used to fuck in the locker room before gym,harmful,harmful,0.953415
1864,killary is such a bitch she should be behind bars,harmful,harmful,0.978189
1865,kepurdhat nkonzerve jon si mean girls 2 shi bitch you tried to do sum like the og but you flopped mad,harmful,harmful,0.852794
1866,fuck her she nothing but a kike that will play which ever side that will get her paid,harmful,harmful,0.960430
1867,<user> ccp china z i is happy to kill all freedom fighter please pass hk human rights democracy act and free hong kong standwith hk,not_harmful,not_harmful,0.453236
1868,two of the people i am really getting sick and tired of seeing as guests on these evening news programs are that wild eyed gook malkin and the physically retarded jew krauthammer i change the channel when they come on there are others the list is growing,harmful,harmful,0.956353
1869,hey why was there an army of debtors and economic refugees which could flood into the continental interior during the 1 9 th century in the first place y know the western frontier settlement etc i know the magic freedom capitalism scroll protects us from stalin but why do you think that was,not_harmful,not_harmful,0.025337
1870,make up your retarded mind did hitler or did he not kill <number> jews,harmful,harmful,0.751866
1871,lol oh yeah ok you wanna fight lets go queer anyone who jojns the military withour being drafted is a faggot too,harmful,harmful,0.947815
1872,what the fuck coca cola not a joke multicultural commercial featuring song america just had muslim immams and head bags and lyric god shed his grace on thee in arabic they really want us fucking dead,harmful,harmful,0.799227
1873,<user> and homosexuals are tired of being portrayed as overly feminine men who only say yass bitch gurl and twirl around there are so many of us that are not like that,not_harmful,not_harmful,0.177269
1874,microsoft retarded the entire us information technology industry for <number> years because the keeped migrating and mutating their application program interfaces so that third parties could not built sense making tools on top of the microsoft offerings david robert steele i know more that steve ballmer,not_harmful,not_harmful,0.209109
1875,you know what i like to do when i come to california get raped by the gas prices,not_harmful,not_harmful,0.394992
1876,<user> <user> sikhs get called towel head by racists all the time to have someone from a sikh family do the same is ridiculous,not_harmful,not_harmful,0.482951
1877,<user> <user> <user> <user> <user> <user> that funny i can not for the life of me remember even one circumstance where any democrat sided with putin kim jon un nazis white supremacist or the kk,not_harmful,not_harmful,0.211944
1878,<user> i mean if sexual harassment is just mean girl drama,harmful,not_harmful,0.411406
1879,fellas is it gay to have gay friends,harmful,harmful,0.697559
1880,i went to the post office today and asked the <number> lb sheboon behind the counter how much faster a letter to amarillo would get there if i used express mail her exact reply mayne you really expeck me ta know diss,harmful,not_harmful,0.254554
1881,<user> from shithole countries lol go suck on an orange turd,harmful,harmful,0.964141
1882,in fact i can not find anything fuzzy or warm about my dutch ness we are a pretty dour people always having to stick our fingers in dykes while wearing wooden shoes does that to you,not_harmful,harmful,0.682976
1883,yeah who knows maybe or hes just mentally retarded,harmful,harmful,0.644953
1884,i am starting to think it the jews 👀,harmful,not_harmful,0.390923
1885,mead mutton and a proper medieval mace ball we can take a roman bath afterwards as if you do not wash greasy kike blood off within a certain period of time the parasites they carry are very hard to dislodge <wink>,harmful,harmful,0.906220
1886,imagine if someone wrote a <number> page racial history of jews white interactions in europe and casually noticed that millions of jews had been baptized and became faithful productive citizens that reversed is what i hold e michael jones has done teamwhite,harmful,not_harmful,0.101282
1887,post that kike star again and you can wear them in the oven,harmful,harmful,0.865181
1888,atomaweapon is a puny faggot trying to be big shit asking billshit questions to dodge the subject,harmful,harmful,0.964141
1889,niggas love staying in contact with they old bitches,not_harmful,harmful,0.648850
1890,<user> you ’ re retarded if you believe this,harmful,harmful,0.959777
1891,bouta put my professor on queer eye cuz this bitch can not dress,harmful,harmful,0.889016
1892,please address the issue of white kids quotations for obvious reasons being raped all across the uk by muslim grooming gangs rotherham is but one city where this is happening but there are many many others and yes this is still continuing and still not being addressed by the police,harmful,harmful,0.605008
1893,calling someone nigga is acceptable but calling someone faggot it not the same,not_harmful,harmful,0.822731
1894,old white people really think they are entitled wow do not doubt the power i have over your exams bitch,not_harmful,harmful,0.834829
1895,or white black on gay black on white black on trump violence is common the media schools and gov will have you believe it is the opposite,harmful,not_harmful,0.351150
1896,rae accent is fuckin magical she my lil hillbilly country babe <number>,not_harmful,harmful,0.592718
1897,nobody dykes yo record me doing this real quick,not_harmful,harmful,0.517049
1898,first thing white ppl tend to say to me after they did some usual self entitled bs is i hope you do not mind but i went ahead and yes sophie i do fucking mind do not try and save grace with your fake smile now i hate you lol,not_harmful,harmful,0.919745
1899,more substance than anything you are ever going to post you disinfo kike,harmful,harmful,0.911859
1900,through out the ghetto was there nary a word except brothers in green who through the streets could be heard demanding where my five dollah,harmful,not_harmful,0.453236
1901,how do you see or treat homosexuals,not_harmful,not_harmful,0.127057
1902,we dressed with big dyke energy today and wanna show off but we are too scared to do a face reveal,not_harmful,harmful,0.563610
1903,read multifandom as muslim maybe i should go sleep,harmful,not_harmful,0.021450
1904,<user> <user> <user> i know it god world trump is far for perfect but he is not as bad as the msm wants us to think he is he trying to get homosexuality legalized world wide some countries still kill homosexuals all muslim countries do that yet the dems support a lot of those countries,not_harmful,not_harmful,0.291757
1905,<user> not racist probably told him to shut up because he was losing brain cells listening to this fucking retard “ its <number> ”,harmful,harmful,0.941585
1906,swedish prime minister stefan löven condemns minor attack by muslims against the synagogue in gothenburg he wants more money for holocaust propaganda and harsh punishment for antisemitism swedes have been murdered and raped for years without him saying a word a shekel for a good goy,harmful,harmful,0.735616
1907,if that quote is in relation to physical confrontations then i think i would agree too i am not so sure about the teaching programming part though i think it a natural thing for women to be non violent the number of men getting incarcerated for violence is way higher than women,not_harmful,not_harmful,0.038927
1908,i just found out my term is called queer curious so basically no one likes my type but the girls low key live ✨,not_harmful,not_harmful,0.155979
1909,you all actually going around thinking asians are white,not_harmful,not_harmful,0.440590
1910,fuck you lame ass hoes,harmful,harmful,0.979598
1911,confirmed retard here folks,harmful,harmful,0.959777
1912,should martin shkreli get raped in prison,harmful,harmful,0.596828
1913,<number> pakis have been found dead in bradford it not terrorism related but thought to be due to a bunk bed collapsing police are blaming al ikea,harmful,not_harmful,0.076559
1914,<user> are you retarded,harmful,harmful,0.965301
1915,objectively east asians are an upgrade intelligence and the mixes are frequently stunning look at kristin kreuk dutch chinese and hybrid vigor is a thing,harmful,not_harmful,0.136820
1916,<user> <user> ok how about we give mestizos no welfare in exchange for free land like white immigrants then huh,harmful,harmful,0.773463
1917,i ’ m a ghetto genius i ’ ll slap the shit out of you with my knowledge,harmful,harmful,0.686657
1918,i fucking hate wokeoids bro legit subhuman degens,harmful,harmful,0.982154
1919,we hate islam and we will mock your paedophile prophet mohammed as much as we want no we dont care what you think or how offended you are we are americans and we are free to say what we want bitch banislam,harmful,harmful,0.982154
1920,he sounds like a clothing line i will start a line of robes called tommy goatfucker,harmful,harmful,0.815145
1921,4 chan is retarded and so are you,harmful,harmful,0.932548
1922,plenty of e celebs have covered israid sending africans from israel to europe patrick little promotes zionism as the solution to the jq he wants to reward jews with their own ethno state in response to them ruining ours this is the type of kike you are supporting m8,harmful,harmful,0.913220
1923,yeah i got to about just over <number> followers and got shoahed for criticizing amy schumer being cast as barbie and just never bothered to return and surprise surprise i was correct and they nixed that kikey plan but whatevs <happy>,harmful,not_harmful,0.058415
