idx,text,label,pred,prob_harmful
0,"DOH! Glad you got my point, we all give what we feel we can afford, but conservatives want to force us to give what THEY think we can afford.  I don't need a link to 'the Republican plan': they have stated that is what they are trying to do with the AHCA/tax cut bill.",not_harmful,not_harmful,0.116869
1,"My dad always used to say ""If you don't vote, don't complain.""",not_harmful,not_harmful,0.214640
2,Wow BC is full of as many idiots as Quebec.,harmful,harmful,0.887016
3,"Help make a home for the MV Taku

www.gofundme.com/refloat-da-wild-alaskan",not_harmful,not_harmful,0.376936
4,"Too bad. They never worried that nature was being plowed over for their benefit, so what moral or ethical basis do they have? Zero. Their claim is economic and are now learning how economic behaviour works.

And lets ask them to all to give us full exposure of their careers (just what do they do a daily basis to earn their 'premium' salaries) and test their 'moral decency'.",not_harmful,harmful,0.688601
5,Gov. Johnson has no chance of being elected but voting for him will allow many to look themselves in the mirror and not puke.  Neither Clinton or Trump are suitable candidates.  One is dangerous the other a blatant liar.,not_harmful,harmful,0.957956
6,Read Garth Turner's website and get learned on how to do it yourself. Garth can also give you abs of steel with so many bumps you can do laundry on them!,not_harmful,harmful,0.812066
7,"""The media elevated Trump at the bidding of the Democratic National Committee and to boost their own advertising profits.""

Really?   I thought it was a conspiracy by the aluminum companies to sell chapeau to third party candidate supporters.",not_harmful,harmful,0.560658
8,"Trump and Sessions decide to give police more military weapons so they can keep terrorizing people

 There is no reason for police to behave as if they are going to war in these communities. 

Yet, here they are, approaching civilians as if they are enemy combatants. 

And the government giving police departments grenade launchers doesn’t help, nor does it do anything to garner trust on either side.",not_harmful,not_harmful,0.393019
9,"IN YOUR STUPID RACIST MIND they're all ""GHETTO PLAYERS"" aren't they, you racist sack of shyt? You don't know ANYONE'S background but in YOUR SICK MIND they're all on DA WELFARE!  FOK YOU.",harmful,harmful,0.969507
10,"This is very, very improbable.

First, a pipeline will cause massive protests, particularly in the First Nations communities affected as well as Quebec - so how will this unify the country? Secondly, it is unlikely that Canadian refineries will invest the billions of dollars needed to upgrade dilbit and refine it when cheaper, light crude is available elsewhere and when we should be reducing our use of oil in any case. Yes, let's reduce our oil imports - by reducing our oil consumption. In the e",not_harmful,not_harmful,0.069490
11,Pull them all out and get dentures. You'll never need to go to a dentist again.,not_harmful,harmful,0.618513
12,"Canadians are aging it will be more expensive.   Wonder how much of our health dollars go towards salaries, benefits, pensions, sick time, vacations?????  That costs should be factored in.  Perhaps its time for us to change the delivery system privatize !",not_harmful,harmful,0.740978
13,Those guys are not real druids. They are just old hippies who are so fried that they think Spinal Tap is a real band.,harmful,harmful,0.905513
14,From now on if you criticize a Terrorist or a violent  aFascist the Globalist's MSM will call you a Racist. Looks like The Electorate has made the correct choice.  7 1/2 more years.,not_harmful,not_harmful,0.333872
15,Trump is doing the right thing while the nasty MSM liberals take hissy fits.,harmful,harmful,0.557843
16,Agreed. Knowing the rules makes it easier to lay the game.,not_harmful,not_harmful,0.025313
17,"A few replacement strands of wall will be built and that will be declared as victory.
Meanwhile, nearly a million illegals will be cleared to legally proceed with citizenship while continuing to use our nation.",not_harmful,harmful,0.870464
18,The globalist socialist elite is scared of Trump and they'll manufacture and exaggerate any information to try to stonewall him.,not_harmful,harmful,0.555802
19,"Of course violence is a crime from BLM, Nazis or even Justin Bieber fans and should be prosecuted.  A child could see that.  

However, when Nazis are parading around, preaching their violent and evil ideology and seig heiling each other, the adults in the room remember that ideology has caused unspeakable suffering and evil.  We remember our grandparents who gave their lives to combat them and that the USA stood up to evil.

There is no moral equivalence for anyone who has a shred of humanity. ",not_harmful,harmful,0.855794
20,The city of Eugene has money to burn on these pilot programs.....,not_harmful,harmful,0.577194
21,"""Retrogrades""?

If Avery Cardinal Dulles were alive, he'd wash your mouth out with holy water.

To paraphrase an old saying, it’s not helpful to know the details of everything and the meaning of nothing.",not_harmful,not_harmful,0.400641
22,"'Then,' not 'than.'  Good grief, will you people ever get this straight/",not_harmful,harmful,0.756793
23,RTH: Were the polls predicting popular vote or electoral vote?,not_harmful,not_harmful,0.236948
24,"You're usually smarter than this comment, Nels.  What happened?",not_harmful,not_harmful,0.455765
25,"I guess I am not sure what all this is about, in what other Unit does the NPS not have authority over water ways? Can I take motorized craft up the Grand Canyon or Chitna River? It is is within the boundaries of a Park that should be respected. I know I know the way it used to be before ANILCA, so what. They had Uranium mining in Grand Canyon before there was a park should that be allowed now?",not_harmful,not_harmful,0.093946
26,"I understand your concerns about Pence. There is no doubt that the GOP controlled Congress would have an easier time enacting their agenda with him as president than with Trump. But Trump is so personally repugnant, so inept at carrying out the duties of the presidency, and even psychologically unhinged at times so as to be dangerous, that the sooner he vacates the office of the presidency the better off this country (and the world) will be. 
Caught between a rock and a hard place.",not_harmful,harmful,0.916992
27,Claire McCaskill will be gone jin 2018. Missouri cannot wait to correct that mistake! And Trump won Missouri by 19 points!,not_harmful,not_harmful,0.215389
28,"Yes, its very likely. People are fed up with government being unable to act.Obama could achieve very little because of Republican obstructionism. Whatever Hillary promised would also not have been achieved for the same reason, that why she could promise all kinds of unlikely policy. People just want to see things get done and the hype about a businessman running government made them think that things may get done this time around. It will be interesting to see what government run by a businessma",not_harmful,not_harmful,0.294878
29,"I completely agree, but Mazda has a history of solo flying with things too long before others begin to lose interest. I have to admit that no-one was particularly interested in the rotary engine mostly because of its horrendous reputation in the early 70's but with an appropriate cash flush partner its explosive idiosyncrasies could have been ironed out; Ford would have been perfect at the time. The Miller Cycle was a legitimate entry into the interesting engine ledger despite not being particul",not_harmful,harmful,0.757072
30,"Alcohol can be, and often is, consumed w/o the intent of getting intoxicated.  Thus individuals can drink and then drive...provided, of course, they don't drink enough to be ""buzzed"" or more.  Marijuana, however, is specifically used to get ""high.""  This is quite a difference.  I have no issue with persons getting high in their own homes.  I do have concerns with folks getting high elsewhere and then driving.  Is this an unreasonable concern?  Gary Crum",not_harmful,not_harmful,0.051601
31,"While having a photo op with Netanyahu, trump responds to a question on his meeting with both the Russian foreign minister and ambassador in the White House , "" I never mentioned Israel while I talked to them "", well he just confirmed in public what was a speculation of the source of intelligence , Bibi had a side glance of disbelief.",not_harmful,not_harmful,0.466357
32,"Why didn't you call for some east side assistance,  and get the car stopped? Sounds like they had something get away with.. hmm.",not_harmful,not_harmful,0.109279
33,"An obsession with the PM's sexuality is clearly unhealthy.

And why would you want someone to have been hurt - just because it might hurt the PM?

Pull your head out of the compost, friend.  And you just might need professional help.",not_harmful,harmful,0.971593
34,"Awwwww I'm so sorry you hate it! Then stick that pacifier back in your mouth and go pout in the corner! BTW, make up your confused mind, either call me dimwit or Col Sanders, but you can't have both!!! Your mommy said so!!!",harmful,harmful,0.795046
35,"There is a big difference between negative behavior and illegal behavior.  I do not want a political group defining negative behavior as illegal, confiscating property and throwing people in jail.  It is the same pattern of extreme leftist throughout the world.",not_harmful,harmful,0.604832
36,Aiding and abetting,not_harmful,not_harmful,0.287023
37,"The best choice would be to return to the model of christian community used in the early church. There were no priests, nor bishops,, or pope. The community met in homes and shared a meal,  with bread (real bread) and wine as eucharist, remembering Jesus' words to his followers (BTW, none were RC,  all were Jews and all were sinners). The heads of the household, including women, were usually the presiders.  Often the communities asked one of their own to be their ""leader"" - the people ""ordained""",not_harmful,not_harmful,0.125986
38,"""intelligence community’s collective conclusion that Russia tried to interfere in last year’s election""

Is Denver Post ever going to mention that the DNC actually refused access to their servers to the FBI to conduct a proper investigation, instead relying on a private company ""Crowdstrike"" who has since walked back many of their original claims?",not_harmful,not_harmful,0.221582
39,More misrepresentation from the climate change cultist handbook.  China will happily sell solar panels and wynnemills to useful idiots.,harmful,harmful,0.767535
40,"Might be time to bring out Bernie Sanders again, he went through the dog and pony show and almost beat Hillary and now with republican support he would make it. He's a much much better choice than Hillary and with no dirt. He's anti Wall Street and Big business and the younger people were for him and they have to live in the future. Hillary has an ax to grind with to many people in the world and is a very vindictive woman and not the person people think,",not_harmful,harmful,0.880994
41,Feel free to put me on mute so you do not respond to my posts that you need explained.,not_harmful,not_harmful,0.167746
42,Indeed. How dare Ukraine's soldiers defend their country from a Russian invasion?,not_harmful,not_harmful,0.497288
43,"You're trying to whitewash something that is stained and won't come out. And I wouldn't if I were you, compare yourself to Lazarus Johnson. Most criminals quickly blame their victims. Victim blaming is always the only way Anchorage deals with Native deaths that should not happen. And light time to no time in jail. I've been here since 19 and 57, and am a former cops and crime reporter, state and federal courts reporter, and rural issues reporter for the old and great Anchorage Daily News.",not_harmful,not_harmful,0.091670
44,"I am all for freedom, but pornography is dangerous..people get de-sensitized and women are objectified. If you want a clear picture of where it can lead go to https://www.youtube.com/watch?v=1NWfys7q4x4",not_harmful,not_harmful,0.325172
45,"What was  the derogatory word used for blacks she allegedly used?  Is it the N-word?  In the black community I'm told that's no big deal,  as long as it black says it.",not_harmful,not_harmful,0.298268
46,"That can change, grabber, that can change. By the way I asked you weeks ago in another thread to give one valid reason why private citizens should own guns that are solely designed to kill people and you never answered. Thought of any reasons yet?",not_harmful,not_harmful,0.086166
47,"I'd wager that list is as long as Trump's at this point, LOL!",not_harmful,harmful,0.593654
48,"This quote from the article (compliments of 'sexy' Nathan) says just about all that can be said about this proposed monumentally vacuous display of the most self absorbed pointlessness I can recall ever hearing about in my entire 66 years on this earth:

""It's a collective expression of frustration,"" Wahl wrote on Medium. ""It's like the feeling you have when you've been building Ikea furniture for three hours, and it's late, and you feel like you're getting nowhere, and you were almost done, but",not_harmful,harmful,0.884431
49,Echoes of 'Dr' Pallo Jordan!,not_harmful,harmful,0.716675
50,"Some are white supremacists, some (low information voters) are incredibly gullible or reckless, and some just want a tax cut. I think that probably covers 90% of his supporters.",not_harmful,not_harmful,0.185560
51,"I wonder if Chapter Two of ""Dating for Dummies"" recommends begging, threatening, and throwing rocks if the flowers and cheerful looks from Chapter One don't work...",not_harmful,not_harmful,0.243058
52,"Oliver discussing the reasons for being such a narrow mind! Oliver supported every attempt Harper made to attack our Charter of Rights! Oliver supported the 458 million dollars the party spent to attempt to use their position to weaken the rights of Canadian by calling it a liberal democracy? The laws in our Criminal Code for the use and gain from fake news should be applied to Harper and every one who served under him, as well as any opposition who voted for every legal failure Harper attempted",not_harmful,harmful,0.857024
53,Time for single payer.,not_harmful,harmful,0.551364
54,"When will the nation realize the public schools have hopelessly failed our youth?

Only competition through a choice of schools would reverse the collapsed curve on US education, the poorest system in the developed world.",not_harmful,harmful,0.616871
55,"Yep, Trump has a wacko approach. But I like the fact he is pro jobs (and not the increased government oversight variety) and is working to grow the US economy... what a change. And every president pushes his agenda within the agencies. Hey, the last president even had the IRS investigating individuals and companies that didn't take his view. There is nothing new under the sun. Calm down and carry on...",not_harmful,not_harmful,0.023349
56,"Thank You for your service.....Sir
Rest in Peace",not_harmful,not_harmful,0.295672
57,only jim zeigler knows the truth. he was there with the teen and moore. so you dont know if its a lie or not.,not_harmful,not_harmful,0.239240
58,"With the news report of a draft memo suggesting 100,000 national Guard force to round up illegal aliens, I believe ""This is going to turn into a huge flood"" may be accurate.  

Wait, people, wait!  It doesn't matter that the news report may, indeed, be ""fake news""--it's out there, the damage is done.  These frightened, desperate people will simply conclude that they can't take chances ...",not_harmful,not_harmful,0.354171
59,"That was the purpose of the old ""school tax"" which was actually an income tax which took a small amount (relatively) out of your first paycheck(s). Back then it was capped at $25. Today it would need to be around $200. I also support a low income tax of (5-6% of federal income tax liability) above the school tax cap - as long as the dividend is ended. That will tax the income of non-resident workers without cutting off our nose to spite our face. There is your social justice Shawn.....",not_harmful,not_harmful,0.240725
60,"bycatch, You just never know. You may have to stand for something that ends up costing you your life. But maybe nothing is that important to you. Hopefully you live a long life and promote freedom the whole way.",not_harmful,not_harmful,0.048994
61,Not accurate. Bernie Sanders may very well be President today if the Clinton camp hadn't played dirty. Bernie Sanders had his Bar Mitzvah at 13. His first marriage was to a Jewish woman from a prominent Baltimore family. Just because he fathered a son from his Christian girlfriend and then married a Catholic doesn't make him any less of a Jew.,not_harmful,harmful,0.501560
62,"Andrew Wakefield was falsifying data so he could sell unproven and untested ""remedies"" so that rules out him and all his supporters.",not_harmful,not_harmful,0.398831
63,"And get rid of ""separate accounting"" that lets the slope cartel write off foreign losses against their Alaska expenses.  Hammond said that was the biggest mistake he ever made, was allowing that change. We should go back.",not_harmful,harmful,0.633371
64,"Not to fear, the RHINO's that are running in 2018 will be disposed of. Real truth changers will replace them. They can try and stop what will be inevitable, but real change is going to happen with or without them.",not_harmful,not_harmful,0.270212
65,"What is amazing about this whole business is that the cases being brought themselves, are entirely based on theories which are incredibly under developed and flawed.  ""Settled Science"". What the heck does that mean. Our atmosphere is chaotic, which means unpredictable, unknowable to any degree that is worth the effort. Our science and computation abilities cannot accurately measure all the variables that govern climate, and secondly, they cannot ever process that data set. It boggles the mind.  ",not_harmful,harmful,0.750588
66,"Last time I checked, ""the Kremlin"" didn't tell me tales about babies and incubators, Saddam's Nukular Bombs and Assad's sarin gas.

So, yeah. I think in this case I'm ready to defer to ""the Kremlin.""",not_harmful,not_harmful,0.044965
67,"I think that number indicates how much the Trump administration is affecting the news these days - any less than that and that would indicate the media isn't doing their job...
Just curious: Are you angry at Trump for the disturbing and terrible job Trump is doing as POTUS? - or at the Globe for reporting on it?",not_harmful,not_harmful,0.167111
68,"I don't agree... Corrupt people will be corrupt people even without the money. 


While I agree that our political system is blatantly corrupt I think that the obvious fact that nobody talks about is that we (all of us as a group) are only upset when it's somebody else's money in play. When it's our own we generally believe that it's Ok....

For instance lets all recall what happened recently with the Pebble Mine... two diametrically opposed sides spending money like mad and both obviously tryin",not_harmful,not_harmful,0.220196
69,You've  got it right.  And the disparity is even greater when you look an not taxing anything but wages.,not_harmful,not_harmful,0.227112
70,"You should have left it at ""No one deserves to be murdered"".  Who are you to judge her?  You don't know anything about her.",not_harmful,harmful,0.563355
71,"""...climate change isn’t real in the age of Harvey, Irma and Maria...""

A stale Red Herring of the Left.

Climate has been changing forever. Constantly. No beef with that. The belief that humans CAUSED the change and that humans can stop and reverse the change, is poppycock.",not_harmful,harmful,0.919397
72,"""...reveals a deeply repellent vindictiveness in the service of a pathological need to display dominance.""

Charlie gets it.",not_harmful,not_harmful,0.126622
73,"Poor you!  People might call you bad names ... oh! When you Canadian press folks complain about your life you've got to know that 95% of us just don't care .... and the other 5% are secretly gleeful about your discomfort.   
You've written about freedom of the press, a reasonable topic, but then made it about yourself ..... quit the fascination with your mirror and get to work.",not_harmful,harmful,0.765136
74,"The article suggests they are German, not Swiss. But indeed both countries have a low birth rate, as do virtually all developed countries, you are correct. However as you also point out, migration tends to send people from the countries that have high birth rates to those that have low birth rates, largely because those countries simply cannot sustain them, largely due to war and poverty (sometimes brought on by overpopulation and lack of resources). So high birth rates in other countries become",not_harmful,not_harmful,0.140122
75,"How does one say ""hammer and nails""  ""screwdriver""  ""drywall"" ""carpentry"" ""roof shingles"" ""plumbing""   ""electrical solder""  ""insulation""  ""furnace""  in a heritage native language? Nobody seems to know.",not_harmful,not_harmful,0.073933
76,"It's kinda cool to see you ""conservatives"" squirm over Trump, Jonah---And very entertaining, when you write screeds like this to try to explain yourselves.  Your pointed lack of specifics on Hillary almost tempt me to be a Clinton supporter...But as is usual with the ""right,"" your sophistry is off the mark.  You guys are so intent in your desperation to bend minds and words right now, so on the defensive, I often marvel at your relative lucidity---But then, Trump's not exactly a hard act to foll",not_harmful,harmful,0.645662
77,"Any evidence of ineptitude and corruption since Kealoha is gone? Unfortunately the mainlanders would not be able to bring both short and long term solutions to the problems we face. Sorry, but your best choice is the only insider.  Her track record and qualifications make her the right choice.",not_harmful,not_harmful,0.119638
78,Good for the technician--it's hard to take the time to follow up on suspicious characters during a busy pharmacy day.  I'd love to think that this team wasn't immediately released from jail and running their scam again.,not_harmful,not_harmful,0.221944
79,And yet you consistently dispute what those scientists have found. That is somewhat puzzling as it is clearly apparent that you have no knowledge of their work. It appears that it is you who is afraid of the truth.,not_harmful,harmful,0.757479
80,"Duane, trust me, she was not alluding unto that at all, and to be perfectly honest, it sickens me that said individuals were given a simple slap upon the hand, given what they did.

They should have been given the same life sentences that they took away from those they killed.

What she is referring unto, as one that has dealt within her own methodology for a very long time, is thus.

He, within her own mind, as she feels herself, belongs not unto the ""in crowd"", and so therefore is not afforded",not_harmful,harmful,0.634908
81,"I think Trump is dangerous on a global level--his saber rattling (""we are sending an armada"") at North Korea is a dangerous game that could end in a world-ending type scenario. I think it is unlikely, but when the stakes are so high any increase in risk needs to be justified. Pence at least knows a bit of history and international conventions so is a bit safer facing outwards. I would hate to see his theocratic ideology given power in the US, though.",not_harmful,harmful,0.508843
82,"Then, Trump is a democrat on steroids....",not_harmful,harmful,0.817221
83,"It may be a bit worn, but it is still completely accurate.  You have said, in as many words, that your views are ""congruent"" with the teachings of the magisterium, and that those who disagree with the magisterium on ANYTHING are not truly Catholics. Thus, as I correctly said, the only ones you accept as being proper Catholics are those who agree with you.",not_harmful,not_harmful,0.053488
84,"GCI wireless service stinks compared to other providers, that's why earnings are down. Everyone in AK is going to have to make cuts. Individuals, businesses, government, it is just a fact that we must face until we reach a balance point. We aren't there yet.",not_harmful,not_harmful,0.173262
85,"If you haven't learned respect for the laws we live by at the age of fifty, you likely never will. Whose hypocrisy? I was one of the 30% of Americans who were adamantly opposed to our invasion of Iraq. Obviously I had no say in it. Nor do I have a say in the Israeli usurpation of land they don't own, except that I have a right to speak out publicly against that theft.

You are not ""always there"" in the sense of possessing conscious life. You are getting old and you are always wrong, so give it a",not_harmful,harmful,0.841914
86,Meanwhile....tons of radioactive waste is still being dumped into the ocean....which is slowly makin it's way around the world...killing off anything in its path...,not_harmful,not_harmful,0.409785
87,"pack up illegal scum, everyone going bye bye. take the meth and heroin with you, pigs! All forks pigs you are going too, easy to find you here in small town. Ice and BP have you in their sights.",harmful,harmful,0.860588
88,Hick better not be pledging any state tax money to some foreign government to clean up their mess.,not_harmful,harmful,0.888014
89,"Perhaps that's a reason old liberals seem so scrawny and undernourished, but perhaps the veganism plays a role as well.",harmful,not_harmful,0.174747
90,Dragon$het faux you!,not_harmful,harmful,0.898310
91,"http://mhtrust.org/

http://mhtrustland.org/

.........  ;-)

~~~what needs doing to make into reality?...

Hmm,  I guess it starts with public education. Pretty soon the leadership will follow the herd of shovel wielding Alaskans looking for the next ditch to dig, and the leaders will proclaim; ""“There goes my people. I must follow them, for I am their leader.” !!"" 

https://www.google.com/search?num=100&newwindow=1&site=&source=hp&q=i+must+follow+them+for+i+am+their+leader

IMHO;  The best gas",not_harmful,harmful,0.638567
92,"Sadly, this has been the intention of many of the ANC elite  - their involvement in the ""struggle"" was not for freedom, but for Profit.  Proof of this can be found even before the 94  elections.  ( Meet and greets by some |ANC members in preparation for the Arms Deal, were taking place at the time of Codesa) .  The damage done already to the economy, operation of state structures, and social fabric  is enough to ensure it is beyond repair in our lifetime.  The best we can hope for is that God ju",not_harmful,harmful,0.874277
93,"Yes, and those of us who use Willamette, especially during the heavier afternoon hours, are going to pay the price. It seems the decision to narrow Willamette to one traffic lane in each direction was based on average daily trips, not peak hour trips. I suspect those who planned this debacle never sat in the right lane of Willamette southbound at 29th behind the right-turners waiting for pedestrians to cross, while through traffic sailed through the intersection in the left lane. Well, there wil",not_harmful,harmful,0.878610
94,"Brian Sullivan has NOT been accountable to citizens for all the years he has been in office with the Snohomish County Council. He would be the absolute WORST candidate for Mayor as he has done NOTHING for Everett while representing our City in his current position.  He knows how to manipulate people and get money by making all kinds of promises, but once he is hired, he sits back and collects the money. He continues to ignore citizens attempts to communicate. He ignores emails and if you attend ",not_harmful,harmful,0.911257
95,"It would not surprise one iota if we found out that Orange, through his family, has had ongoing direct contact with the Russian government for the past 3 or more years, to the present.

As for setting Mueller up for a fall, firing him would create a huge crisis and would mark the end of Idi Amin Trump.",not_harmful,harmful,0.900427
96,"Islam is a hierarchy of submission;
The world must submit  to Allah (Islam)
All Muslims must submit to  Allah and the Prophet Mohammad  (shahada) 
Men must submit to their Imam
A wife must submit to her husband
Children must submit to their parents. 
A female must submit to all males. ( a mother must obey her own son) 
Human laws are not to be obeyed unless there is a benefit for Islam to do so. 

If a father tells his 16 year old daughter to marry a 55 year old taxi driver with another wife, sh",harmful,not_harmful,0.446429
97,"Looks like being a mammal can be dangerous to your health, if you fly United.  Wonder what their record for reptiles is.",not_harmful,harmful,0.574210
98,"I completely fail to see the significance of the fact that Trump won a vast majority of very lightly populated counties.  So what?  I realize you are not taking a position here, but what is the point of those that think this is meaningful?  We already overweight rural states by virtue of the arithmetic behind the electoral college.  Should  we overweight them even more?",not_harmful,not_harmful,0.127153
99,"And sometimes, often esp in rural places with rural situations, just getting around to talking, face to face, with the person is all it takes.  Rural situations are often Vastly different from Anchorage situations [ perps much less practiced, emotional rather than cold,  motives more personal, likely remorseful having known the victim, etc] but AST tends not to differentiate - applying urban rules/assumptions across the board though such assumptions are often a Major misfit in rural areas, remot",not_harmful,harmful,0.816899
100,"Developers are for profit entities - they exist to make as much $ as possible, not to satisfy demand. They are building more town-homes, semis and condos because they are more profitable, not because of demand.  Large square footage condos are not built because they are not as profitable per sq ft. If you want to build farther outside the GTA, then include roads and infrastructure requirements into the costs - builders don't care about this - they'll be long gone by the time people are complaini",not_harmful,not_harmful,0.305043
101,"I agree these are over simplistic labels to use, as is the idea that political views can all be neatly distributed on a 1 dimensional chart, but still when  a group of people all acting in a particular way all seem to also espouse the same beliefs as another group of people it is useful to recognize that with labels.
People who identify as being ""on the left"" seem to mostly agree with a set of ideas that are different than those held by people who identify as being ""on the right.""
And of course ",not_harmful,not_harmful,0.059723
102,"Another Mainlander.
Just 18 years old, he's got a bright future ahead.... NOT !",not_harmful,harmful,0.658181
103,"From the story:  ""Privacy is forbidden. They cannot leave their compounds without permission. They must take the few steps to the factories in pairs or groups, with North Korean minders ensuring no one strays. They have no access to telephones or email. And they are paid a fraction of their salaries, while the rest — as much as 70 percent — is taken by North Korea’s government.""  Does that tell you the workers are doing in of their own free will?  You are really dense.",not_harmful,harmful,0.897381
104,"The professor amply demonstrates the validity of his thesis by singling out the right as his sole examples of the phenomenon. He clearly cannot see the left is just as bad, or he does and elects not to use them as examples.

But he is correct. The SJW's are not open to reason - a quick visit to youtube provides ample evidence. They are not interested in hearing evidence that conflicts with what they want to believe.
Right of centre people need to wake up and realize this. The SJW's are not sudde",not_harmful,not_harmful,0.337620
105,No pipe dream. It is already happening. Mercedes Benz already announced that they plan to sell only electric cars. The price of batteries is dropping exponentially.,not_harmful,not_harmful,0.245214
106,"On the case...it is not who you know it is what you've got, on who you know. That is how the ANC cadre system of patronage works.",not_harmful,not_harmful,0.457249
107,"I can appreciate the hard working family taking a risk angle, but truly, it was surreal how one day the people you'd been friendly with for years suddenly disappeared and were replaced by strangers.  But that's business.  Social Darwinism.. What I didn't like was that they changed their pastry vendor. For years I bought maple bars for my weekly visit to my elderly mom. She claimed they were the best in town. Then one day I  find that they are no longer available, being replaced by a product that",not_harmful,harmful,0.961897
108,"It's been almost 24 hours since his arrest. If he had a gun, it would likely have been reported by now.",not_harmful,not_harmful,0.301357
109,"If she was a minister in another department, I would agree.

However, this bias cannot be tolerated in a foreign affairs minister.",not_harmful,not_harmful,0.071669
110,"Bankish:
 
Then what you have done is right for you. And that is really all that matters, right? 
 
I happen to own 15 stocks in total (4 banks, smaller positions), with my main focus on the more regulated pipelines and utilities sectors, because their cash flows and dividend increases are as reliable as anyone could expect. 

My current portfolio yields ~ 5% and should, and almost certainly will increase that dividend income by roughly 8% per yea over the next several years. 

I checked online ",not_harmful,not_harmful,0.299973
111,how will that change the weather?,not_harmful,not_harmful,0.120827
112,"This entire admin is an absurd, never ending train-wreck.",not_harmful,harmful,0.781784
113,"""Historic"" wall, wouldn't surprise me if the tax bill is only $300 a year. ;-) LOL",not_harmful,not_harmful,0.277439
114,"Your current President does not know the meaning of ""civil"" or for that matter, the basic reason(s) there was a Civil War in this country 150 years ago.",not_harmful,not_harmful,0.154181
115,They need to get their costs under control. $949 for a ski boot which is little more than a $300 snowboard boot wrapped in a hard base shell? Both are loosely based on a standard snowboard boot and a snowboard binding. It's just a snowboard system adapted to skis but still requires you to buy a pair of bindings.,not_harmful,harmful,0.684084
116,"Uh huh. And if you believe this, I've got a lot of swamp land to sell you. 
Sorry corrupt, Pathological Liar-In-Chief, no one but Trump Chumps believes you.",harmful,harmful,0.926818
117,"Just when I thought I had heard every excuse possible for Ducks' players and coaches about this season comes these less-than-lucid statements -- ""We came out flat"", Troy Dye; ""We practiced better than we played"", Brady Hoke.  I am a native Oregonian and Duck grad living in Southern California and thought that most of the comments from celebs in LaLa Land were shallow and stupid.  The Oregon Ducks players and coaches, however, are taking shallow and stupid to a whole new level week after week.   ",not_harmful,harmful,0.935990
118,"Exactly.  Order whatever you want at the restaurant.  I draw the line when you start going table to table telling everyone else what you ordered and why it's better, and demanding that everyone pay attention to what you are eating.",not_harmful,not_harmful,0.354703
119,"NSA breach happened on Obama's watch.  Snowden 2013.  Perhaps Bradley Manning,  who changed his gender to match his emotional train wreck persona.   Chelsea Manning now,  AND given his life by Obama.  Should have been shot at dawn by a firing squad.  He and Bo.  Double header.  

Results are being felt by Trump Admin.  Gotta love the disconnect of the cool dude to the reality of his Pax Disney foreign policy. What Al Green song will he sing as Arab Christians get murdered?   Meanwhile,  Schumer,",not_harmful,harmful,0.911884
120,"Of course he does because he cannot take any responsibility for his failures. Trump has no idea about policy or diplomacy and this is why he is a terrible leader. He doesn't like briefings (so he learns nothing), he can't handle criticism (tweets, whines, complains, blames, points fingers, etc.) and he will never admit to making a mistake. The blame belongs solely to Trump. I guess we'll soon see another rally so he can have his ego stroked.",not_harmful,harmful,0.875150
121,"There really is no intrinsic reason why married men cannot be ordained as priests. It does not violate ANY fundamental principles of the Church.  The most likely reason why the Church chose celibacy for priests was to ensure that priests had a 100% commitment to their pastoral duties. However, we cannot ignore the other factor, which was the ability of the church to secure the inheritance of the clergy, rather than have them pass any wealth to family and relatives.  In reality, there was most li",not_harmful,not_harmful,0.090028
122,"And small business types work tremendous hours, put their homes up as collateral, don’t take a pay cheque for years, put all the profits back into the business, and at the  expense of family time work like dogs and their spouses & kids get it and support them.  They're only pension,  if they have a profit is to put money into a RRSP/TFSA.  If it’s so damn easy to be a rich business person why they hell aren’t we all doing it????????",harmful,harmful,0.595069
123,"If Canada did most of the world's manufacturing like China does right now, I guarantee the air here wouldn't be that breathable either. We sent our factories to China. Don't pretend like we had no role in this. Also, keep that undeserved sense of righteousness to yourself.",not_harmful,harmful,0.726654
124,"@navisos  - there is no jargon but you are marching out strawmen in battalion strength.

We are in South Africa, Zille is speaking about the situation in South Africa.

The South African social structure and economy have been constructed on colonialism and apartheid - its a racist structure - with whites holding the privileged positions.

This video will explain to a tiny bit some of the basic concepts.

https://www.youtube.com/attribution_link?a=X__G4g0xLYA&u=%2Fwatch%3Fv%3DEU65QCom4Yc%26featur",not_harmful,not_harmful,0.198402
125,Doesn't hurt me one bit.,not_harmful,not_harmful,0.026389
126,"anyone else hear about Trump and  lewd activities with a goat?
Trump denies it but goats don't just put fake news out there",not_harmful,harmful,0.730920
127,Brilliant! It got me chuckling!,not_harmful,not_harmful,0.102375
128,My favorite is the piece done on two women that said Trump harassed them. The reporter made up a whole bunch of things that the women said they never did say. The NY Times is the slim of so called reporting. There are no respectful news outlets left in this country. They get a story and add all their own views and not telling the real stuff. The news these days is just a hunk of crap. Except when the Post says the Bronco's are gong down the toilet.,harmful,harmful,0.927001
129,Giving Ben Jacobs a well-deserved body slam to the floor may have been what clinched the victory for Gianforte.,not_harmful,not_harmful,0.432682
130,"Yep. Stupid law. One of many.  Encourages armed idiots with an imperfect understanding of the law to use guns, in this case p anywhere a vehicle can conceivably be: Amusement parks, parades, shopping centers, day care, you name, huge potential for injury and death.  Trumpian in scope and capacity for harm.",harmful,harmful,0.751111
131,I guess this judge is above he law and answers to no one.,not_harmful,harmful,0.679281
132,Family of traitors,harmful,harmful,0.638592
133,"You're a T R O L L
You faked someone else's name and you've been trying to make them look bad.
What you did on those articles about those unfortunate deaths was unforgivably bad.
Get your own name or just go away.
Quit trolling other people's names, quit trolling the real 907AK.",harmful,harmful,0.954670
134,"Truth is a concept or principle , God is a person. Knowing the truth does not require faith. The definition of faith is found in Heb 11:1  Now faith is the assurance of things hoped for, the conviction of things not seen. I have faith in God meaning I don't hope he exists, but I trust him even though I have not seen him.

The truth also bears witness Joh 15:26  “But when the Helper comes, whom I will send to you from the Father, the Spirit of truth, who proceeds from the Father, he will bear wit",not_harmful,not_harmful,0.109572
135,"'
Sure, get a desk.  Then do more than that.
.
.
For as Long as a Threat to the State is the Head of State, 

all Citizens of Good Faith and National Fidelity have an Absolute Obligation,

 to meet Trump and his Agenda with Resistance at every turn.
.

How to resist Trump, …something for everybody,  …practical actions everyone can join in on.
.
Complete and comprehensive manual available here:

https://docs.google.com/document/d/1DzOz3Y6D8g_MNXHNMJYAz1b41_cn535aU5UsN7Lj8X8/preview#

'",not_harmful,not_harmful,0.125323
136,I absolutely agree that there are too many medical schemes...and frankly I am baffled why some of them still exist at all. I strongly support consolidating the private open medical schemes into no more than 4-5 schemes. The closed schemes also need a careful look.,not_harmful,not_harmful,0.121610
137,"Now that Big Oil is about to choke off campaign donations to the Republican Party, all the trough feeders are lining up and butting each other aside to see who can dunk their head into the trough the deepest.  The list is going to be long and distinguished.",not_harmful,harmful,0.719568
138,"So it is ok to target jews in North America if one doesn't agree with Israeli policies?

You are confirming then that anti zionism is synonymous with anti semitism.

Who is more likely to target jews if they don't approve of Israeli policies.. the right or the left?",not_harmful,not_harmful,0.315755
139,speak for yourself~!  I'm sick of way Canada has become.  programs are cut because there are too many at the trough.,not_harmful,harmful,0.686764
140,"Very Interesting article..... Yes, O'Leary the bottom feeder......",not_harmful,harmful,0.813499
141,"I need a copy of that sign.  

In Italian - its more classy.",not_harmful,not_harmful,0.202990
142,Ahhh when the bigots refuse to see their own  bigotry and start calling others bigots.   Riel you take the cake and are no doubt a typical bully type.  If Mr. Dallaire walked in the room and you had the chance to spew your venom we all know you would cower.,harmful,harmful,0.925931
143,"The cases are very different.  In the second case, the customer was trying to force the business person to write something on the cake that was inflammatory.  That took the matter into the ""free-speech"" category of the First Amendment.",not_harmful,not_harmful,0.043040
144,"The answer to this should be based on the simple facts of the matter:
-Drug addiction treatment has less than a 3% success rate
-Facilitating drug usage encourages increased rates of addiction by appearing to eliminate consequences.  The hot stove model of consequence for behavior is eliminated.
-People that have contributed to society are dying in hospitals while awaiting treatment
-Elderly veterans of WW2 are left to die because the cost of intervention exceeds the expected reward.
-Tax dollar",not_harmful,not_harmful,0.191072
145,Trump praise of Trudeau provides ample proof that he clearly isn't mentally capable of being president (actually he seems completely delusional)--making a statement like that should be an impeachable offence,not_harmful,harmful,0.846829
146,"Why is this news? This kind of stuff goes on ALL THE TIME in the PRC. It's ALL about negotiating a payout to someone who feels he's ""lost face"".

And BTW, even most Chinese say never to trust people from Henan Province (where Zhengzhou is)...reputed for scammers and flim flam...",not_harmful,harmful,0.558613
147,"Harper's French was pretty decent, and he got respect in  Quebec for making the effort.",not_harmful,not_harmful,0.057599
148,Dozens of countries have no Trump holdings.,not_harmful,not_harmful,0.177569
149,"Why bother with Spicer's press briefings? Might as well put Kellyanne Conway up there for one of her lying, fact-twisting, useless monologues.",harmful,harmful,0.933112
150,4 hours?  Must have felt forever for her.  Sad.  My sympathy and may God Bless.,not_harmful,not_harmful,0.119053
151,The only possible reason I can think of is to follow the strategy of paying off all debt that is not tax deductible and then borrow to invest in equities/bonds.  If this couple are in their peak earning years that strategy may be worth pursuing - but this couple looks way too risk adverse to do that (it is what I did and it worked very well).,not_harmful,not_harmful,0.106432
152,Kokanee are sockeye salmon aka landlocked sockeye,not_harmful,not_harmful,0.334600
153,"LMA0

Send me an email mon ami....the email I had keeps getting bounced back",not_harmful,not_harmful,0.418666
154,How about the pharmaceutical firms that developed the opiates cough up some money to deal with this issue as well as the medical associations that signed off on over prescribing opiates for pain management!!,not_harmful,not_harmful,0.394088
155,"Translation: Hardly any water operations require large amounts of capital, so there's hardly any opportunity for graft. Oops I mean political will.",not_harmful,not_harmful,0.199492
156,"A column from some random Clinton campaign worker?
This newspaper stinks.",harmful,harmful,0.906295
157,"Very basically, Mr Trudeau prefers secrecy, to get things done HIS way.",not_harmful,harmful,0.579721
158,"Forced Lord's Prayer is gone.

Your kids can have ""Christian Club"" Friday afternoons if they want that.",not_harmful,harmful,0.738695
159,"That's right, blame the clerical abuse on the laity.",not_harmful,not_harmful,0.214328
160,"Sanctuary jurisdiction OUTLAWS need to read between the lines of Homan's message.  ICE is incrementally stepping up its game.  These fools are publicly expressing criminal INTENT by expressing pride in their self proclaimed status as sanctuary cities.  They are backing up their INTENT with criminal ACTS that shield illegal aliens by not accepting immigration detainers, and refusing to even share information with federal immigration authorities.  Criminal INTENT and ACTS.  8 USC 1324 (harboring i",harmful,harmful,0.566267
161,"Granted that some recent thinkers have said extravagent things about truth, is there any evidence at all that Mr. Trump has been spending his days and nights in the study of these philosophers? 

If not, then maybe in reality his fast and loose treatment of the facts has little to do with pomo silliness.",not_harmful,not_harmful,0.248242
162,"You misunderstand me. Those products you mention have markets. Markets for oil products, particularly Albertan oil products, are shrinking as other countries ramp up production and as economies transition to renewables. The end is near, sir. I suggest you pull your head out of the sand, and your investments out of fossil fuels, in time to deal with this new reality. 

Friendly word of warning, if you're pinning your hopes for an economic miracle on this pipeline you will end up sorely disappoint",not_harmful,harmful,0.930266
163,What does this say about the European Union who is courting this Galom like creature to join,not_harmful,harmful,0.721361
164,Stop your bitching.,not_harmful,harmful,0.610708
165,"I posted that info above. Look at it and educate yourself, liberal.",not_harmful,harmful,0.891145
166,"The drips stand, they haven't been debunked. The alt left collusion was exposed, hence all the kicking and screaming for relevance!!!!

Sorry you can't just hit the reset button on this one lefty. 

Why do Democrats lick themselves, becouse they can!!!!",harmful,harmful,0.938325
167,"Alaskans don't need our Congressional Representatives to clarify anything.  Alaskans are perfectly capable of making their own decision about who they are going to vote for.  Alaskans don't owe anyone including Elise an explanation or justification for anyone they vote for.  We have a secret ballot for a reason.  Elise,  feel free to vote for whoever you choose.  Please show other Alaskans the same respect for their choices.",not_harmful,not_harmful,0.039634
168,It is very simple.  They believe Trump is better qualified for the job as compared to integrity challenged Clinton.  They may talk around it but in the end that's the truth.,not_harmful,not_harmful,0.077305
169,"This is as boneheaded a move now as it was last summer when the defense PM was flying around looking for a war to send Canadian soldiers into as part of the 'Canada is Back' PR program. Why didn't you write an editorial against it then when Canada was in it's  float-favorable-headline process?

The last excuse given for the delay up until recently was that Canada was waiting for the new American administration to give its blessing to the deployment. Evidently the U.S. said  last week  ""Don't let",not_harmful,not_harmful,0.282434
170,You'd like Kellie Leitch I take it.,not_harmful,not_harmful,0.052514
171,"“...( )...The problem was the inadequate approach to the Centre Islamique, who wanted to have his cemetery WITHOUT THE CONSENT OF THE POPULATION. 
I assure you that the inhabitants of Saint-Apollinaire are NOT AGAINST  a Muslim cemetery, them. They wanted TO SHARE the ground, because they also need this field”
Le Devoir",not_harmful,not_harmful,0.375655
172,"Leaks happen all the time, that is why we have heroes like Julian Assange and Edward Snowden, and many more are needed to tell us the truth one does not find in corporate run media.",not_harmful,not_harmful,0.213809
173,"Lamont Cranston - Tesla has passed 200 million miles driven but that only equals about 2,000km per vehicle, I drive that in just over two weeks in my car.

Tesla has had 3 fatalities with their autopilot engaged which translates to less than 70 million miles.",not_harmful,not_harmful,0.394777
174,"I agree. Unfortunately, the history of ignorance by those in power ($) towards the will of the majority, has always led to bloody civil strife. I hope for a peaceful and honest election. So far?",not_harmful,not_harmful,0.021652
175,I like to refer to Costco as the 100 Dollar Store.,not_harmful,not_harmful,0.199867
176,"He did better than get rid of PR people, he got rid of the likes of Burke and passed over the likes of Chaput. 
I think we need to reign in our expectations here, just a little. He caused uproar with the Swiss Guard when he attempted to ditch some of the security. He was very heavily criticised for that by senior figures. Can you imagine what they would do if he started flogging off the family heirlooms, closing the Vatican bank and moving into a tent under the Tiber bridge?

The man, as someone",not_harmful,harmful,0.884604
177,The Russians wanted Trump and Republicans to win and they wanted to hurt Clinton and the Democratic party.  Motive is an important part of any criminal investigation.,not_harmful,not_harmful,0.137244
178,"And the Church is less likely to criticize the government when the government gives it money for refugees, immigrants, and social services, and the Church downplays its Catholic identity to keep the money coming. Perhaps they like it that way but it's not good for promoting the Gospel. If the Johnson amendment were to not apply to churches, priests would lose an excuse to not preach on abortion or other hot topic issues.",not_harmful,not_harmful,0.428687
179,This would be a betrayal and setting of a course that will accelerate a moral decline that has as already taken hold in the halls of government in this nation.,not_harmful,harmful,0.627897
180,"Front and center on the web page this story.

Come on Globe can't you find filler stories more news worthy? This belongs on the back page of the classifieds.

No other religious group uses a dating app? I would like to see a story on Christian Singles...",not_harmful,not_harmful,0.057349
181,"What country is ""my country"" referring to?  And how did Canada become ""your"" country?

I didn't mind the Lord's prayer.  And it wasn't Muslims that asked that it not be recited in school, your beef is with your fellow ""brother"".  

Many schools have other religious/prayer groups at school.  Heck, don't we have a publicly funded catholic schools system?  

It's probably useless to have a rational discussion on here anyway.",not_harmful,not_harmful,0.256324
182,"""The Zulus had the best military technology and tactics""

I agree they had one of the best drilled and obedient armies and they also had fantastic tactics, based on the geography they operated in and weapons they used, but I beg to differ on them having the best military technology - the British empire had .45 inch rifles, cannon and Maxim machine guns; the Zulus had rawhide shields and spears. I would suggest that the British had the superior military technology, which is why they ultimately wo",not_harmful,not_harmful,0.226056
183,"I wonder why Merkel's advisors didn't warn her about Islamic mindset.  Or may be she was too egoistic or eccentric (like Hitler), to brush aside all resistance.  The whole refugee mess is her own creation, and she will be remembered as a vile figure in German history, if Germany can ever recover from the treason committed by her.",harmful,harmful,0.900734
184,"What do you all not get.  Rationed single payer healthcare is the goal.  ""300 Alaskans out of 23,000 that signed up had generated $55 million in claims, great for them but totally unsustainable.  Single payer will not guarantee 100% of the Healthcare that 100% of the people need.  California passed Single Payer a few months ago then balked wen they looked at the cost.  This is all a Pipe dream!  BTW F the Insurance Companies, they are truly the only ones benefitting from he ACA.",not_harmful,harmful,0.871499
185,Great call! An adulterer married to a serial monogamist and adulterer.,harmful,harmful,0.855449
186,Yes and the city is broke!!!,not_harmful,harmful,0.722295
187,"From the party that brought you Pierre Poutine: CPC, the masters of any form of electoral fraud.",not_harmful,harmful,0.858353
188,My My my,not_harmful,not_harmful,0.333830
189,O'Leary is in the Conservative leadership race. Skip the popcorn. Stock up on extra strength Tylenol.,not_harmful,harmful,0.797882
190,"""Boys, girls, men and women of Chinese descent from all over North America""

How is this not a form of discrimination if not outright racism?

""Lum said she’s a fourth-generation Canadian, while Costales said she’s second generation.""

These are Canadian women.
.
 Why doesnt China just invite whomever regardless of ethnicity and offer whichever successful players are selected citizenship? Why go through this pretty blatant facade?!",not_harmful,harmful,0.597824
191,20$ tickets yeah right man... I go to most games it goes up like 6-8$ a year at least.,not_harmful,not_harmful,0.332838
192,"I'm cool with eliminating the capital gains tax.  I have investments.  Let the little people pay taxes for me out of their IRA's.
BTW, you do realize that you never paid any taxes in the first place on the money that went into that IRA, right?  If you don't like having to withdraw it and finally pay taxes on it, you do have a choice you know.  Your heirs won't have to pay any taxes on it, so in the end you win!",not_harmful,not_harmful,0.069388
193,It was Russian meddling,not_harmful,harmful,0.549753
194,"Keeping America safe, one toilet at a time.",not_harmful,not_harmful,0.067998
195,"Here's an example:

http://www.businessinsider.com/michael-wang-says-ivy-league-discriminates-against-asians-2015-5

""Wang said that after he was rejected from most of the Ivies, he filed a complaint with the US Department of Education alleging that Yale, Stanford, and Princeton discriminated against him because he was Asian-American.""

These are top colleges, right?

""Wang's credentials are impressive. Academically, he was ranked second overall in his class and graduated with a 4.67 weighted gr",not_harmful,not_harmful,0.061917
196,What do you do for a living TC?  I'd like to know what makes you so much better than someone who works at McDonalds.,not_harmful,not_harmful,0.123252
197,How about instead they suspend all payments and benefits to all management staff above the level of in-store department manager?,not_harmful,not_harmful,0.290929
198,"""Religious extremism,"" are you serious?!  Judaism, Islam, and many Christian denominations,including but not limited to Roman Catholicism and the Orthodox Churches, reject homosexuality.",harmful,not_harmful,0.256808
199,"Well, it is owned by VW these days...",not_harmful,not_harmful,0.410531
200,"Most of the people who voted for Obama did vote for Clinton. That, sir, is the fact. Anything else is ""fake news"".",not_harmful,harmful,0.770267
201,Bottom line: Going forward Trump family needs more and some of the best available lawyers to make sure future decisions are not potential red meat for the media and resistance wolves.,not_harmful,not_harmful,0.217809
202,"Looks like a man an a woman,",not_harmful,harmful,0.939086
203,"While I am sure that Premera is gouging customers to pay for executive salaries, the real problem in the health care industry is the cost of medical care in the first place.

Moda was driven from the market because the cost of medical care here is absurd.

The ACA failed to address this which is why it costs upwards +$15,000 per day just in hospital fees for a surgery, before the bill for the doctors,drugs,anesthesia,tests,doctor group helpers who come in for 5 minutes and charge 1,000 etc.

I u",not_harmful,harmful,0.607075
204,"It is most unfortunate that some take issue with comments, perhaps because they misunderstand the intent, and then proceed to impose their emotions upon the perfectly innocent posting.  Of particular interest, however, is the phenomenon known as transference, when on person imposes upon another their own personal views.  These types of issues interfere so often with communication and the prevent the open and frank exchange of idears and discussions of things.  Sigh.",not_harmful,not_harmful,0.134612
205,"Why does WW write only about Portland schools? (Is this a regional paper or a Portland paper writing for Portland residents?) Sure if a teacher gets in trouble in an interesting manner the paper might mention an adjoining district, but otherwise crickets. Beaverton is losing its superintendent, to a community with demographics he's never experienced. That seems interesting.",not_harmful,not_harmful,0.140047
206,So leave.,not_harmful,not_harmful,0.118892
207,"I wonder how uniquely Canadian that effort was given that they set up a basic, one off coffee and doughnut shop. While there my have been dreams of success I doubt that there was a detailed plan in place for expansion. Realistically Dunkin Doughnuts did the same thing in the US so unless we wish to claim coffee and doughnuts as uniquely Canadian this is just the story of a fast food restaurant that found some success and that success is now being leveraged by an intentional conglomerate.

If we ",not_harmful,not_harmful,0.236609
208,Go Trump Go! Go Trump Go! Go Trump Go!,not_harmful,not_harmful,0.238238
209,"It was already publicly available for anyone to see in her website domain's WHOIS details because she didn't pay the extra $9 yearly fee for private registration. It's a condition of having a domain name.

Perhaps she shouldn't start shit before protecting herself against this sort of thing.",harmful,harmful,0.872202
210,"It doesn't matter what the artist would have thought of it.  It is meaningless simulacra and has little to do with him; just another branding initiative dreamt up by politicians. Montreal has always used Cohen as boosterism fodder. It is for tasteful people to devise how they'd like to remember him, something like the last line of the article.",not_harmful,not_harmful,0.443321
211,"Actually, the article DID mention the two individuals - including the owner of the newspaper. Please read THE WHOLE ARTICLE before reacting.",not_harmful,not_harmful,0.066443
212,"Seems DP is repeating excuses for lynch like he's running for political office.  Ok, we get he played under a different system in college.  Thats the past.  Time to move on and if that takes time, and it does, then why is he competing for a position he's not ready for?  Either he is a viable candidate right now or not.  But stop making excuses.  If he's not ready yet, and he's not, then let seimian have most of the reps and preseason game time so he can put his best foot forward.  The fact that ",not_harmful,harmful,0.857075
213,"Because most of the factors involved in this story do not apply to most families, is one reason. I don't disagree that for a host of reasons, in general guns not under the direct control of a responsible person should be secured, but to use situational events like this as a general justification is not particularly logically sound.",not_harmful,not_harmful,0.069403
214,But the 20 k extra in purchase price for the volt may take you decades to recoup.  Certainly beyond any positive opportunity cost analysis in any case.,not_harmful,not_harmful,0.197609
215,HAH - Not funny ha ha - Funny strange. And your words mean so much more with a name like Jim Johnson - About as impactfull as Mike Brown.,not_harmful,harmful,0.837529
216,"its called facts lefty and there are none, only accusations, thus is false liberal news",not_harmful,harmful,0.840246
217,"From the article ""Rosenlee said he’s concerned that the increased threshold will let nonresidents buying up million-dollar luxury condominiums off the hook.""

Troubling to me is the steal from the rich to give to the poor mentality. People that have worked thier whole lives and made good decisions should not be penalized for owning a residence in Hawaii.  Additionally troubling is the mantra that many people in Hawaii have that everyone except themselves should pay for govt services, i.e. Non re",not_harmful,harmful,0.725001
218,"So how does 1 send an anonymous complaint to the Canadian Judicial Council, saying that their own triage lawyer aka Exec Director as he's a lawyer as well, can & has prevented self represented public complaints actually getting to the Senior Judges about reasons for delays in the system by Court staff & Estate lawyers in concert with Judges perpetuating  problems in the non Criminal cases allowing murderers to go free & possibly the need for  preliminary inquiries that could prevent family membe",not_harmful,harmful,0.645480
219,"Shannyn, Don't know if you've ever traveled outside of Alaska-- but I travel for a living. I'm a frequent Uber and Lyft user. I have to say that my worst experience with either of these ride sharing services is better than my best taxi cab experience. Uber and Lyft are a great examples of how things can function extremely well without having government wasting time and resources trying to regulate ands set up monopolies for problems that don't exist.",not_harmful,not_harmful,0.050780
220,"Anti-religious bigotry against some groups of Christians appears to be acceptable in Eugene.  

""Freedom of Religion"" in Eugene appears to be applicable primarily to the Christian religions of a particular class and, currently, to the  Jewish and Muslim religions.  

As an agnostic, I am personally unaffected, but disagree with the hypocrites involved.",not_harmful,not_harmful,0.170275
221,This is the first time in his life he has a job where you have to work five days a week.   Cut him some slack already!,not_harmful,harmful,0.613538
222,"bahahahahaha!
""Sustainability""
You mean, ""HYPOCRITES!""
This state and city are so Leftists they love all things sustainable, the aina, global warming. Except when it comes to their own individual $$$! All pro-tourism all of a sudden. Disgusting. Grow a pair and live your (self-espoused) values and take a stand against tourism as a core industry!
While we're at it calling out Leftsist Eco-nazis on hypocracy: why hasn't the entirety of the eco-loving population here demanded faster clearing of aut",harmful,harmful,0.929075
223,"It's things like this, I think, that make voters a little skittish when we're presented with a request for a huge bond to build new schools.  

Shouldn't we at least have dealt with the buildings that were abandoned because of falling enrollment before we're asked to start shelling out the big bucks for new schools which we're told are necessary because of rising enrollment?  

It makes the district's capital decision-making process seem a bit frivolous as best.",not_harmful,not_harmful,0.434508
224,"It's all about democracy.

We've seen how our cities have been ruined, turned into 3rd world fens. 

What is this need of progressives to dump the world's poor upon the rest of us?   Whom does it help?",not_harmful,not_harmful,0.387743
225,"Is this at the level of the sponsorship scandal or other scandals?  Of course not.  But it is this kind of arrogance and entitlement that leads to those scandals.  

And, not to mention, it appears to be a violation of the law, and that anyone at the PMO could have seen this coming a mile away, but decided to try to deceive us anyways.",not_harmful,harmful,0.596761
226,"Also noteworthy, is that Suevon has a master of studies in law from Yale Law School.  It's a good program that seems to have given her a decent foundation for covering legal issues - which she did at law360.com",not_harmful,not_harmful,0.067448
227,"You have missed the main point:  The republicans do not intend--and never have intended--to give the middle class any tax breaks.  In fact, as this article points out, they intend to eliminate the largest tax break middle class taxpayers take advantage of, the home mortgage deduction.",not_harmful,not_harmful,0.231690
228,It's too bad people want to set things at Obama's feet when he is not President.,not_harmful,not_harmful,0.473378
229,"I'm a Paxton Lynch fan and hope he gets a shot to really compete this year.  And you have to applaud Siemian's approach to the game and performance last year.  I believe his shortfalls are the long ball and the inability to make anything happen when a play breaks down.  Plus - his durability as he is not the biggest QB around.  On the plus side, he throws an incredible ball and has a command of the offense & teammates respect.  I do not think he is as accurate as some folks portray.  

There mig",not_harmful,not_harmful,0.416238
230,"Perhaps the government should ask Cindy Blackstock and the Canadian Human Rights Tribunal what is required to meet their obligations. Minister Bennett should immediately commit to spending $200 million this year and to fully implement Jordan's Principle. Then she can talk about future improvements and commitments.

This announcement sounds, at best, like more foot-dragging. At worst, it appears they've found a tame Indian to help them 'consult' the reasons they don't need to comply with the Trib",not_harmful,harmful,0.794473
231,"two year old cubs, they would have been on their own soon anyway.",not_harmful,harmful,0.642894
232,"While the content of this article is quite lovely, it's rife with errors.",not_harmful,not_harmful,0.066180
233,Economics was long ago defined as 'the dismal science'; it is also a very fuzzy one.  You can hire or believe both macro and micro economists by the bushel; getting more than two to agree on the basic fundamentals of their craft is much more difficult.  Trying to rely on their 'models' is fruitless.  Their predictions are less accurate than a racing tout at the horse track.  It isn't the fault of the economists; there are just too many worldwide variables to accurately predict even the scope of ,not_harmful,not_harmful,0.379712
234,"Better get this one right, cuz with the new administration's agenda, we may soon be eating those Gulls!",not_harmful,harmful,0.901447
235,Makes you wonder. It also makes you wonder how it backfired for Hillary.,not_harmful,not_harmful,0.422924
236,"Let's just accept the economic argument for a moment (though it is specious). Will the rest of Canada commit to covering the ongoing, low grade environmental damage? What commitment will the rest of Canada make around the southern Orca population? Given that Kinder Morgan has no intention or capability of covering the cost of a major spill should one occur, and that Alberta is unlikely to have the funds, will the rest of Canada commit to complete coverage of the environmental and economic costs?",not_harmful,not_harmful,0.205816
237,"It does look like the fix came in.  The timing right after the canvassing board certification does not look good.  Voters have several options for voicing their displeasure.  They can write in Smith or Negus, really anybody other than the chosen one.  Those write-ins will be tabulated as against Moran.  Or they can simply leave this one blank.  The undervotes will also show up in the tabulation.  Won't change the result but it will be noted.",not_harmful,not_harmful,0.174244
238,"Just ignore it, happens to all of us, system is poorly conceived but it is what it is - something Liberals would come up with.",not_harmful,harmful,0.728639
239,Blah blah blah .  Your inflammatory rhetoric is meaningless propaganda.  You don't get to police women's reproductive lives.  Mind your own.,not_harmful,harmful,0.801886
240,Sullivan did an overall good job as major.  Good that he has filed.,not_harmful,not_harmful,0.038964
241,"An objective, well stated piece Ms.Parker. Too many people confuse connotations with denotations. Nationalism is not racism. islamophobia (or islamodia (my word meaning the hatred of islamic ideology) is not racism.
   In the end, human nature will remain about the same - taking preferential care for one's own, before adopting those of diverse & often antagonistic views.
   As for forms of government, we must strive to keep it simple, keep it small, & keep it as local as possible.",not_harmful,not_harmful,0.034056
242,"Its against our human rights and highly illegal to ever of had any drug illegal, pot, cocaine, heroin, ecstasy. The government is way out of its jurisdiction on what they are in existence for. Driving while impaired on one of these substances should be illegal and prosecuted by law or other heavy machinery just as the same rules apply to prescription medication already. Free up our police to prosecute real crimes such as murder, rape, pedophiles and empty our prisons of drug users to make sure w",harmful,harmful,0.876719
243,"16ie: My bad, yes I (obvously) meant  Khadr.  The real issue as we both pointed out is not the position of the Constitution as it applies to ordinary citizens in a civil context, but rather in its extenuating circumstances, as it applies to terrorist and military activity.  Regardless of the Notwithsanding  Clause the issue, as you point out, has not only not been properly discussed by skilled hands but is currently being sold as a political pop-up for its rhetorical short comings: the money is ",not_harmful,harmful,0.711093
244,"Trump, by his own admission, does not read. He is at best, a semi-literate buffoon who cannot understand the complexities of treaties and agreements. He gets his ""news"" from Fox.
So it's no wonder that he backs out of agreements since he has no clue about what they involve. 
Hopefully Tillerson and Mattis can keep him in check.",not_harmful,not_harmful,0.253685
245,"So sez ""Comrade"" Larry. Wuddaya know.",not_harmful,not_harmful,0.111665
246,"Great post,  I sure based on their name alone they produce unbiased information. India also announced plans to go all electric. Even though according to the vaunted Paris Accord they still plan to produce at least 60% of their power from coal. Dirty coal.  How do you square that??? One of the reasons electric vehicles are needed and is being embraced by automakers is not the ""green phenomenon"". The fact is that based on current demand and projected production we cannot produce enough oil to meet",not_harmful,harmful,0.795547
247,"You should learn something before commenting.  Maybe that is why you use an alias because you sound like an idiot.  ""Grand Chief Stewart Phillip is the President of the Union of British Columbia Indian Chiefs""",harmful,harmful,0.632668
248,"Thank you, Denby, for continuing to investigate and doggedly pursue the killers.",not_harmful,not_harmful,0.035601
249,It would be easier to understand transgenderism if advocates could provide a definition of what it now means to be a man or a woman. What criteria would someone use to self-determine whether they are male or female gender?,not_harmful,not_harmful,0.244980
250,Let's hope it never comes down to it for you or me.,not_harmful,not_harmful,0.202299
251,"To me it sure looks like the Trumpster doesn't want to be president. He wants to be a rockstar for a while and then move on. Can you imagine that guy dealing with the 20 hour a day drudgery the office demands? He's a lightweight. We're going to be stuck with Hillary, a disaster if there ever was one.",not_harmful,harmful,0.968505
252,"Spot on Shoshiru, I whole heartedly agree. I would challenge the chorus of USCCB naysayers to show me where in the Gospel Christ implores environmental friendliness and being 'nice' as the ultimate virtues. I can certainly point to where Jesus upholds marriage as indissolvable. The USCCB does those trying to live an authentic Catholicity a great favour by, with humility I might add, ignoring the confusion being sewn and dispensed from Rome under the Francis papacy.

The Trump criticism at the en",not_harmful,harmful,0.756371
253,"Lucky we live in Hawaii. Solution reduce state taxes to offset the loss, I forgot we live in a democratic state in which taxes are increased to fund politican's goals not to help taxpayers.",not_harmful,harmful,0.679099
254,"Well arguably one may call the Austrian School even more debunked but there is two problems with that:
1) austerity was pretty much just a diet version of Austrian school to begin with so it's really the same thing
and 
2) Austrian school has been deemed heterodox (an academic euphemism for bovine-excrement) for many decades already, but it's own adherents don't admit it's debunked because they reject the scientific method. So they aren't so much economic science as they are economic homeopathy ",not_harmful,harmful,0.844565
255,"Hawaii needs to do a better job promoting the health and culture of its first nation people, but killing the local astronomy industry and blaming the Thirty Meter Telescope project for every injustice dealt to Native Hawaiians since the overthrow is not helping.  Start by focusing on the disproportionately high rates of heart disease, diabetes, high blood pressure, alcoholism, substance abuse, incarceration, homelessness, domestic abuse, suicide, high school and college dropout rates, low wages,",not_harmful,not_harmful,0.065253
256,I hope they will use the data to prove the necessity for a 3rd ferry.,not_harmful,not_harmful,0.297582
257,"There's probably others who could sue trump for his lies, including ted cruz' family for trump's claim that his father helped jfk's killer.  He really needs to think twice before pursuing changes to the libel laws.  But then, this is probably just more red meat he is throwing his gullible followers.  After all, in ""the art of the deal,"" he said that people will believe you if you tell a lie 3 times.",not_harmful,harmful,0.525829
258,"So let's see, General Flynn has multiple contacts with the Russians and lies about it even to Mike Pence.  Flynn has to resign because of lying about his contacts with Russians.  Kushner has multiple contacts with Russians which he does not initially disclose and latter has to go back and amend his security clearance forms and also tries to set up back-channel communications with the Russians.  Manafort has long ties with deposed Ukrainian dictator who is now in Russia.  Sessions had multiple co",not_harmful,harmful,0.904838
259,"Nevillea - The article about public opinion is completely irrelevant to the discussion about the safety and effectiveness of fluoridation.

My goal is to provide scientific facts to expose the blatantly false claims of fluoridation opponents.  The actual scientific facts, ignored by FOs, are the reasons more than 100+ major health and scientific organizations recognize the public health benefit of fluoridation for preventing dental decay.  These organizations include the WHO, AAP, AMA and the AD",not_harmful,not_harmful,0.073102
260,"To staph ... ""What makes .. ""
Look in the mirror   .-)",not_harmful,not_harmful,0.376751
261,"I agree. ""In real (or volume) terms, imports were up 0.8% while exports fell 1.7% in June. Consequently, Canada's trade balance in real terms went from a $630 million surplus in May to a $423 million deficit in June."" How is that firing on all cylinders?",not_harmful,not_harmful,0.023242
262,"I have signed petition. ""End to democrat fascism"" Will you join me in supporting this cause?
www.thepetitionsite.com/530/019/195/end-to-fascism-now-in-seattle/",not_harmful,not_harmful,0.152182
263,"My wife retired as a full-time nursing professor a couple of years ago and her position is now being staffed by several part-timers.  The nursing program has been running since the colleges took them over in the 60's and has no signs of slowing down.  How is this reacting to market forces?  They need experienced full-time staff for the majority of the program delivery and continuity to ensure quality.

The reality is that instead these colleges have loaded up management administrators at the exp",harmful,harmful,0.880490
264,"I can't stand Justin Trudeau. But he's less frightening than Donald Trump. Why would the CIA and FBI be doing this if they weren't convinced that their findings were true? Are they part of a grand plot to destabilize Trump's presidency? Is every single member of the CIA and FBI a hide-in-the-closet democrat? I doubt it very much. Your ""paranoia strikes deep."" Trump has said so many things about this before he had even been fully briefed by officials. A frightening man - convinced that he himself",not_harmful,harmful,0.914022
265,"meth is a working man's drug larry so take some credit here. all these contractors and laborers are using it so they can work around the clock for days straight and then they don't know what to do with themselves when the work drys up. I can tell you what they do though, they go down hill fast and pass the meth habbit along to their teenage kids who are now robbing alaska blind for it. stop blaming hippies and go talk to your people larry.",not_harmful,harmful,0.923679
266,"As a mom who went through my son and my niece deployed to Iraq and the Middle East several times, I know the fear that mothers feel when their child or loved one goes into danger. I hope that everyone one of our Alaska National Guardsmen are safe and come home to their families. As Alaskans they will be better suited to the winter conditions and terrain there. As Alaskans they will look after each other and their fellow troops over there. I have no doubt they will do their jobs there and save li",not_harmful,not_harmful,0.100717
267,Hawaiian Air model - increase fees and cut customer service.  Hopefully it won't last much longer.,not_harmful,harmful,0.686667
268,"Rather than the routine monotones, some actual conversation would be appreciated. Thought we were talking about this case, not the 16 million displacers. Also, own your own position, not mine.",not_harmful,not_harmful,0.053131
269,"[No information useful to the Trump campaign was provided by the Russian lawyer. This fact means nothing.]

It is, as ACfH commented, easy for the parties involved to lie. However, it doesn't even need to be provided to the Trump campaign. The information could have been alluded to or even a brief overview of what the information was about (thousands of DNC emails) and Trump Jr. could have recognized how costly it would be to deal with the information in-house (not to mention how it would look i",not_harmful,not_harmful,0.395446
270,"In the photo, Romney looks like a deer caught in the headlights. :)",not_harmful,harmful,0.783003
271,I can't even imagine how boring Clinton's administration would have been.,not_harmful,harmful,0.689302
272,"Will my self employed wife and I get a refund on our health care costs... doubled since Oregon's application of ""Obamacare"" went into effect.",not_harmful,not_harmful,0.153240
273,"Where is the ""sustainability"" in adding another costly government in Hawaii?  Taxpayers can barely afford our county, state and federal governments.  Add in this new OHA government and you know it won't be created through shifting county, state and federal employees and programs to the new OHA government.  It will be fleshed out with brand new government jobs, buildings, etc.  A new government for part-Hawaiians only will be as unsustainable as a rail system or Hawaii's Obamacare exchange.",not_harmful,harmful,0.904267
274,"Right on, right on, right on.",not_harmful,not_harmful,0.077865
275,"In the  first, I think Mr. Trump is going for the Falklands Effect in this strike - the real target isn't the Assad regime but rather the tattered state of his domestic agenda.

As to what Canada can do militarily there are very few choices - and I do mean very few.   I think because people have gotten so used to hearing about the dire state of the CAF that they don't realize just how wretched a state it is in. Consider that recently the Commander of the 3rd Canadian Division said that by sendin",not_harmful,harmful,0.778491
276,"It seems like the Trudeau federal Liberal government wants to protect Maryam Monsef, one of its own.",not_harmful,not_harmful,0.429005
277,Anglican priests left because they hated the gay bishop they had and didn't care about women being treated with justice in church either.,harmful,not_harmful,0.461879
278,"Dromig only wants to help others if it makes him feel warm and fuzzy. Having the government doesn't make him feel that way, so he does not want the government to help them. Do I have that right?",not_harmful,not_harmful,0.027819
279,"Ironically cities and rural frontiers in pre-WW2 Canada were crucibles for populism. The G&M would cringe at that word, yet it's oblivious that great Canadian leaders like early western-Canadian farmers, labour organizers, and political luminaries like Tommy Clement Douglas were populists, or used populism to mobilize the masses towards action for the collective good; noble actions, like forming union and protecting basic services under the state's umbrella.",not_harmful,not_harmful,0.157986
280,"Defend him from what,  having dinner with Putin.
I know you guys like to dream that you can turn it into a felony, but face it, you're delusional.",not_harmful,harmful,0.848002
281,"We can't let Donald make any decisions more important than 9-iron, or wedge.
He just doesn't have the mental stability for import issues. Believe me.",not_harmful,not_harmful,0.351842
282,"Disclaimer - I work in the tech industry. I find that too few people actually understand how computers work, how programs work, what the gaps that currently exist are and how to communicate effectively about the shortcomes. Teaching ""coding"" - I prefer ""programming"" or ""application design"" - is an important skill. It allows people to determine what they actually need and figure out how to do it. It is not a matter of learning apps. 

It's a matter of being able to determine which apps actually w",not_harmful,not_harmful,0.324685
283,"I think all students have an expectation that their school will allocate funds on an equitable basis.  If a student arrives at a school 'exceeding expectations' , the school needs to meet those expectations with the same rigor they apply to a student who needs remediation in a subject or subjects.  When students are in schools where many or most of the students fall within one or the other group, the curriculum should look different.  The problem seems to be needs seem to cluster by demographics",not_harmful,not_harmful,0.187988
284,"Mining landfills is proving to be a viable alternative.

Pilot programs are being put into play and the results are proving to be promising.

Landfills are a humungous untapped source of non-renewables of all kinds and almost all of them are easily accessed without destroying more shrinking natural habitat.

We should definitely mine the landfills for all the millions of tons of metals and other non renewables we've thrown away.

When the landfills are played out, then we can see what our needs ",not_harmful,harmful,0.505243
285,"The one in Waikiki is a disaster. Went there once and will never go again. Asked for well-done and the filet mignon was almost raw. Told the waitress to have the cook try again and do not give us the same piece of meat back since, once it's cut, all the juices come out and the steak is dry.
She fought with us for twenty minutes and refused to do it. I could go on with all the details but you get the point. This place is only for tourists who won't be coming back to the islands since it's doubtfu",not_harmful,harmful,0.895701
286,"You should definitely punished for bringing this onto the rest of us and all those who fear socialism (we have been living with it since 1867 in Alaska)
Who built TAPS again?",not_harmful,harmful,0.724735
287,huh... They must not have looted and stole the TV and Microwave and burned the place down like the Black Lives Matters folks do.. .. These are great lessons to live by.. Better chances of getting off if you don't Burn the place down when you demonstrate your anger. You're argument is boorish..,not_harmful,harmful,0.627913
288,"Seems this administration and the Council have done what they do best, spend more money. From DIA to the National Western “investment”, and now this, they have gone whole hog with spending Denver’s money. What will happen when they run out?",not_harmful,harmful,0.579926
289,Oh look another import causing problems. Lets import some more its just going soooo well,not_harmful,not_harmful,0.284140
290,"Definitely, if you lose the first game of Spring Training in February, its time to throw in the towel.",not_harmful,harmful,0.720158
291,"Is this trump's Iran-Contra affair?

Is there a payoff to the Russians for helping him get elected and if so, what is it?

Why else would any presidential campaign feel the need to have repeated contact with a foreign government intelligence service.",not_harmful,not_harmful,0.301011
292,"Can you link to one of Bill Clinton's speeches about Saddam Hussein's WMDs?
Or are you lying again?",not_harmful,not_harmful,0.453891
293,"What this sanitized fedral gubmint approved propaganda did not say is: they also tazed the lawyer four times. Four times? Yeah, punishment.",not_harmful,harmful,0.749340
294,"Every article published by every media outlet since the Marco Polo fire has cited 1975 as the year the sprinkler requirement went into effect for residential high rises.
My 30-story 250-unit Honolulu high rise was built in 1979 and there are NO sprinklers in the building. Our board members, building manager, and management company are unable to explain this discrepancy.
Can Civil Beat please do a story on the specific 1975 law that is repeatedly cited by the media? A four-year lapse seems like a",not_harmful,not_harmful,0.321211
295,Well Mr. Trump did continuously claim during the campaign that the election was rigged.  He just forgot to note that it was rigged in his favour.  No wonder he is hiding his head in the sand.  How long until this clown is impeached?,harmful,harmful,0.835456
296,"It's not a relic; it is still very much relevant. The entire purpose of the Electoral College is to prevent a regional party or candidate (AK Independence Party is a good example of a regional party) from a highly populated area (say the West coast, the Midwest, or New England, perhaps?) from taking control of national politics. Look at the Electoral College map from this, or almost, any year. It's always the same: highly populated states and urban areas always vote liberal. The opposite is also",not_harmful,not_harmful,0.088251
297,Amazing what turns some people on.,not_harmful,not_harmful,0.270263
298,"Let me get this straight.  A Republican lawmaker wants to spend money that is ""forecast"" to come in.  Whatever happened to spending the money you actually have received instead of spending money you might receive?",not_harmful,not_harmful,0.283947
299,"A predictable, irrational and unfair tariff. There is only one way to deal with a bully. Punch them very hard right in the face. Where are the Trump supporters now?",harmful,harmful,0.701824
300,Decision time. Netherlands for the real Netherlanders?,not_harmful,not_harmful,0.475278
301,"Thanks for clarifying this with Mr. PHILCO3. I am amazed that someone who seems semi intelligent could not understand your point. Pretty darn clear to a regular guy like myself. Please do not take this personally Mr. PHILCO3, but maybe you did understand and wanted to be a smartass? Or, maybe you actually are not as smart as you would like others to think?",not_harmful,harmful,0.808477
302,Far too little and far too late...,not_harmful,harmful,0.649184
303,"Drill for oil and gas!!! 
Don't stop!!  Who cares about the arctic council.",not_harmful,harmful,0.635831
304,"That is a good way to look at it.  We really are supposed to be doing both every day, but it is nice to have a day or days that really focus on it.",not_harmful,not_harmful,0.015440
305,"This has nothing to do with money and involves zero taxpayer dollars, other than the time wasted discussing it at the school board meeting.

But hey, even if taxpayers were paying for the pills... it's cheaper to pay for pills than babies. Take a minute and give it some thought. Do you really want kids who can't pay for pills to be breeding? You know you don't. So, even though you concocted this scenario in your head, I think you now find that you were mistaken.",not_harmful,not_harmful,0.062210
306,"It strikes me as strange that so much talk about booze seems to swirl around President Donald Trump...

-


This article is the first I have heard of Trump/Alcohol....way to beg the question",not_harmful,harmful,0.503791
307,"The quantification of self-defense uses is off by several hundred fold.  It is 500,000-3,000,000 per year.  It's actually closer to 1,200/day.  But the methodology you use relies on every brandishing incident which ends a crime to be reported by the media.  This rarely happens except in extreme/unique scenarios like the naked man offering diamonds  chased off by an angry father with a handgun.",not_harmful,not_harmful,0.445387
308,"Agreed, liberal left-wing double standards at its finest.",not_harmful,harmful,0.701716
309,"Did you read the same article I did? The writer didn't say anything that translates, ""Look at the poor, defenseless disabled people..."". He clearly said he didn't condone their behavior. Gardner was flying in that night and could have met with the protesters to listen to them and address their fears and concerns. He was not obligated, but he could have helped to diffuse the situation with a gentler, more diplomatic approach. Equal treatment is one thing, sensitivity is quite another. As people w",not_harmful,not_harmful,0.041530
310,"Who could top the military pope, Julius II,  the ""Warrior Pope,"" who had a YUGE consecrated host held aloft as he led troops into battle.  Wonder how Our Sunday Visitor would have covered that scenario?
And we're parsing a coffee cup here?",not_harmful,harmful,0.586792
311,"WE haven't been speaking about science. You've been harping on it while I've been pointing out, repeatedly, that your assertion about debate being illegal is unfounded. I've also pointed out that the legislation doesn't address or speak to science in any way. Have you even taken the time to read it yet?

You now seem to be claiming that this bill will have an effect on research. This is also completely unfounded. And since I suspect you'll next bring up Peterson's research funding cut, know that",not_harmful,not_harmful,0.068338
312,"Tulsi only disagreed with the President's foreign policy on Syria, TPP and DARK Act. Obama's not so small-minded that that would ruin their Aloha for each other. President Obama and Trump get along just fine, if you haven't read. Clinton, too - they went to his wedding in 2005. 
Tulsi met with Trump to stop the regime-change war in Syria. Peace is not partisan, so why even go there? Ridiculous.",harmful,harmful,0.878798
313,"This fake news story is just one more excuse trying to explain why Hillary Clinton lost giving a massive mandate to President Elect Donald Trump. President Obama, Hillary Clinton and Nancy Pelosi have presided over the total destruction of the Democratic Party losing state houses, governorships and senate seats . Today two Democratic senators are rumored to switch sides to become Republicans because they see that the Democrats are sliding toward the dustbin of history. Good Riddance..

Democrats",not_harmful,harmful,0.909506
314,(Good call DJ16).,not_harmful,not_harmful,0.051544
315,"Yes!  And perhaps Burke's Canon 915 and the entire 23rd Chapter from the Gospel of Matthew should be read and reflected upon by those cardinals, arch/bishops who are not doing what Bishop McElroy did, but who are backing Trump [oh, secretly, of course].",not_harmful,harmful,0.630395
316,The american people are worried about the malignancy which exists in the msm.  Funny how Carl had nothing to say about the malignant lack of reporting the msm exhibited in not reporting the many transgression's  comited by that anti american president obozo and the democratic party.,not_harmful,harmful,0.819280
317,"Watch 
Some county idiot will settle for a undisclosed amount.",harmful,harmful,0.811769
318,"As the Ship of State goes beneath the waves, the Democrats will probably be holding their clenched fists above the deck chairs on the promenade deck  shouting:

 ""Remember Garland!""   and

 ""It Was Hillary's Turn!""",not_harmful,not_harmful,0.431943
319,"Fishy? Not fishy at all. Look at Johnny Manziel, Ray Rice...owners and managers are staying away from them because they don't want unnecessary problems. What Kaepernick did was far more controversial than substance abuse or domestic violence. Protesting the National Anthem is like questioning the legitimacy of our Constitution. He may have some supporters; but majority of the people resented his action. I think his professional football career in the U.S. may have come to an end. I don't think a",not_harmful,harmful,0.726879
320,"Shelters aren't the end game. Going to one, getting clean and receiving mental health services are part of the multipronged approach that is necessary for much of our homeless. If we have to be mean to get them in these systems, I am okay with that. Look at where being complicit has brought us.",not_harmful,not_harmful,0.349949
321,"I agree with you in principle, but you don't throw away the good in search of the perfect. Why not accept those short term gains and build upon them to reach an ever larger population of students? Finding a solution to the larger problem of progress for all students starts with the assumption that all students are the same, and there is one solution that will work for all.

I do like your solution proposed in the last sentence. Maybe keep the age difference to less than 3 years or something appr",not_harmful,not_harmful,0.052351
322,"Well, Well how about that amazing Saullie sweep? It's basically conquering Rochester, Welland and even parts of Niagara Falls. Too bad Buds refused to quit and kept working their hearts out. Nice to finally see reasonable grit and determination from these young Buds. God, even Bozak is getting into the act, just wish he could shoot quicker, like Matthews. Over all great game, lovely come from behind victory -- congra[d]s folks.",not_harmful,not_harmful,0.117981
323,"Have you heard the expression where there""s a will there's is a way?",not_harmful,not_harmful,0.184255
324,"Hmm, 78 [now 83!]  comments and counting.  Mostly rather argumentative.  What could I, as a no-longer practicing Christian,  possibly add about Northwest Christian University's  policies?
Well, it seems to me, that while NCU's beliefs are not my own, they have a right to create an educational institution upholding their own values as they understand them without us telling them what to do. That's a right I'd want to have, within reasonable limits,  if I were to form an educational  group with li",not_harmful,not_harmful,0.027514
325,"“I’m looking at two-state and one-state, and I like the one that both parties like,” he told reporters. “I can live with either one.”

Now how's that for thoughtful.  Nothing wishy washy or cowardly there at all.  Never mind the narcissism on display there.  'I"" can live  with....is this about him?

Here's what thoughtful, reasonable people know.  Israel cannot be a democracy under a one-state solution, nor will it be a Jewish state.  It is either going to be an apartheid state where the majorit",not_harmful,harmful,0.899674
326,This is worse than gross mismanagement. The government is deliberately misleading the public solely for the purpose of winning the next election. Deceit and corruption is now the standard order of business.,not_harmful,harmful,0.819184
327,"No they aren't, the United States is our largest trading partner, we just don't call it exports.
As to what goes to China, over 97% of the value of the minerals and ores that go there are reaped by the Chinese.
We get less than 3 cents on the dollar for it's dollar value.
I'd say we're getting taken to the cleaners now, why would we want to do more of that?
That's dumb.
You could benefit from going back to school, I'm sure continuing education is offered in your neighborhood.
Maybe you'd learn t",harmful,harmful,0.520787
328,"There is a ""notwithstanding"" clause in the Charter that gives legislatures 5 years to fix the problem.",not_harmful,not_harmful,0.073877
329,I think it was nuclear weapons that ended war in Europe. And the presence of two nuclear armed alliances. Otherwise a few more wars could have taken place in the years between the Cold War.,not_harmful,not_harmful,0.311714
330,"It's possible that many readers may have forgotten that Ms Barkhuis was originally elected with a clear mandate from the voters to clean up County finances.  

We all knew about the mess she was inheriting from her precursor as Treasurer, and she did an excellent job of straightening that out.  

No one could have foreseen the brutal mugging she would undergo at the hands of a few one-term County Commissioners (now removed from office by the voters) and their allies (still in office) when she tr",not_harmful,not_harmful,0.059001
331,"The only one who sold out was Trump and his son-in-law Jared who were caught with their hand in the Russian cookie jar.  Just as Trump announced before the election was completed ""the election will be rigged"". He Just didn't tell us that he had his Russian friends do the rigging for him.",not_harmful,harmful,0.755829
332,"L2G.. don't worry about it. good person?  -  bad person?  BOTH- in other words pretty much like you, aaron and every one else. i have my moments ..MANY moments - some are documented right here in comments.  :)
 i like your attitude - better than i was and still improving! kinda what i like about aaron.  whether he's on target or not, he's reaching for better. i wish for him that he find a mental health pro that he clicks with.
  i love my sister as much as i love anyone - and i would kill for he",not_harmful,not_harmful,0.149476
333,"The CIA report came out this past week. What exactly is he referring to as a long time? 

Nothing, of course. 

Trump is manipulating the weak-minded again. Hats off to him. He's pretty good at it.",not_harmful,harmful,0.741973
334,Parents are rapidly rethinking allowing their kids to play football after all of the evidence of longterm effects from concussions is being identified.  Will high school football still be around in ten years?,not_harmful,not_harmful,0.347523
335,"@ downeykp
Election is over...get over it.",not_harmful,not_harmful,0.210200
336,"He's a con man, he conned may of us, and he's not going to change his ways.  After all, he is Justin the Great and we're not.

So, it's either him, one of the Ted Nugent disciples currently vying for leadership of the CPC or the Naomi and Avi show over at the NDP.  Doncha just feel so much better now?",not_harmful,not_harmful,0.349355
337,"As previously and repeatedly stated, the best publicly available information does not contain any evidence that-as required by federal law-LCC conducted a Title IX assessment to determine what if any impacts this cut would have on the college's ability to comply with the statute.  Equally problematic-as written and available-the current Sexual Misconduct, Sexual Harassment and Gender-Based Discrimination Complaint Process (https://www.lanecc.edu/copps/documents/sexual-misconduct-sexual-harassmen",not_harmful,not_harmful,0.256202
338,"I notice that you didn't deny my accusation that you'll use it when it suits your agenda and ridicule when it doesn't.
Why should I offer facts?  I'm not the one including links to Snopes in my post.",not_harmful,not_harmful,0.033166
339,"Again, why on earth would Sinclair want to control the news.  Sinclair wants to make money.  Get with it.  The fact that they serve conservative commentators means, much to your sadness, is that many people out their want to hear it.",not_harmful,harmful,0.869613
340,"""I think it is get an idea of what the offense is going to try. ""  Thanks, please impart more of your football wisdom on us.  The last two editions of this rivalry have been awful for the Ducks, but you're kidding yourself if you think the Huskies are going to dominate us going forward.  It's going to be a lot more even starting next year at Autzen.  Can't wait, GO DUCKS!",not_harmful,not_harmful,0.105367
341,"Just wanted to add that the photograph with this story is beyond beautiful ! It is magnificent!
Story was great too !",not_harmful,not_harmful,0.026456
342,Are those the same pollsters that predicted a Clinton win?,not_harmful,not_harmful,0.396638
343,He sold the funds in 2015.,not_harmful,not_harmful,0.165321
344,"Lesson to TransCanada: don't build pipelines through Indian reserves, if you can help it. Build them, of course, but use other routes. Dealings with the First Nations lead to nothing but aggravation and they aren't worth the bother.",not_harmful,harmful,0.630046
345,Nothing wild about my speculation. I think it is pretty solid actually by I do a lot of driving.,not_harmful,not_harmful,0.047027
346,"You neglected to mention that areas with the highest concentration of millennials, also suffer a disproportionate rate of crime.",not_harmful,not_harmful,0.355488
347,meet the new boss...same as the old boss....the who,not_harmful,harmful,0.641851
348,"This is the GREATEST recovery in the history of hurricanes believe me, believe me.  #MAPRA",not_harmful,not_harmful,0.196514
349,"Crumbling faster than Trump. Didn't think it was possible, but I guess it's happening. Vive La France!",not_harmful,not_harmful,0.391030
350,True,not_harmful,not_harmful,0.180298
351,"First, he was simply pointing out that stuff (like benefits) costs money and that you should be looking at someone's TOTAL compensation (not just cash wages) and benefits.

Second, you need to look up the word ""slave"". The ""slave wages"" talking point may be what you use to describe a wage that YOU are unwilling to accept. But it doesn't make these people slaves in any reasonable definition of that word. Using that word is, frankly, an insult to people who actually do endure slavery in this world",not_harmful,not_harmful,0.109608
352,"I have no background in this sort of thing, but your suggestion makes a lot of sense.  If the object is scary enough to cause an evacuation, lifeguard should leave it alone, for his and everyone else's safety.",not_harmful,not_harmful,0.043467
353,"I guess this means he will be out in a week?  The poor Donald, he has trouble holding onto people.",not_harmful,harmful,0.861249
354,"Allie, I think many of us are looking at this all wrong. With out of control Kim Jun Un prepping his nukes, I believe this could be a positive. In the sense that US, Russia, China can find a mutual goal to work together to better handle KJU all the while creating a more civil and cooperative relationship to solve many of our worlds problems. Or, am I being overly positive in my hopes?",not_harmful,not_harmful,0.040556
355,Maybe Turpin should apply for an E Z giveaway grant from the state legislature,not_harmful,harmful,0.635203
356,"Stick a fork in that fat orange sausage: he's done, small hands and all.",harmful,harmful,0.846068
357,"Actually, the Muni does have a rather robust Volunteer side that contributes 1,000s of hours annually.  Michele Feribach is the Volunteer Coordinator and is usually looking for help with all kinds of projects. Typically, for example, Volunteers do a large part of directing participants in the Mayors Marathon.  The Anchorage Trail Watch program is run this way as well, one of the more visible results of that work is increasingly safer trails by both active riding as well as clearing brush from ar",not_harmful,not_harmful,0.044992
358,filthy corrupt swamp,harmful,harmful,0.657162
359,"In my view, your faith is misplaced: you've situated your faith in an institution rather than in a Person. The church is constituted by the Eucharist; its members, both individually and collectively, are always fallible human beings on pilgrimage, on their way, nourished by the sacraments, guided by the Word of God. Now they apprehend partially what they will later know fully. 
<The day that the Catholic Church starts to base her teaching, not on the Word of God, but on the whims and trends of p",not_harmful,not_harmful,0.369886
360,"All the talk of ""anti establishment"" is baloney for the folks who missed 1968..",not_harmful,harmful,0.834308
361,"I really disagree....the attacks on women who dared participate and express a political opinion have been extremely uncivilized and inaproppriate. The types of trolls who swarm and attack others are not trying to have a discussion - they are online bullies who often use discussion boards to feel powerful, while totally hijacking the discussion. I have been targeted by trolls for expressing an opinion and rather than engage me on any specific points, they just made blanket insults that made gross",not_harmful,not_harmful,0.270114
362,"Not true Jizzyray. Ethan and I were in discussion.  He even wrote to me that next quarter would be fine too.  We just didn't find a common date.  I must admit I was thrown off a bit by the article.  I'm actually scheduled to go to Campbell High School at the end of October to talk to students.... BTW, I actually had a couple Campbell H S students visiting in my office today...  Send me your email.  I'll send you the correspondence.  You'll clearly see not ""pathetic excuses"".",not_harmful,harmful,0.712173
363,The difference is that Obama won the popular vote and he didn't have Vladimir Putin help him win.,not_harmful,not_harmful,0.223602
364,What do you know about Karen or her record?,not_harmful,not_harmful,0.065348
365,"Very interesting and timely, thanks! Lest we forget the massive contribution of van Zyl-Slabbert and also his recommendations for electoral reform so conveniently ditched by Mbeki for despotic reasons, we may not now be in this monumental mess we find ourselves in where ANC MP's are fearful rubber stamps with no personal agency!",not_harmful,not_harmful,0.398644
366,"Fact Check, my rear end!  The Globe and Mail is ripping off Toronto Star reporter Daniel Dale, who has been tracking all of Trump's exaggerations since day one.",not_harmful,harmful,0.615706
367,I have trouble imagining this group managing their personal lives more or less a country. No offense but seriously? The U.S. and international communities could not support a group as such unless there is an enity that has some rational and intellectual equity to work with. We are well past seeing passionate protest. Its time for these groups to produce civil and articulate representatives.,not_harmful,not_harmful,0.090934
368,Awesome photos Michael!,not_harmful,not_harmful,0.134170
369,"I appreciate your analysis.  Well played, sir.   regards, Gary",not_harmful,not_harmful,0.045274
370,JJ is now coaching for a professional CFL team.  His next job will be in the NFL.  No reason to go back to the UH.,not_harmful,not_harmful,0.203460
371,You might be surprised. Some people will actually go down the street to someone who wants their business.,not_harmful,not_harmful,0.131977
372,"Oh USA, how the mighty have fallen... Between electing Trump, imprisoning millions of your own citizens, and the absolutely inconceivable pro-gun attitude, the country has become nothing but a pathetic joke around the world.",harmful,harmful,0.835134
373,"Exactly, free trade doesn't automatically mean fair trade.",not_harmful,not_harmful,0.081175
374,"How about reporting the truth then he will leave the media alone. 
Berstein where have you been for 15 years now you climb out of your cave and suddenly have a lot to say.  Jealous of Woodward.  This is administration is NO deep throat.    So for the sake of the country just keep it zipped.",not_harmful,harmful,0.924966
375,BC Fiberals are well led.,not_harmful,not_harmful,0.034596
376,"The State owes Anchorage absolutely nothing. When you assemble another municipal corporation, it's to remove state jurisdiction, because your big enough to take care of yourselves. 

Got any tax, or was that ""Bong Hit's for Jesus"" case still clouding the eyes of your great Juneau Assembly. When the bong hit's more important than a State, at least the old saying, always rings true...

""It takes a Village, to Elect an Idiot.""",harmful,harmful,0.857593
377,Doing exactly as Trump promised he would do. Good.,not_harmful,not_harmful,0.066800
378,This guy is going to be a great SCJ.,not_harmful,not_harmful,0.058697
379,"I know you asked Monica, not me, and she has already responded, but I'll add my three cents for what it is worth. I think the sacraments are wonderful and a great help to being a Christian, but I don't think they are necessary. People can be and have been good Christians when totally unable to attend a Mass or receive communion. But because we are weak and human and need others, it is much easier WITH the sacraments. I would say if we had to boil Christianity down to the essentials, it would be ",not_harmful,not_harmful,0.049720
380,"""many young women, especially on college campuses, have rejected the feminist identity as being anti-men and overly crabby.""
In other words they see it for what it has become and they don't like what they see. Good for them.",not_harmful,not_harmful,0.265388
381,"As long as the standards and limitations around freedom of speech are reasonable and consistently applied/enforced, these statements could have a very positive impact. Unfortunately, I find it highly likely that they will either not be reasonable or will not be consistently applied in practice.",not_harmful,not_harmful,0.051127
382,Lets make some fact based statements. Half of them under 21???? fake news,not_harmful,harmful,0.694381
383,"Hi, Molson Light.  Glad you wrote your comment.  Because it gives me the opportunity to point it out as an example of how many misguided (Angry? Jealous? Pouting?) Canadians STILL want to compare the plight of ""Canadian tax payers"" with the unfortunate people who arrive in this country without much more than a couple of suitcases full of clothes, faced with the daunting prospect of starting their entire lives again in a country so different from their own they might as well have landed on Mars. ",not_harmful,harmful,0.880704
384,"Some of us are willing to pay for whatever price differential would result from sane and sensible drilling practices in the US. I doubt if it would be that much. And if such policies actually did cause oil prices to rise, Americans might actually quit driving huge gashogs and adopt other conservation measures, which would improve pollution and respiratory health. But, well-off investors would lose money.",not_harmful,harmful,0.542255
385,Now which is more ridiculous? The Trump camp's quest to find Obama's birth certificate and his place of birth? Or the left's quest to find Russian collusion? Most people would probably say that the former is insaner than the latter.,harmful,not_harmful,0.177015
386,Canadian businesses need an open border.  President Trump's security measures of banning certain Islamic countries will be duplicated by our own domestic security policies or the Canada-US border will be shut to Canadians.  It's as simple as that.,not_harmful,harmful,0.506742
387,"The assertion that this is something the federal government can or should fix is flat out wrong.  For the vast majority of employees in Canada, employment is a matter of provincial law and an area in which the federal government has no jurisdiction.",not_harmful,not_harmful,0.260767
388,"...because that's all our little lightweight little potato will be able to do, when confronted by someone who actually knows how to look out for the best interests of his country and not Communist China!",not_harmful,harmful,0.630998
389,"Why would any moral, thinking person support HRC, the spawn of satan?",harmful,harmful,0.852976
390,"If the city signs an agreement, it is 100% at fault for agreeing to any odious terms within it. Claiming ""I didn't know"" like they do again and again to dodge responsibility isn't going to cut it.

I propose that all agreement the city enters into include a clause that says: ""The city can terminate the agreement at any time and at no penalty or cost if at any time a public official claims ""I didn't know"" by public notice in regards to any portion of this Agreement."" After all, if it is a valid e",not_harmful,not_harmful,0.233841
391,"Was everyone registered to lobby?

If not the law is broken.",not_harmful,not_harmful,0.224544
392,"Rogers/Bell/Telus = Collusion, false Advertising, and defrauding a large number of people a small amount of money so it appears the fraud is small (eg. $50).  But really when multiplied by the millions of victims it is tens if not hundreds of millions in fraud over the last two decades.",not_harmful,harmful,0.552800
393,"Thanks for sharing. Personally, I think I'm going to side with the United States of America over Putin. You may feel differently.",not_harmful,not_harmful,0.034080
394,It does include housing,not_harmful,not_harmful,0.152596
395,"Such a drama queen. Trump said that the people of PR need to do more to help themselves.  He never ""blamed"" them for the disaster.  It's called taking responsibility.",not_harmful,not_harmful,0.128690
396,"Yep. The prices are usually good too (although not always).  But the convenience is the biggest attribute.  When you think of something you need, you don't even have to get in the car and burn gas to go get it.  Just pop open the computer or smartphone and order it.  

When you factor in the cost of driving around from store to store to shop, it's likely cheaper online anyway even if the actual price is slightly more.",not_harmful,not_harmful,0.060684
397,Are you saying that the children sinned and are being punished?,not_harmful,not_harmful,0.421845
398,"I suggest you volunteer to run a classroom for day. You'd be on your bony knees
in ten minutes begging to bail out.",not_harmful,harmful,0.861146
399,"Despite all the build-up, this Canada Day seemed very anti-climatic. Sure, we all wore the red and white shirts. My city had its usual parade and fireworks show, but it was no different than any other July 1st.  As countries go, 150 years is not very old anyway. Some European countries can trace their beginnings back 2000 years or more, so 150 seems like just a drop in the ocean.

In any case, I hope everyone had a good holiday. Now it's back to work!",not_harmful,not_harmful,0.032549
400,"Think of it as 'comic relief'?

Perhaps he is the real 'motley fool;' on this site?  And I am just a pretender?

motley fool - a professional clown employed to entertain a king or nobleman in the Middle Ages.

jester, fool",harmful,harmful,0.714922
401,"What top-secret information? Out of 30,000+ emails. Be specific!",not_harmful,not_harmful,0.025601
402,"Cascadia Forest Defenders are not... like the other enviro groups mentioned... well funded, not-for-profit organizations with offices, management hierarchies, and attorneys who profit from suing and settling over federal timber sales.

Though I don't always agree with the Cascadia Forest Defenders agenda, I have respect for them bringing questionable logging operations to the public front... totally as volunteers. Putting your life on the line for a cause you believe in without hurting others ta",not_harmful,not_harmful,0.158660
403,"The ineptitude of Trump and his administration is truly stunning.  Not a day goes by that we're not treated to a new, even more compelling example of this president's perfidy.  I can't wait for it to be over.",not_harmful,harmful,0.572697
404,"CNN does not report on things that make  the president-elect look bad. 
*
It manipulates a report to make the president-elect look bad.  
*
Lately CNN is spreading opinions connected with Russian Hacking that questions the legitimacy of Trump whereby the claim is that Russian Hacking interfered in the election and was the reason why Trump won and Clinton lost.",not_harmful,not_harmful,0.481227
405,"When next step was first built it had no laundry and inadequate bathrooms too. We brought in Laundry machines and more bathrooms later.  First the electric, plumbing and hot water had to be upgraded to handle it. Main priority was get the place open so people had a stable to rest at night and not keep getting tickets and fines for sleeping",not_harmful,not_harmful,0.428536
406,"You probably believe al those 5-star ratings on Amazon too, don't you?",not_harmful,not_harmful,0.184177
407,"Who gets to decide which parts are true?  How about the existence of Jesus, his death on the Cross, his resurrection or the many miracles he performed? You lost all credibility with your above statement about Jesus.",not_harmful,not_harmful,0.183485
408,"Today I am disabled and unemployable. Federal law suspends our minimum wage laws and restores my right to negotiate my own wages for the work I render. I can legally work for less than minimum wage to attain employment in independence and dignity. It is absolutely disgusting that I had to become disabled for my rights to be restored, and even more disgusting the able bodied are denied their rights as this is not equal rights and equal opportunity. This social disease plaguing Oregon strips the p",not_harmful,harmful,0.929792
409,"I don't understand why you think factory farms are a ""deflection"". A better deflection is your equivalancy argument for animals that eat animals and those that eat plants. It seems well understood in America that plants are not sentient beings and are afforded a lower place on the scale. I believe they don't suffer upon death.

Nor do I understand why you denigrate me, and by extension, others who promote animal welfare. 

Here is my point: animals needlessly suffer so that humans can lead a des",not_harmful,not_harmful,0.083503
410,Do you have anything to offer besides personal attacks and insults?,not_harmful,not_harmful,0.153509
411,Oh come on. Everyone know that abortion is 90% of their business and it is funded by the Fed. What are you doing Steve posting such easily dis-proved and regurgitated inaccuracies? I mean really!,not_harmful,harmful,0.776216
412,"LFS:  my error.  Those were your ideas...not Jades.....they're sensible ....that doesn't mean the Council will follow them, but maybe they will at least consider them....regards, Gary",not_harmful,not_harmful,0.042767
413,Interesting commentary from a guy who was involved with policy planning for a President whose greatest impact was to dramatically increase the level of cynicism.,not_harmful,harmful,0.719510
414,The DP sums it up - they agree with the protesters so the ends justify the illegal means.  That's not how it should work.,not_harmful,not_harmful,0.072961
415,Singapore has the right method - caning - followed by a good long period behind bars.,not_harmful,harmful,0.519667
416,"Eaton, Kmart, Zellers, Target, now Sears ... that is Canada today.
Next is probably the Bay, depending on how fast they can cash out their real estate assets.",not_harmful,not_harmful,0.369268
417,"If there is a public consultation process when re-licensing dams, then by all means, attend and give your two cents worth. If you have nothing better to do with your money, then by all means hire a firm to do a study. Then maybe your two cents worth might hold some sway. But your voice should not carry anymore weight than any other voice in the process.",not_harmful,not_harmful,0.255938
418,"He only needs to sound reasonable to CBC journalists and listeners to get a $1 billion plus marketing machine reworking his adolescent lines into a body of high-minded aspirations that carry weight with a considerable voting bloc in this country.  

The Clintons nearly won another term in the White House while playing the same tune with family foundations, pay-for-access and similar schemes.

Do you think the Canadian media is going after our photogenic PM and the lovely Sophie?",not_harmful,not_harmful,0.306000
419,"Looks like the Financial Regulatory Authority (FINRA) is now involved. The bank (American Savings) is 100% complicit. Excepting forged documents to secure a loan, then receiving stolen trust funds (from accounts at the same bank) to pay off the loan. ASB gets to keep the funds. Money laundering 101. Why in no one reporting on this? Again look at who ASB supports financially.",not_harmful,not_harmful,0.434231
420,"I watched the NE game and Brady looked terrible at the start.  Difference?  The Pats coaching staff made some adjustments to give Brady more protection.  Suddenly he was on--and no defensive player within 3 yards of him. 

Unless the turnstile at RT is corrected, no QB will succeed with immediate pressure.  I thought Bolles on the blind side would be the problem, but he has been really good for a rookie.",not_harmful,not_harmful,0.240114
421,I thought Franco was dead? Is he still in charge? Sounds like fascism !,not_harmful,harmful,0.746201
422,Corporate taxes in Oregon were in the range of 18% in the mid 1970s. That rate has declined to about 6% now.,not_harmful,not_harmful,0.141470
423,"About the lobbyist's bed habit, you may want to ask the lobbyist. 
That the lobbyist is paid $0,000 per year, by GCI, is a fact.",not_harmful,not_harmful,0.230779
424,Double trailers should be illegal in Alaska.  Double trailers are not allowed in many other states because of safety concerns.  Alaska and maybe the Feds too should fine the pants off of BIG STATE LOGISTICS - and check to see if ALL the permits and fees are in order too.  What happened meets my definition of obscene.  Cute how the story blames the accident on the driver rather than the vehicle BIG STATE was using.  What are the odds that ADN will do a follow about this spill  6 months from now?,not_harmful,harmful,0.768033
425,"Most likely Trump will pull out of NAFTA given the big disparity with Mexico and make a separate deal with Canada which is better than nothing but will hurt us none the less.  Junior's just there for the festivities as his extent of economics and trade knowledge is that the ""budget will balance itself"".  Too bad Harper weren't still running the country if he hadn't run out of gas.  Harper must be laughing on the one hand at how things are being run but upset on the other at how the country is be",not_harmful,harmful,0.925521
426,Meanwhile everyone is distracted by our President and his wild conspiracy theories.,not_harmful,harmful,0.746619
427,"no matter who is president the  rampage will continue.
we harped about Obama when massacres took place on his watch now were harping about Trump.
save some vitriol for the next president.",not_harmful,harmful,0.758594
428,"This poor president* has no idea what he is doing, and due to Dunning-Kruger has no grasp on just how out of depth he really is.


Just scare-mongering like a common dictator.",harmful,harmful,0.962397
429,"Belatti claims to be a progressive, but doesn't always behave like a progressive. THAT's a problem. There are too many false-friends and pretenders at the Capitol. Add on the inevitable conservatism that follows upward mobility and what looks like a line-up with potential could quickly turn into the same-old same-old. Let's keep our fingers crossed.",not_harmful,not_harmful,0.064185
430,Baaah baaah baaah says the left.  I say show me the proof Russia hacked it.  None of these articles have any facts except words from an Obama admin goon.,not_harmful,harmful,0.941024
431,"Raising consumer costs for basic essentials, how liberal of them. June 2018 a collective heave ho to these malignant despots.",not_harmful,harmful,0.883283
432,"What evidence do you have that ""the ADN editors inserted that term on her behalf""? Have you contacted the author to ask?",not_harmful,not_harmful,0.033025
433,"Wait - what? China where they recently had a one child policy, still censor the Internet, still the biggest polluter, regularly still imprison political opponents (and make them disappear) and is ruled by a one party state...is the beacon of the liberal world order? This is all you need to know of the hubris of the political class in the West. Nowhere more evident than in the pages of the NYT and in idiots like Friedman (a long standing admirer of authoritarian China). 

No, what we have here is",not_harmful,harmful,0.833108
434,And_after_that_bill_many_of_the_racist_Conservatives_joined_the_GOP._Now_they_are_all_there.,not_harmful,not_harmful,0.368038
435,"""the $263,000 surplus"" is exactly why the city won't end this program. That money, plus interest, should be refunded to rental owners.",not_harmful,not_harmful,0.336856
436,"As entertaining as this proposal is on paper and in this community newspaper. I have reason to believe that growing number of our neighborhood rock residents are beginning to going blind with greed. Due  to  what appears to be a well orchestrated  whisper campaign capitalizing on a long ago rumor implying a  large influx of Naval personel would decent on our rock communities in the  near future. 

  $$$$  sign in eyes of property owning rock residents are blinding them to a growing possibly that",not_harmful,not_harmful,0.492408
437,"Surgically removing offending organs is much more civilized than locking a man in a cage for 50 years. Also, we will have to disagree on the effect of long sentences. When the perp benefits from preserving life, I believe they will often do so. Perps may not behave the way we want them to, but that does not mean that they are stupid. If a perp commits a sexual transgression with a 5 year sentence, they still pay a major price if they kill and knock the sentence up to life (or 50 years). Sentence",harmful,not_harmful,0.361090
438,"... because after all, there is a huge body of evidence that says we should not believe him; he even lies about the weather.

https://www.thestar.com/news/world/uselection/2016/11/04/donald-trump-the-unauthorized-database-of-false-things.html#analysis

Note the above was published even before he was elected. The lies have been thick and fast since the election as well:

http://www.essence.com/news/politics/100-days-donald-trumps-lies-and-failed-promises",not_harmful,harmful,0.514731
439,"It's more than pot---it's how our community condones and celebrates drug use. Families are getting torn apart and lives ruined by drugs and alcohol . And our solution ?  Finding ways to get more drugs out there .  We , as a society , are destroying ourselves .  People can't feed they're kids before sending them to school , yet find money for drugs and alcohol .  Our solution ? Instead of going after all these deadbeat parents we feed their kids for them.   We shouldn't celebrate and condone drug",not_harmful,not_harmful,0.185707
440,"Obviously, most undocumented people who came here made the decision to do so quite flippantly.  Perhaps they flipped a coin?

Poverty and violence probably had nothing to do with their decisions.",not_harmful,not_harmful,0.063842
441,"There is a big gap between white Catholics and non-white Catholics.  In this country, race is more important than religion when it comes to voting.",not_harmful,not_harmful,0.136790
442,"Well, WesternPatriot that's about the most disgusting thing I've ever seen on a forum.  I don't know how a mind can even go there.",not_harmful,harmful,0.902396
443,"Those two cities are literally the worst cities in the US I have ever visited.  If you like that model, you should move there.",not_harmful,harmful,0.851908
444,"No, Lars. Just, no. 

He ""OUTSMARTED"" the tax code by.... having tons of losses to write off against his income! A truly brilliant man!",not_harmful,harmful,0.527753
445,"The mainstream media is more than just fake news, it is an abridged censorship of what is going on in the world today as well, all for the sake of promoting a twisted ultra-left wing liberal agenda. Take for instance the Evergreen State College's recent ""Day of Absence"" that is currently going on and rocking a state college in Washington into closing down for days, classes being held off campus, professors hiding. See it here in the Denver (Adams) County Post reporting? It is currently a dynamic",not_harmful,harmful,0.806720
446,Do you not really know the difference? There is no verification whatsoever for WMD in Iraq. All the United States' inel agencies agree that Russia interfered with the election by hacking.,not_harmful,not_harmful,0.194127
447,"The death knell for candidates in Ontario., is having Harris on your team.

If the Conservatives want to double down on it, they could hire Doug Ford as well.",not_harmful,harmful,0.777475
448,this sounds like someone is prematurely patting himself on the back......,not_harmful,harmful,0.587194
449,"Sorry but it's time to look at what fosters homelessness.... Can't find work,  Addiction requiring majority of funds,  Mentally ill...unable,  Handicapped...unable.  In April the headline read...""Oregon’s unemployment rate dropped to 3.8 percent last month, continuing a recent trend of breaking record lows. Oregon hasn’t had an unemployment rate this low since the state began keeping records in 1976."" There is plenty of work available and a plan for ""sharing"" can produce housing...like the illeg",not_harmful,harmful,0.794650
450,"Will the homeowners of this city ever say: enough, we're  tired of constant property tax increases? While everyone says we're in a housing affordability crisis, no one in politics here seems ready to say, let's take a time out on new bond measures.",not_harmful,not_harmful,0.117065
451,Hosting criminals and traitors who endangered American lives isn't a good look for Harvard.,not_harmful,harmful,0.607941
452,How much would it cost?  For christmas i can donate $100 to u if u need ☺🙂,not_harmful,not_harmful,0.081376
453,"Don't want to be part of pax anything thank-you very much.

Why would I want to share the enemies of a country that keeps creating and making enemies decade after decade so I can then ask aid country for help defending against enemies we now share?",not_harmful,not_harmful,0.136179
454,"Kill HB 247 and use the $ 8 Billion in Savings now or Saudi will own Alaska's oil market and Alaska will fall fast when the Trans Alaska Pipeline is shut down soon! 

Big layoffs will hit if  the Senate approves the House Draft and I bet the homes in Alaska lose 50% of their value in the near future as Alaska begins to shut down!",not_harmful,harmful,0.779699
455,"[Great, then allowing the sale of more permits should make no difference.]
How do you come to that conclusion?  Just stick your head in the ground whenever someone points out potential, if not inevitable, harms?  Having too much supply, as we've learned again since the price of oil bounced back in 2008, has its own downsides just like having too much demand.  Especially in a heavily regulated industry such as the taxi industry.  You could expect to see increases in customer fraud, violation of t",not_harmful,not_harmful,0.496094
456,"I had relatives who smoked pretty potent pot around others.  I can attest to getting high from the residuals, I smoked it as a kid and I know what it feels like to get high on pot and I got high from being near them and inhaling their smoke.",not_harmful,not_harmful,0.424263
457,"With that remark, it's ...
Bye-bye CarpaDM. You must have the longest subscription waiting to expire in the history of newspapers.
Muted.",not_harmful,harmful,0.871547
458,".

Full turnout today from the combined forces of The Trump Apologists and Putin's Troll Army who, it seems, are often one and the same.

It looks like the  whole Trump charade is falling apart, and there isn't much even an army of sycophants can do about it.

.",not_harmful,harmful,0.775460
459,"Dieter, I do not for a moment deny that our political process is to some degree a ""circus,"" as you put it, and that not all votes are cast by voters playing with the same deck of cards. That's unfortunate, but that's democracy. It is not by any means a perfect mode of governance, but it's the best we have evolved here in the West. 

Where we differ significantly is in this: unless some our best, brightest, and most outstandingly acute and articulate minds are willing to make a great sacrifice an",not_harmful,harmful,0.653167
460,"Proposed Seaton-Walker Alaska Income Tax:

If you make $50,000 in Adjusted Gross Income, you would pay:
$992.50 as an individual
$735 filing jointly.

If you make $100,000 in Adjusted Gross Income, you would pay:
$2,992 as an individual
$1,985 filing jointly

If you make $150,000 in Adjusted Gross Income, you would pay:
$5,492.50 as an individual
$3,985 filing jointly

If you make $200,000 in Adjusted Gross Income, you would pay:
$7,992.50 as an individual
$5,985 filing jointly

If you make $250",not_harmful,not_harmful,0.422334
461,"Land is a finite resource, there is plenty of State land available for the Carpetbaggers and Crony Capitalists to destroy. Fix the management and leave the Federal land to be managed for the benefit of everyone in perpetuity.",not_harmful,not_harmful,0.355725
462,"Actually, my take on this is this: Where were the Oregon State Police?  If a crime spans multiple counties in Oregon, should not the Oregon State Police assist??",not_harmful,not_harmful,0.080844
463,The school board lost credibility on this episode.,not_harmful,not_harmful,0.391470
464,"Egyptian blockade of Israel's main supply route, for oil and other necessities, was already an act of war, so there is no chance you can argue that Israel has started the 67 conflict.",not_harmful,not_harmful,0.092325
465,"I respect your right to that opinion and far be it from me as someone in the mainline camp to question it. None the less, I disagree. Having attended RC Mass long long ago, as a young person at an RC affiliated university, and now being a worshiper in a liturgical mainline church, the similarities are there but the theology is different. Take the Eucharist. If your congregants actually knew what they are supposed to believe, they would know that you hold that the perfect sacrifice of the cross i",not_harmful,not_harmful,0.425333
466,"Tired of Cry Baby Black Million Aires.
They are ruining Pro Football.",not_harmful,harmful,0.724891
467,"Because bafoonery is far more tolerable to complete corruption.

Because Hillary will take this country into a direction that we will not be able to recover from. At worst Trump will offend a few people and say something brash.  The GOP will keep Trump in check. The DNC will lay down the red Carpet for Hillary.",not_harmful,harmful,0.848373
468,Same song and dance like Vancouver. Implement the foreign and speculation tax already if you want to save the housing market.,not_harmful,harmful,0.855008
469,I agree with you motley.,not_harmful,not_harmful,0.240669
470,Make it spill proof. Underground and on the oceans. The rest of Canada may not understand what it's like here on the coast. But I do. Make it safe and it's welcome.,not_harmful,not_harmful,0.045717
471,"Actually, out here in California, the installations are happpening.  On the one hand, the tax breaks are not as good and energy prices appear stable for the near future, so the economic case is more difficult to make.  But in many areas there are large arrays alreadu in use for commercial and agricultural applications, with lots more on the way. There are established firms to handle them and economies of scale really do kick in.  And since best place to install them often are over parking lots, ",not_harmful,not_harmful,0.066864
472,Or they believe that stealing from the people is wrong !,not_harmful,not_harmful,0.296120
473,Dont bet on it unlike liberals we do have standards,not_harmful,not_harmful,0.353210
474,"I also belonged to a similar group, although graciously led by a (then) young, dynamic priest.  The friendships formed and the religious/theological education gained within that group are forever;  my leaving it to move to another area was a heart-wrenching decision.  To me, the group was a near-perfect example of true church.",not_harmful,not_harmful,0.082163
475,"No, they are not fed up with anti-tax rhetoric.  Most people are sick of taxes.  Increased taxes do not necessarily pay for services -- especially when they are a drain on the economy.  A robust economy is what sustains services.   If your information comes from Tyee, you should know that you are not getting a very realistic picture of  how the world really works.",not_harmful,not_harmful,0.168990
476,People selling our Canadians for China again. Pretty sick. Both coasts do not want kinder-Enron.,harmful,harmful,0.908810
477,"Wrong. Current high immigration creates homeless and more people at risk of homelessness and kills people. People die on the streets. Homeless rights, and jobs for homeless, are magnitudes more important than immigration. Less immigration saves lives.",not_harmful,not_harmful,0.165901
478,"Driving over 20 winters in Alaska, also teaches a few things. BTW, my all-wheel drive Subaru makes a difference.",not_harmful,not_harmful,0.037927
479,Turn off the TV Emily. It's summer and you're in Alaska!,not_harmful,not_harmful,0.382200
480,"My wife returned today from a trip to the mainland on United Airlines. She said that boarding on one of the legs, a flight attendant was extremely rude to a passenger who was having trouble getting his bag into an overhead bin. The flight attendant berated the passenger, and suggested he was stupid. Because of the abusive attitude she directly observed, my wife now says she plans to avoid using United Airlines whenever possible

So much for the friendly Skies.",not_harmful,not_harmful,0.288079
481,Definitely!,not_harmful,not_harmful,0.152405
482,What do Ryan and McConnell have to do with this article?,not_harmful,not_harmful,0.032830
483,"How silly can you get?  How unrealistic can you be?  How ignorant of the system can you get?  If Trump drives him crazy, he should find good candidates for 2018, work for their victories, and spend his $10M on that. How can a billionaire be so dumb?",harmful,harmful,0.921323
484,"NK is not bent on conquering the world, American understand that well. NK will not listen to Chinese, they started Korean war ignoring Mao's disapproval.
At the same time, Chinese will not allow American start a war at their door step if NK hasn't invaded any one. And they will not endorse any NK's war adventure. NK knows that pretty well.
It is a triple lock situation, nothing chaos or crazy. The biggest loser in this locking situation is NK itself, even NK knows it. That is why they want to br",not_harmful,not_harmful,0.164088
485,Do you know why?,not_harmful,not_harmful,0.026281
486,Salaries in NYC are more closely matched to housing prices than here in Vancouver - that is the disconnect - wages versus housing costs - totally decoupled form local market due to foreign cash.,not_harmful,harmful,0.610322
487,no rent control is the problem and everyone knows it.,not_harmful,harmful,0.603149
488,"Current Federal Immigration Law prohibits immigration of any person who intends to practice polygamy, and permits a President in his sole discretion to prohibit any person or class of persons from entry...it was used by President Carter, in fact.  

If Trump's ""notion"" meets current Federal by prohibiting a class composed of recent Syrian emigres it would be legal.",not_harmful,not_harmful,0.340410
489,But Russia is spreading propaganda. Putin is a war criminal. He's a ruthless dictator who has perverted Russian democracy and now wants to poison the democracies of the West to regain his lost superpower status.,not_harmful,harmful,0.890671
490,"Are you kidding, Eugene do all that and forget about they're nonessential pet projects?",not_harmful,harmful,0.748871
491,"Exactly.  We're appraoaching bond saturation levels, for items which should be covered in the operating budget, even now. 

BTW:  In my Fantasy Anchorage Assembly League,  My picks are:  You, Andree McLeod and Uwe Kalenka.  Can envision each of you sitting at the Loussac,  straightening things out ""like a boss"".  Next, moving on to to the majors:  House Speaker, Senate President and Governor (decide amongst yourselves).   

Please keep in mind:  /s tag NOT applicable.  

Each of you has the requ",not_harmful,not_harmful,0.149553
492,No clue? I have a brother who is one. He uses more than a slide rule though; where did you get that?,not_harmful,not_harmful,0.226212
493,"hahahaha, who knows? TheSA may have insiders like flies on the wall. And I wouldn't be surprised Kirk always wanting to stick it to homeowners for everything. You all keep voting the Mufi's, Kirk's, etc into office and take it in the REAR. Hawaii citizens are laid back and just takes what comes. INSANE! Honestly what homeowner wants their taxes raised? What non-homeowner wouldn't vote to raise homeowner property taxes for the public school system? Makes me wonder if Kirk is getting pressure brin",not_harmful,harmful,0.838258
494,One requirement is that there is a power purchase agreement with Hawaii Electric.  Given recent history it would seem this would be a risk even if there was a contract based on what cancellation clauses may be negotiated.  Has there been any studies on the benefits to the citizens of Hawaii of breaking up Hawaii electric into the generation business separate from the transmission business?  It seems to me that both operate at sub optimal levels today and a transmission only business would be inc,not_harmful,not_harmful,0.177999
495,"I am not going to buy anything for 3 years, until the GET goes back down.  I am going to starve out these parasites!",harmful,harmful,0.912431
496,"Tax-exempt organizations would want the repeal of this amendment in order to gain political power with their donations and their lobbying influence.
The Catholic  Church rightly intends to eschew this path.
Thus, the Catholic Church would be at a distinct disadvantage in influencing policy.
This is a possible consequence which did not appear to be addressed in this article.",not_harmful,not_harmful,0.045336
497,also clever and subtle..........good stuff,not_harmful,not_harmful,0.022489
498,"Open challenge test of courage and ethics for civil beat!

Chad Blair as civil beat is the most honest news out their.

As you know in the double page paper of the news paper Kirk Caldwell listed Dennis Francis (star advertiser publisher ) as a supporter .. 1. This is extremely unethical for journalist or publisher to do this as it shows favoritism degrades open free honest speech by the press..  

I would like you to do a article when publishers or papers go to far and how can the public or peo",not_harmful,harmful,0.552806
499,Of course it's a business decision.... how can anyone do business in an country that doesn't have a clear regulatory process that is riddled with political interference?,not_harmful,not_harmful,0.279169
500,Did you know the police said that suspect was found dead in the room with all these weapons in there was he the shooter only one way to tell if he was the shooter there would be gun powder residue all over his hands and clothes from firing those weapons have to wait for forensics to test his hands and clothes for gun powder residue if none found he is not the shooter which could mean there was another shooter or two in that room shooting the people while they killed Paddock will wait for all the,not_harmful,not_harmful,0.260787
501,"You are constructing God in your own image and rejecting what the Catholic Church taught you about God. As I have said previously after scanning through some of your blogs, you are making up your own religion. It would be interesting to know how many disciples you have.",not_harmful,not_harmful,0.437653
502,"Years ago (30+) when people joined state service they knew that their salaries would be less than the private sector.  State employees had to take a long-term view:   Upon full retirement  there would be a pension and  medical benefits.  This was accepted by public unions.

These days our state's unfettered capitalism results in GET as the answer to fund  the Trojan horse rail and other government functions (penalizing the poor), housing that most cannot afford, tourist attractions
(providing lo",not_harmful,not_harmful,0.326012
503,"Desperate people use desperate measures to promote a candidate that is as dangerous a threat to our security as any terrorist. Hacking away at HRC for her foibles repeatedly fails as DT is deserted by his ""party"" who find him repulsive and incapable. Two weeks and counting...",not_harmful,harmful,0.775203
504,"another useless Instagram moment by our do nothing Prime Minister
what a joke
 grow some cajones boy!",harmful,harmful,0.933409
505,well said!,not_harmful,not_harmful,0.138889
506,"i sincerely hope this is a joke. 

Sarah Palin had way more than her 15 minutes. she couldn't pass the scrutiny of a cabinet position. unless trump plans on a uneducated religious zealot department of crazy, i don't see what Sarah has to offer. 

like Joe Miller, will you please just go away Sarah? please?",not_harmful,harmful,0.916202
507,"Did you see Trump visiting North Dakota and expressing amazement after hearing that they were sufferring historic drought? Trump's response to drought, wildfires, and Hurricane Harvey and Irma is that the USA needs to revise the tax code to be ""more competitive"", by which he means that millionaires and billionaires should pay even less tax. Some folks just can't catch the AGW clue, even when it is right in front of them.",not_harmful,harmful,0.624510
508,"If Canada is on a firm footing without tensions in Quebec and the West, we have one person to thank and that is not Justin Trudeau. It is Stephen Harper. Trust me, there will be a lot of tensions created by Trudeau. There already are.",not_harmful,harmful,0.878983
509,"No I do no think the request is unreasonable......there are voter roles that need to be cleaned up due to fraud; plenty illegals registered to vote since they do vote in MD.  If there is nothing to hide, then provide the voter roles..........",not_harmful,not_harmful,0.078417
510,"Usually I dismiss media accolades for college athletes, but in the case of UCLA's Josh Rosen, his performance on Sunday backs up all that is said about him.",not_harmful,not_harmful,0.041725
511,That could be one solution. Regulate how the poppies are fastened.,not_harmful,not_harmful,0.198521
512,A mirror of The Church of Trumplethinskin!,not_harmful,harmful,0.900733
513,"So the mayor is upset that the northern lights inn is an eyesore so he sicks his attack dogs (code enforcment officers) on the owners.   He likes the 4th Ave theater so even though it is in similar condition he says it is perfectly ok?  What kind of government are we running here?  Seems to me we have a whole lot of citizens perfectly happy with a community where laws are selectively enforced based on the whims of the dear leader?   

Either enforce the laws equally or get the hell out of microm",not_harmful,harmful,0.912206
514,I'll drive Cornyn back to Texas if he agrees to stay there - forever!  A McConnell puppet!,not_harmful,harmful,0.906403
515,There is NOTHING Liberal about Walker.,not_harmful,not_harmful,0.095416
516,Ontario is a mess eh.  Time for a new government I would guess.,not_harmful,harmful,0.707257
517,"This framing is false and it's no accident that it's coming from someone deep within the GOP.  On the far left you have people striving to make sure every American has good access to health care.  On the far right you have people striving to cut taxes and if that means some Americans don't have access to health care, well then so be it.  There is no equivalency between these two sides when it comes to a debate about a decent solution, if by decency we mean a moral and ethical plan that sets out ",not_harmful,not_harmful,0.042494
518,"Hey, John.  No comment on the bias in political coverage by CNN and MSNBC?  Now why would you ignore those other two elephants in the room, I wonder?",not_harmful,not_harmful,0.137394
519,"I am not sure that it is ""liberal thinking"" but, for what it is worth, I consider Hans Kung to be a heretic (albeit not an excommunicant) and Ernesto Cardenal to have been a suspended priest purveying a largely compromised and tired ideology. Both opposed the traditions and the Magisterium of the Church. So, probably not Liberal?",not_harmful,not_harmful,0.061019
520,"Hey, CD, I expect it does not matter what I answer, as you have decided to project your negative world view on me.  Of course, in a society, all people must respect the rights and freedoms of all others when it comes to tangible things.  However, the current focus on perception rather than actuality creates a mentality of control which is not needed in a productive society.  Civics should contain a strong element of teaching kids to ignore imagines and people who irritate them rather than attemp",not_harmful,not_harmful,0.155522
521,"That's ok, I forgive your inability to focus.",not_harmful,not_harmful,0.023119
522,But she didn't.,not_harmful,not_harmful,0.059963
523,"Canadians need to do the obvious...stop buying anything that says ""Made in USA"". If they want to dance around a deal that was working for all three countries to make it more favorable for them then there needs to be blow back. I no longer travel to US destinations or buy products manufactured or assembled in the US. I have my family and friends and employees on board with the same policy. More Canadians need to adopt this approach...it will eventually be felt.",not_harmful,not_harmful,0.154676
524,"Someone is ever trying to define Jesus down. 

A sociologist?  

Sociologists talk and type they don't heal and solve and save.",not_harmful,harmful,0.742721
525,"If you are sincere in wanting to find out whether there is a resurgence in white nationalism in the US, there is a plethora of information available on the web with just a few keystrokes.",not_harmful,not_harmful,0.054922
526,"The Black Panthers were a group that existed in the 1960's. That was a while ago. They don't exist today, and if they do there are only 6 of them and I don't perceive them a threat. Black Lives Matter is a group formed to protest the wanton killing of young black men and women by racist police forces. Why anyone would have a problem with that is beyond me. The KKK has killed thousands of Americans and has no right to exist. The Nazis have killed millions of people and have no right to exist. See",not_harmful,not_harmful,0.121269
527,No freedom of speech unless you are a liberal.,not_harmful,harmful,0.565715
528,"Trump knows he's in the crosshairs close up. Look for Trump to be fired soon, impeached for treason, money-laundering, taking kick-backs, collusion with the enemy, obstruction of justice, aiding and abetting, perjury, and the list goes on. And he thought he could be president only because a Black man - Barack Obama - beat him to the punch twice to become one of America's greatest presidents and leader of the free world. And he thought he could be better? That is laughable.",not_harmful,harmful,0.921105
529,"geez bill: You did your best to cause a violent scene and failed miserably....all that happened was someone ripped your Trump-Pence sign from your hands.  I'm guessing you've seen the videos of what happened to persons who protested at Trump's campaign rallies.  I'm guessing you heard his comments encouraging violence against those protesters.  Let's do a little experiment.  The next time there's a white supremacy/white nationalist rally, let's you and I go with a couple of NAACP signs and march",not_harmful,not_harmful,0.490500
530,"""the hoi polio""  what do you have against common folk who are also paralyzed?

If you are going to be elitist and condescending you should at least try to get the language right.  The term is hoi polloi.  And it is pretty much only used by jerks.",harmful,harmful,0.947035
531,Another elitist lefty who can't help but look down upon those with whom he disagrees. Keep it up! This kind of attitude is why Trump won. Thank you!,not_harmful,not_harmful,0.163488
532,"It seems to me that just doing the parade alone would be wonderful, and something that could be accomplished. Maybe this is a ""baby steps"" situation, where restoring the parade could bring momentum for restoring (maybe bit by bit) something very like the original Celebration.",not_harmful,not_harmful,0.048029
533,"Tim: very well put............ I think perhaps greed is not just a sin, it's the foundational sin....best regards, Gary crum",not_harmful,not_harmful,0.033851
534,"SPAM.

Or is that TOO SACRED???",not_harmful,not_harmful,0.282828
535,Once upon a time such blatant contradictions would have been cause for embarrassment; but that was when professionals were publishing newspapers and people didn't get to self-identify themselves as journalists.,not_harmful,not_harmful,0.145128
536,"Do you always answer a question with a question? In answer to your question: I've seen interviews with former Federal Prosecutors, etc.. that have said that it's prudent for the investigators to want to gather all the evidence before cutting a deal with Flynn or indicting him. That makes perfect sense to me. Remember that Flynn's investigation is part of a broader investigation so it takes time. The Pentagon's investigation only started a month and a half ago! Again, Flynn took money from foreig",not_harmful,not_harmful,0.082217
537,"Incompetence, wallowing in their own filth.",not_harmful,harmful,0.839847
538,In my view there is a less than a 10 percent  chance she calls it secret. The politics of the situation for her is the reason. She doesn't want to be a trouble maker in her own party which perception might threaten her campaign. She would prefer to decide open and then for the court to compel her to make it secret. Then she can say that it  was out of her hands. For her that scenario would be the win win which is why I'd give odds on her declaring the ballot open. Five to one. Any takers?,not_harmful,not_harmful,0.067774
539,Wow are you that uneducated? Talk about ignorance! Ok mister no law whats to keep me from simply taking everything you think you own and call it mine? Applying this logic taloka!,not_harmful,harmful,0.840186
540,"I lost respect for Smith before he ran as a candidate. Several years ago, I received a flyer in my mailbox.  It just gave a web address and was advertising general lawyer services to residents in my neighbourhood.  I couldn't find any lawyer's name,background.  Then a year later in news about Smith and his law firm, which I recognized the web address.  

Sorry, shoddy. A lot of lawyers openly give their name,photo and areas of expertise.  I worked for 1 of the court system for a few years in Can",not_harmful,not_harmful,0.250558
541,"September jobs report is out !  

""September's job gains were driven by the public sector, which added 26,200 positions, while the private sector shed 15,500 jobs.""

The public sector party steam rolls ahead.",not_harmful,harmful,0.569826
542,"I strongly suspect that actual, bona fide transphobia is quite rare and that what is more likely is that the population at large is confused, and more than a little worn out, at having to be frog-marched along with this.

Be who you want to be.  You are the person who matters most when it comes to your gender identity and for the sake of your happiness do not wait to be your true self.  The law must and should protect you, but it is unreasonable, verging on the absurd to expect that with all tha",not_harmful,not_harmful,0.476246
543,"Not sure if they have to carry flood insurance. Although I'd apply the same principle there -- I wouldn't necessarily require it by law, but then if a flood wipes out your home/building, don't expect the rest of us to pay to replace it.  

The ""shoulder the burden for each other"" is fine up to a reasonable point.  But ONLY up to a point.  Private insurance does a pretty good job of assessing the risks and setting commensurate premiums.  It's when insurance doesn't cover it and then they expect t",not_harmful,not_harmful,0.392967
544,"If it were one set of tires, that might be the case. 

27 cars- by a 36 year old man is a different story, and suggests mental health issues.",not_harmful,harmful,0.791342
545,"More roads were built and widened under the republican Owens than under any-other governor in the state's history.  But really, what option do we have as long as people continue to move here in the numbers that they are?  If we stop building and widening roads, do they stop coming?  Is that the governor's fault?",not_harmful,not_harmful,0.196263
546,"Oahuan is right.  Trump holds grudges and the first then he can do that is perfectly legal and justified is to get back at Hawaii by shutting down all federal funds to the Oahu train to nowhere project that is completely out of federal compliance and demand Hawaii return all federal money.  AND he can release the federal findings of the Oahu rail project as the complete money wasting FAILURE that is to the nation and the world just to embarass Hawaii gov't officials who oppose him, and that will",not_harmful,harmful,0.650688
547,"Hey gov. walker
You took my pfd and I just wanted ask you.......how’s that nut cancer treating you?",not_harmful,harmful,0.887788
548,"@ NanakuliBoss
Any EVIDENCE on the Rusky/Trump COLLUSION yet after sally yates testimony today?",not_harmful,not_harmful,0.456201
549,freedoom of speach,not_harmful,harmful,0.848630
550,This opinion piece amounts to nothing more than an long winded cheap shot.,not_harmful,harmful,0.769601
551,Damm those pirates! Always wanting to bury treasure in someones backyard :),not_harmful,harmful,0.885273
552,"I'm an academic, and I agree that top administrators in universities have been over-paid. Those dollars are needed elsewhere in the system--especially for hiring faculty into permanent positions. Almost half of our teaching is being done by highly-qualified scholars on short-term contracts, because there are no full-time job openings. However, the CTF should also turn its spotlight on the outrageous salaries of CEOs in the private sector. The spread between the lowest paid and highest paid emplo",not_harmful,not_harmful,0.084045
553,"Ever heard of CINOT, children receive dental care for free, well unless the child's parents have a half decent wage- sad isn't it that the working class suffers while the low income get everything for free!!!",not_harmful,harmful,0.767980
554,"Thankfully, reality isn't dependent on you believing it.",not_harmful,not_harmful,0.040559
555,"There is no one ""real reason."" That sort of reductionism is either evidence of a monomaniacal focus, or self-serving - or both. Trying to disentangle the various threads (political, religious, economic, psychological) in the mideast, and say, ""You see? This is the one!"" is a fool's game.

One thing that struck me about the piece is that the author recognised that the after affects of further and increased instability included post-traumatic effects on the individual, which will in turn bring fur",harmful,not_harmful,0.193857
556,"No, not that.

If they don't have a good data plan, they will pay a fortune downloading the twice daily requests for donations from the Liberal Party of Canada",not_harmful,harmful,0.759939
557,You wish his pontificate was over...and I hope it lasts longer than anyone thinks possible...,not_harmful,not_harmful,0.229018
558,So you are ok with a newspaper that expressed approval for what the Nazis were doing to jews?,not_harmful,harmful,0.556380
559,Lynch is the worst of the 3. Siemian is a serviceable backup. There is no starting QB talent on this team.,not_harmful,harmful,0.796311
560,Nice to see you guys openly embracing what we so long suspected about your side.,not_harmful,not_harmful,0.072141
561,I-MYSELF and ME---ARE all non-committed to ANY candidate thus far--they all don't impress me as yet--,not_harmful,not_harmful,0.047074
562,"This NYTimes article details the deportation scene now emerging....it has huge implications...very ugly ones....

https://www.nytimes.com/2017/02/19/us/politics/trump-immigration-deportations.html",not_harmful,not_harmful,0.443384
563,How come the normal people expecting anything from Liberals MP's?,not_harmful,not_harmful,0.172676
564,"Paul Elam??? Do we really need to drag a misogynist loser into this? Honestly, the man has nothing useful or intelligent to add to this debate. And Feminism ain't dead as the March on Washington showed.",harmful,harmful,0.561673
565,Wow!  This light sentence will not put any fear into rogue law enforcement personnel.  This Officer should have had felony charges and definitely a few years in the slammer.,not_harmful,harmful,0.865768
566,"At the weigh in, the crowd was chanting at Max, ""You going die, you going die.""  NOT...  BACHI two times.  Way to go Hawaii...",harmful,harmful,0.862566
567,"It's a democracy, not a dictatorship.  Not every President can pass legislation they want.  See Trump and health care.

But on the plus side it lets you blame all on Obama and skip around in your happy thoughtless place with Trump.",not_harmful,harmful,0.769976
568,"300 million years of carbon to burn for profit, free from taxes, royalties, regulation and other big government interference. Blessed by god and defended by patriots like the kochs, that's conservatism.",not_harmful,harmful,0.754509
569,Then why aren't women in these sects allowed multiple husbands of their choosing?,not_harmful,not_harmful,0.446072
570,I have relatives carrying baggage from hundreds of years ago.  For crying out loud let it go already.,not_harmful,harmful,0.929588
571,Present day reporters don't check facts - as they've grown up using Wikipedia and Google as their information sources.,not_harmful,not_harmful,0.228754
572,"In the dead of night, Republicans voted to give lawsuit immunity to banks,

…next time the banks steal from their customers, thank Republicans you can't do anything about it.

Lisa and Dan voted to take your rights away from you and protect the banks ability to steal from you.

Murkowski and Sullivan don't work for your best interests, they simply are unprincipled stooges.",not_harmful,harmful,0.946541
573,Well said;  the RG is a 'citizen of it's community' that we frankly can't do without.,not_harmful,not_harmful,0.023744
574,"Sorry, but in the US we don't allow people to benefit from law-breaking.  Your parents violated US entry law and you are a citizen of another country.  It's time to go to your birth country.  Feel free to apply for re-entry into the US.  Keeping the door open for people who obey the law makes more sense than a policy which encourages more law-breaking.",not_harmful,not_harmful,0.061083
575,Why not.... It's easy money! Prepare to be fleeced Anchorage.,not_harmful,harmful,0.868170
576,It actually asks for the last 6 digits. I tried mine and they gave me the all clear..........if only I could believe them!,not_harmful,not_harmful,0.176920
577,Maybe. It would be preferable to have an answer from the author and not have to speculate.,not_harmful,not_harmful,0.035628
578,"My Yup'ik Eskimo mom went on VHF in Togiak to support her. now she is not Eskimo anymore, but rather ....what? if she is willing put Eskimo back I am sure she will got on VHF again, Here it is she a republican, not dem or ind. let that Blossom Teal happen who got less then 1,000. response to remove the word Eskimo off the books, of little big ears, or rather vote her in. or have EWC off the face of the earth. or have her look for ways more to remove the Eskimo off the Western Alaska. She can cha",not_harmful,harmful,0.943221
579,Poor poor Carl just trying to be relevant.,not_harmful,harmful,0.809103
580,"The 24 million estimate includes 15 million whom do the math and step out of health insurance. They did not lose it, they quit just like me. I do not think 30k per year for 2 people with a 7k deductible is insurance. The estimate is counting folks like me whom quit Obamacare already. This reporter, like so many, reports for political purposes or just dose not know much about the current individual markets today. Any body can look the rates up in 3 seconds.",not_harmful,not_harmful,0.414400
581,"""religion poisons everything"" - CHRISTofer hitchens",harmful,harmful,0.555691
582,What is the point liza? You won't do your job and vote for the nominee. You are nothing but a koch brother employee and a embarrassment to Alaska and the nation,not_harmful,harmful,0.956697
583,"What is the legacy we leave for the next generation?  Will their life be better because of our efforts to preserve and protect all things that maintain life on this planet?  We borrowed our children's future, only to waste, plunder, and destroy all that is good for man and our environment.  We have succumbed to the wants of man, as we plunder the needs of mankind!  Amen!",not_harmful,not_harmful,0.463805
584,It's not hyperbole. This methane is located near drilling activity.,not_harmful,not_harmful,0.089069
585,"260 000 Federal employees costing us $26 B every year, every year.... 

Or

""The government will save an estimated $900 million this year by targeting a ""failing"" and ""antiquated"" system that allows federal bureaucrats to bank their sick days. ""

Ohh -  taking a bone from a public servant is quite the spectacle...",not_harmful,harmful,0.838597
586,"I can't believe so many ""conservatives"" are choosing to side with Russia over the US. Given a simple decision and they choose to betray America's interests. 

We used to know what to do with 5th columnists.",not_harmful,harmful,0.927252
587,"Completed my lifelong goal of visiting all the Dairy Marts late last year. 

Love our local dairy!",not_harmful,not_harmful,0.195604
588,"If your world view is better served by characterizing the articles as you do, adding the issue of abortion and then using that to question my thinking, go for it. Glad I could help.
BTW. I really doubt you are an MD based on your poor analysis of evidence.",not_harmful,not_harmful,0.239103
589,"Ummm....

Is not Taiwan, as of this moment, a sovereign Nation, regardless of how the Chinese government sees it?

The snowflakes may see Taiwan as a subsidiary of China, but I seriously doubt the citizens of Taiwan do.

China may not like it, but Taiwan is not yet ""their"" property just yet, to do with as they wish.

Just sayin'.",not_harmful,not_harmful,0.103684
590,"`White man kills three Latinos
Killer described as nonchalant, or showing no concern.
Trump nonchalant too, shows no concern, keeps silent.
That silence speaks volumes.",not_harmful,harmful,0.731459
591,"The editors of the Dispatch need to consider replacing Shannyn Moore .  Not for her liberal opinion on issues , but because of her poor writing . This weeks story reads like  disjointed thoughts from someone having issues.  Instead of sticking with an issue and making the case for it , she is all over the place. It makes little sense . Each week her stories are getting worse.  I don't know what's going on in her life in Homer , but something is affecting her writing in a negative way.   The Disp",not_harmful,harmful,0.958083
592,"""The progressives wanted to implement Vatican II, while the conservatives did everything possible to prevent its implementation."" - Do you have examples to support this claim?",not_harmful,not_harmful,0.033492
593,"I get all my factual info from movies! And, especially ones made the big Socialist mouthpiece, Michael Moore!  

Actually, many of my Canadian customers to my business near the Canadian border were coming to get CARE as they told me all about hc in Canada!",not_harmful,not_harmful,0.493321
594,"Part of that ""rocky start"" is that he enters office with only a 40% approval rating, the lowest of any president elect in history. Even people who voted for him don't like him and by the time another month rolls around his picks for cabinet choices will be so glaringly NOT ""draining the swamp"" that many will wake up from the election drunk to a hangover reality that is the opposite of what they voted for. Couldn't vote for Hillary because she gave speeches to Goldman Sachs but the guy you voted ",not_harmful,harmful,0.724776
595,If you think that oil is going away in your lifetime you have no grasp of economics or reality.,not_harmful,harmful,0.546985
596,Vote yes for the health of America's youth. Voting for education is a positive form of patriotism.,not_harmful,not_harmful,0.027786
597,Americans are fed up with illegal aliens.,not_harmful,not_harmful,0.405729
598,"Bronson Kaahui, You're one of the few people who favor eliminating child labor laws.  By the way, capitalism is not working too well in Jamaica.",not_harmful,harmful,0.646728
599,I'd think the leader of our great country would react a bit more mature over criticism.  Trump appears to react like a 5 year-old by throwing temper tantrums whenever someone doesn't agree with him.  Sad.,not_harmful,harmful,0.923122
600,"Let's hope his mind is still sharp. Though with that crew, it's not a prerequisite.",not_harmful,not_harmful,0.064977
601,No surprise that Randy Reudrich's name shows up in the middle of this kind of political misbehavior. Don't trust him one bit.,not_harmful,harmful,0.562619
602,"The Title Wave not buying books for the next two months is like saying McDonalds won't be selling burgers for the next two months.  The big draw for Title Wave was people could sell they're books there reducing the cost on new one's . Without that  , I give Title Wave a 25 percent chance to survive another year , before it closes like a hundred Spenard business's before it.",not_harmful,harmful,0.775075
603,What's the downside of seeing One-Term Willie run as the tax-and-spend Democrat he daily reveals himself to be?  Of course honesty and politics are well-nigh mutually exclusive terms these days so the eventuality could seem a breath of fresh air!,not_harmful,not_harmful,0.091903
604,"Interesting that the ancient fathers didn't include mercy or grace.  Realities Jesus talked about.  But then, those don't engender the fear necessary to keep people obedient to a man made institution that claims to be the only road to salvation.",not_harmful,not_harmful,0.378663
605,"Both may have initially taken a knee, but both have sat at some point.  If you Google ""Michael Bennett sits"" you will see a picture of him clearly sitting.",not_harmful,not_harmful,0.136865
606,You are a broken record.  Can you ever post a new thought.,not_harmful,harmful,0.927688
607,"Oh - so your theory is that a disproportionate amount of the tax base gets sent to Camano Island rather than staying on North Whidbey?

Interesting - can you point to the expenditures or budgets that verify your claim?  Which again - goes back to the original question.  Just because KJWolf says it's so doesn't make it true!",not_harmful,not_harmful,0.033277
608,Totally disgusting comparison. You have no regard for the actual suffering and evil that was committed by that man when you make comments like this.,not_harmful,harmful,0.941365
609,"They work in government and the public service with overheads covered by the tax payer with benefits, vacation pay, pensions....retiring in their late 50's.",not_harmful,not_harmful,0.120532
610,"LW1 - So, you won't be attending any functions at nudist clubs, right?",not_harmful,not_harmful,0.321898
611,Since our stupid constitution does not allow adequate treatment of subhumans we have to go the expensive way to make life for them miserable by harassing and 'sweeping' them wherever they try to camp illegally.,harmful,harmful,0.812058
612,"Nobody has more blood in his hands than Mayor Mike Signer for ordering the cops to stand down when AntiFa and BlackLivesMatter storm-troopers initiated the violence. Eye-witnesses also saw VA State Troopers run away when they started throwing tear gas grenades. 

So now he wants to further endanger law-abiding citizens by disarming them -- knowing that criminals, terrorists and crazies will not be constrained in perpetrating blood-soaked mayhem? 

It is truly outrageous that he is not being held",not_harmful,harmful,0.956740
613,"Father, aka ""Vinnie Murphy"" has been having an affair.
His mistress has been blogging about it. Took me about two minutes to figure who she was talking about. (37 year old woman working in medical field)

https://myspiralingaffair.com

im fucking sick after reading this shit, and what he's doing to his family thats already grieving over this loss. And all she thinks about is me me me! Poor wife. Poor family. I'm so sorry.",harmful,harmful,0.928835
614,"Well, since global warming is ""the truth"", then Pope Francis is preaching it. Your actual complaint is that Pope Francis does not agree with you.",not_harmful,not_harmful,0.249872
615,"Perhaps due to lack of space, you omitted the lead sentence in the Times article on ""Democracy Returns to the Senate"" which explained why the Democrats had taken that step:

""For five years, Senate Republicans have refused to allow confirmation votes on dozens of perfectly qualified candidates nominated by President Obama for government positions."" 

And this towards the end of the editorial:

""Given the extreme degree of Republican obstruction during the Obama administration, the Democrats had ",not_harmful,not_harmful,0.049186
616,"DOT,  HART, and 30 years of consultants and studies are consistent in showing that without the rail an increase in the urban core to all residential development would lead to increases in highway traffic many times what it is today. So a prediction of LESS traffic than that is sobering. IOW rail will mitigate the traffic congestion to what is similar or slightly worse than today's congestion.

It's based on rail ridership surveys at the time of the study. So its not surprising that the design of",not_harmful,not_harmful,0.111057
617,"Very true, Alex. And you did not touch on the topic of how to finance 12-14 billion to build such a refinery. The pay back period on an investment that large is extremely long. David Black has been trying to arrange financing for years and gets no takers. 

Dreaming of Canada putting in more refineries is truly pie in the sky.",not_harmful,harmful,0.788188
618,Jewishophobia should be M104 and perhaps Christianophobia could be M105.,not_harmful,not_harmful,0.095592
619,Paris Agreement deals with fossil fuel emissions .....totally ignores UNFAO statement that 65% plus of the fossil fuel emissions get absorbed by oceanic and forest area sinks. Paris Agreement is not worth the paper it is written on. Forest fires in Canada actually generate the same amount of GHGs as does our oil industry...and what are we doing about forest fires....absolutely nothing. Data per Canada's latest NIR filing with the UN.,not_harmful,harmful,0.589604
620,"Tourism accounts for 80% of revenue in Montezuma County and oil and gas revenue is 20%.  Tourism is sustainable revenue, fossil fuel extraction is not.  Destroy what people come to see and destroy your economy.",not_harmful,harmful,0.889127
621,This is an excellent article and the author makes a great point. But the diversity of choices owes something to that ethnic diversity too. We have more choices because we are more diverse and therefore more aware of how other people live.,not_harmful,not_harmful,0.043418
622,Brilliant!,not_harmful,not_harmful,0.195277
623,We are living in a cesspool.,not_harmful,harmful,0.821121
624,"Appears that the cash for access dinner attended by the Chinese delegation, was money well spent.

This outcome was completely predictable...",not_harmful,not_harmful,0.183720
625,"Were the New Hampshire in-laws attending the meeting to try and understand David Duke and Richard Spencer, or roughly half of the state (their neighbours) who voted for Trump? Or is it all the same?",not_harmful,not_harmful,0.095082
626,"Alceste while we're on the subject, make sure you sign the petition: ‪
Please sign petition for US President Trump to act on Khadr. #Trudeau too timid.‬
Send to your all friends 
Thanks

https://petitions.whitehouse.gov/petition/canada-will-pay-10-million-canadian-terrorist-killer-us-army-hero-sgt-chris-speer-demand-canada-not-do",not_harmful,not_harmful,0.496555
627,"Also if things are manufactured in the US again, the prices will go up a lot so lets see how much American consumers like paying a lot more for stuff.  If Trump had even an elementary understanding of economics he would know this is a bad idea.  Most past presidents run on protectionist rhetoric as they know much of the public is dumb enough to fall for it, but once in power don't follow through as they know it is economically stupid to do so.",harmful,harmful,0.588534
628,"Curious, when the writer uses the words ""Trump Administration,"" who does this include? Does this include administrators/legal personnel who have been in their positions for the last 25-30 years and through several presidents? Or is this just the people who were put in place since January? I am actually serious about the questions, as with 9/11, many of the same CIA, NSA, FBI, etc operatives were the same ones in place prior to Bush AND Clinton taking office.",not_harmful,not_harmful,0.095819
629,It is a propaganda piece to demonize Israel and Jews.,not_harmful,harmful,0.625982
630,"References, Peggy.  BTW:  Chris Frank is a friend of my brother, who lived in P.A. For 12 years, and Dr. Frank told my brother that in 2016, there were 300,000 needled exchanges for heroine addicts in Clallam County.  

Perhaps, the heroin problem should be viewed the real health threat in Port Angeles, not whether returning the concentration of fluoride of 0.7 ppm to your public water system as perceived by the opponents to fluoridation.",not_harmful,not_harmful,0.427248
631,This is awesome!,not_harmful,not_harmful,0.064510
632,"I like the idea of using the laminate product... but....it sure looks like another gray building.  what is with this singular trend of no color in the buildings?  this is a gray climate so I don't see the logic in it.  with the city hall, courthouse , shedd moshup - all glass - the downtown is going to look unwelcoming ...  cold ... hard ...",not_harmful,not_harmful,0.415642
633,Hard to say...I never saw it 😄,not_harmful,not_harmful,0.037973
634,"""DEMOCRATS HURT WOKING FAMILIES!!!!""

Oh paleeeez...How do you come to that conclusion?

Liberals want more money for education. You clearly could have benefited.

""Woking"" is a town that shares its name with the surrounding local government district, located in the northwest of Surrey, England."" I don't know any Woking families...",not_harmful,not_harmful,0.067138
635,The Liberals are very concerned with how they are perceived so I guess we can expect a bunch of talking points to raise the temperature under the pot of frogs.,not_harmful,harmful,0.908545
636,"If you'd read or watch what Biden actually said, you'd realize you've been lied too, again. That would take an open mind though.",not_harmful,not_harmful,0.043981
637,I don't think so...stay tuned...it gets better...,not_harmful,not_harmful,0.012797
638,"(2)

""And remember how in the first century reading was only for the aristocracy? And how people laughed if you said that women could learn to read too? Ho, ho, horses maybe but women never, they said! Well people born in my country have pretty nearly a hundred percent literacy rate, even females!""

""And remember how even in the nineteenth century most people were dead by age fifty, with the most common cause of death being 'overwork?' Well, in my time life expectancy in the USA is eighty and in",not_harmful,not_harmful,0.121901
639,"Oh thank you for sharing w/me Springtucktian.  I firmly believe, after living and observing, racism, homophobic, misogyny and or any other 'sickness' out there is no respecter of any political party.  My big brother took me to see Watts burning. My sister and I hunkered down in the back of the car  and drove right up to it and it was frightening.  I couldn't believe such pain, anger, fear and frustration could bring this among us in this Republic, the United States of America.  There was fear an",not_harmful,not_harmful,0.409511
640,"Another frustrated juvenile response, naked.",not_harmful,harmful,0.749695
641,"Red, we get it, you have posted numerous ""what is your plan?"" comments.  Read what he is saying. He is simply alerting the public to potentially negative provisions in the PF restructuring bill and pointing out the legislature's refusal to restructure oil and gas credits.  I am positive Representative Gara has studied and thought a great deal more about the budget crisis than you and has a personal opinion on the best path forward. Big surprise; he isn't going to detail his full position in the ",not_harmful,not_harmful,0.460537
642,"There are key differences. In the case of the incubator story, cooked up I believe by Hill and Knowlton, the U.S. was looking for a reason to intervene and therefore manufactured one. In this case, no one wants to intervene in the Syrian conflict. The gas attack happened because of Assad's contempt for humanity and Russia's contempt for the norms of civilized international behaviour and the reasonable belief — based on their past use of chemical weapons — that no one will stop them.",not_harmful,not_harmful,0.201112
643,Can you?  Shame you favor big spending government that doesn't really do anything.,not_harmful,harmful,0.780939
644,"Caldwell and Pine now appear to be a couple. She is everywhere with Caldwell, being ""groomed"" perhaps?",not_harmful,harmful,0.602245
645,Thank you for the link.,not_harmful,not_harmful,0.036209
646,"Tax those overpaid, basketweaving grad holders to oblivion.   I say take a standard grad 10 english test and if they fail, FIRE THEM!!",not_harmful,harmful,0.854862
647,Someone called him a one trick pony.  I would say a 1/2 trick pony.  Woodward probably did most of the work anyway.  Is he really Bernie's evil twin brother?,not_harmful,harmful,0.865441
648,"By asking. Or, if the couple has a wedding.

Note: If it is not known, it's not known. I was discussing cases where it IS known.

Friendship is one thing. Sodomy is another.",not_harmful,harmful,0.666916
649,You hit the nail on the head!!,not_harmful,not_harmful,0.017755
650,"gary, one more time. Everything I have posted online has been published by the RG on their op-ed page. the reason the RG now censors every one of my posts and can take days to display now is because I called out oldsoul attacking me through trollish posts that never addressed the issue of the thread or facts I referenced. the RG doesn't censor the troll.  The RG has never censored you for calling out trolls either. This is pure biasness and a selective enforcement of their online guidelines.",not_harmful,harmful,0.649118
651,"Guess facts trump Lefty verbose BS. FYI Corbyn has been anti EU his whole poliitcal life and he was critted for his luke warm embrace of 'Stay' as one of the resons Brexit won. How do you come to the conclusion i am a Brexit person or anti immigration.? I have family living in England (immigrants) married to an E European, more immigration. Thus stay on topic (labours chucking out real socialism and hating the working man) and do not displace your bigotry etc on to me.",not_harmful,not_harmful,0.320644
652,"""People who know history and hate racism and fascism need to prepare by obtaining firearms for personal protection and then need to organize a resistance to Trump's future pogroms against Americans of color, Americans of the Muslim faith, and LGBTQ Americans.""

The simple fact is Hillary lost and yet one more piece of evidence of just how unhinged unfounded paranoid hysteria is being spread within the Democrat Party.",not_harmful,harmful,0.866701
653,while store shelves run empty and prices of $20 per gram the blacket market is abundant at $250 per oz... stupid to think that mom/pops would give up their long time operations... bring the price down or accept it because no one is talking...,not_harmful,harmful,0.570676
654,By winning an electoral majority Mr. Trump became President of the United States which does in fact include even those who voted for his opponent.,not_harmful,not_harmful,0.256707
655,"No they don't punish 8yr olds they don't punish adults either if it's under $50.  Under 500 is still a misdeamonor.  Meaning a ""not serious charge"" they don't even take them to jail anymore.

If someone is caught stealing they write them a ticket and send them on their way.  (No joke, I've watched it happen and I have friends in loss prevention) 

Yes there was more trust in America back then, (not in major urban cities but in small suburban or rural ones yes) Americans had honor, self-respect, ",not_harmful,not_harmful,0.075798
656,"If you truly interpret all that as excusing violence on anybody's part, then I'm afraid you aren't capable of rational discussion. I suspect you really understand that the author said no such thing but won't bring yourself to admit it.

Any serious discussion of the cancerous state of political discourse in this country (and in the world) has to begin with acknowledging that it is exacerbated from both the right and the left. Bishop Barron is an intelligent person and should know better than to ",not_harmful,harmful,0.784614
657,"So, wait, the people of Oahu through their property taxes are going to have to shell out between $1.4 and $2 billion in order for us to get $1.5 billion from the Federal grant?",not_harmful,not_harmful,0.439854
658,Where is Sullivan Daniels? That guy needs in on this,not_harmful,harmful,0.865049
659,"I don't know if this list is complete, but it's a start.  http://www.slate.com/blogs/the_slatest/2015/06/18/white_extremist_murders_killed_at_least_60_in_u_s_since_1995.html",not_harmful,not_harmful,0.249807
660,"City government is way to pervasive.  They are in your business from morning until night.  No, no, a thousand times no.",not_harmful,harmful,0.627596
661,"I think you don't understand what bail really is.  It is an amount of money you pay so you don't have to sit in jail while awaiting trial.  It allows the accused to go about their life with minimal disruption, it helps to keep jail overcrowding down and allows the accuse a better chance to plea their case.  if a person has minimal to no prior criminal history and has many ties to the local community they are considered a low flight risk based on that and the seriousness of the crime committed , ",not_harmful,not_harmful,0.047440
662,How does the Secy of State verify that all who register and vote by mail are U.S. citizens and are eligible?,not_harmful,not_harmful,0.089005
663,"Gattis, Dunleavy, Keller, Hughes and Tilton. Have they no shame? They along with their Republican colleagues created this economic disaster and yet they refuse to provide a solution. Please MatSu automatic Republican voters, please please remember who put us here and vote them out of office.",not_harmful,not_harmful,0.387742
664,One more coffin nail... New York has had it out for Trump ever since he got caught flying his private airliner over the City with expired tags. Rules only apply to losers.,not_harmful,harmful,0.937034
665,"Sigh.....
It's going to be a long 4 years for you.",not_harmful,harmful,0.756398
666,So what's your say on traffic deaths or domestic violence deaths versus condo fire deaths?????,not_harmful,not_harmful,0.043996
667,""" the year-end tally is expected to surpass 750""

That's more murders by shooting, stabbing and every other method in the entire state of New York, with its population of five times that of BC.
Yet this poisoning is rarely talked about here when compared to shootings in the U.S.
Just like the enormous Trump coverage. The priorities here are not what they should be for a sovereign state.",not_harmful,harmful,0.798926
668,"Grammar patrol:  An expletive is an exclamatory word or phrase, like ""I'll be durned!"", or ""Golly!"" Some expletives use bad words (like ""Oh, sh*t!"").  But not all bad words are expletives.  Some are nouns, some are adjectives, etc.  Some words can be used as expletives and ALSO as nouns or adjectives.  The bad word in this sentence, for instance is a subjective noun:  ""That is bullsh*t"".  Here, the bad word is an adjective: ""She was f***ing hilarious.""

Better to say ""vulgarity"" than ""expletive""",not_harmful,harmful,0.681661
669,"Story line, ""Bloodsuckers found to be likely to kill other bloodsuckers.""",not_harmful,not_harmful,0.353449
670,"richmond anon is correct.  actually I know of no city that enforces bylaws well.  that is not addressing the disease only the symptoms.  sorry, parking is bylaw controlled with a dedicated force to that issue.",not_harmful,not_harmful,0.105938
671,"Majority Leader Scott Saiki says his proposed legislation is inspired by President Donald Trump.
.
In office less than a week and President Trump is already an inspiration to the Hawaiian political elites.  Perhaps next Scott Saiki could affect the Trump hairstyle to emulate his inspiration.",not_harmful,harmful,0.811133
672,Just Google it,not_harmful,not_harmful,0.302859
673,"Lest we forget, Jeff Sessions and his team of warriors can easy shut down all these businesses in the entire US if Trump decides to listen to the cries of the evangelicals and enforces the federal laws on controlled substances.",not_harmful,harmful,0.604626
674,"UPDATE:  I found the Fire Rock at a World Market on Saturday and bought it on your recommendation (I also picked up the Pipeline Porter, the only other they had there).  I really enjoyed it on Easter Sunday.  I'd gotten bored with IPAs but I think you've put me on the hunt again for finding some that are well done.  Thanks.
I'm familiar with St. Paul's Flat Earth.  I had their Cygnus X-1 Porter (I thought it was named for the gravitational anomaly in the system but the brewery's owner (I forget ",not_harmful,not_harmful,0.092140
675,"Good, I am in agreement with Trump on this one. Obama's directives were clearly a federal overreach; hinging funding of universities on universities allowing anybody to use any bathroom. It is simply inappropriate for *men* to be in women's rooms with teenage girls. Yes this is supposedly an ""old fashioned"" or ""conservative"" position and it is the correct one. 

If you have male parts, use the men's rooms. If you have female parts, use the women's rooms. It's pretty simple. If a transgender pers",not_harmful,not_harmful,0.150705
676,Dudes like tim prefer the cop got shot. He has a history of such anger against authority,harmful,harmful,0.809374
677,Incredible...as in not credible.,not_harmful,not_harmful,0.452927
678,Now I understand why Trudeau allowed that Chinese company to by the Montreal firm.  They figure if they sell everything to China they will save money in security costs.,not_harmful,not_harmful,0.357713
679,"The ""rule of law"" dictates that those who leak classified information should, in the words of the Attorney General, be ""prosecuted to the full extent of the law"".",not_harmful,not_harmful,0.088348
680,"I disagree with what they are doing - they have the right to do what they're doing, I have the right to disagree. First off - exactly what is the goal - at what time do they quit the ""protest""? What's the marker that says ""I've accomplished what I set out to do?"". Is social injustice going to stop just because a football player kneels rather than stand? Secondly, the message, for good or bad, has been lost as it's become a protest for the sake of protest. Keep the protests for what truly matters",not_harmful,not_harmful,0.063681
681,place your hands on your cheeks and lift gently to remove your head,harmful,not_harmful,0.330217
682,"To all the haoles explaining Hawaiian historical events, I invite you to go to VLand Park this Sat (11/11) @11a.  If you’re really serious about your views, I’m sure you’ll find a lot of people who are receptive your ideas.",not_harmful,not_harmful,0.064438
683,"Geez - your sixth post out of 53 total comments and all feel like someone taking potshots and trying to score cheap points.

Contrary opinion - find what MSW posted and his description to be an attempt at *balance* (he explains a more civil description and interjects it) rather than the George attack attitude and tone.  IMO, there is no comparison between what MSW has written and the George interview. (IMO, your post is an example of lack of civility towards MSW)

Suggest that using your simplis",not_harmful,not_harmful,0.215751
684,"no THIS is clearly a LIBERAL government problem, at the ontario provincial and now federal level",not_harmful,harmful,0.666287
685,"Go to hell, Bernstein, and take a whole lot of worthless media personalities with you.",harmful,harmful,0.884052
686,"This article conveniently ignores the OTHER information requested by the commission: people's voting history.  That information, and the fact that they thought this was ok to request, is absolutely alarming.  45 states refusing hardly makes refusal a partisan conspiracy.  Given that states run their own elections, I think there is legitimate cause for concern about federal data mining.  It's also ridiculous that this info is for sale. I'm much more comfortable giving this to the feds than to the",not_harmful,not_harmful,0.142262
687,"Are you kidding me ? Adding two more losers from last years worst ever team ?   Sure makes me want to run out and buy season tickets----to UAA .    It sounds like Rob Murray sat on his rear end all off season and did nothing to try and bring in new , better players , to improve the team .   Now there is zero doubt----the Aces owners don't care in the least about winning.   First we find out our PFD's are going to be cut in less than half. And now the gut punch that the Aces will be worse than ev",not_harmful,harmful,0.913509
688,"....Actually you're implying that Reimer is better, or why make such a useless commemt?...(where is the ignore button???)",harmful,not_harmful,0.439026
689,"As someone once said to me, ""Activists can be hell to live with but they make great ancestors.""  And that is what I think Anchorage residents are finally beginning to recognize about Cheryl Richardson.  Robert Liberty",not_harmful,not_harmful,0.064241
690,"Nicholas and Rachael - The Alaska airports are equipped with the necessary equipment and materials as well as having enough of the properly trained field crews to handle the winter weather.  The time to address the winter weather is factored into the regular flight schedule.  Seattle sees this kind of weather so rarely, they are not equipped for it to the same scale.  They can do it, but it takes longer than they have available in their regular schedule leading to delays such as this.",not_harmful,not_harmful,0.282460
691,"Priebus, Bannon, McConnell, Ryan, McCain, Flynn, Manfort, ""mooch"", are Liberal Democarats?????",not_harmful,harmful,0.780765
692,Until you know the meaning of big words you should stop using them.,not_harmful,not_harmful,0.215651
693,50% is not 100%.  Neither is it 0%.   Just another loss.  $8MUSD coach getting nothing done.,not_harmful,harmful,0.862282
694,Time to stop holding the Olympics in third world toilets.,not_harmful,harmful,0.728583
695,"After the sick delusional bum in there now, what do we have to lose?",harmful,harmful,0.686644
696,"Patrick. you are making a fool of yourself with your posts. There is a law in place between the US and Canada that doesn't allow for a person to make a claim of refugee status in one country and then, for what ever reason, try the other country.

Your post make no sense. You say it is not illegal to cross then you say CBSA will process them according to the rule of law. Well if it is not illegal, what exactly has to be processed?

Educate yourself.",harmful,harmful,0.898712
697,"For a dissenting opinion: 
http://www.crisismagazine.com/2017/religion-johnson-amendment",not_harmful,not_harmful,0.226297
698,"Sorry Mr. Insecure Nickname, the swing voters were influenced by factors other than Podesta's emails and Wasserman-Schultz nasty treatment of the Bern.  Trump recovered from the Access Hollywood vid, he was Teflon.",not_harmful,harmful,0.875981
699,The thing people always forget that people have been using cannabis in this country since it has been a country. It is not anything new. People have been driving under the influence as long as they have been driving. The hoopla around the legalization is mostly disabusing them of their fantasies.,not_harmful,not_harmful,0.397517
700,"Yeah. We also were very fortunate. I bought a 1 bedroom in '86 for 53K, sold for $140K. We then bought a townhouse for $180K and sold for $300K. Finally, a pretty good-sized four bedroom for $400K. Re-financed several times and In five months, the mortgage is retired. We were kind of in the right places at the right times.",not_harmful,not_harmful,0.037095
701,You don't get it?  Square.,not_harmful,harmful,0.858594
702,Again...THANK YOU for your vigilance Natalie!,not_harmful,not_harmful,0.017045
703,"Read the site I gave respectfully, the science is still ongoing as the previous assertions are now being questioned with more recent science and research. Always great to see you GREENLEAF! No, I too assumed the same as you, I thought the effect was negligible and after reading past science studies would have agreed with you. But now I am finding that more in-depth research is starting to severely question the past science which dismissed the underwater venting and volcanic activity. They are ma",not_harmful,not_harmful,0.260835
704,"So you use terrorists as a benchmark for assessing  how civil and uncivil a man, a community, or a fraternity are? Then u must be using Trump to assess a leader.",not_harmful,not_harmful,0.431596
705,"Another cringe-filled article by Martin Cizmar. Dude is literally insufferable and makes me dread opening the WW every week. 

""It's probably fair to say this is a guide to the Oregon coast for people who use Uber and drink pricey sour beer."" What a great and fully necessary sentence, Martin. Please stop writing and do literally anything else.",not_harmful,harmful,0.885154
706,"You might want to check your math. If the business is turning over $6.2 million (which is unlikely) then at labour costs of 10%, each of the 5 employees would be earning $124,000. If that is what you are paying, can I please have your address to submit my resume?",not_harmful,not_harmful,0.105735
707,Your reference to Trayvon Martin is disgusting.,not_harmful,harmful,0.737935
708,"How Is this harming or creating issues for the young for the future? I'm certain you're up to snuff on the history of Alaska Native cultures to be saying this.

What is the issue with showing a little regard towards the communities the stores serve? How does this harm anything?

Please, enlighten me.",not_harmful,not_harmful,0.047348
709,"There is no need to ask “who thought this one up,” it is obvious Kapolei/West Oahu developers were behind it from Day 1. (Former) Honolulu City Council chairman Nestor Garcia was forced to resign because he was accepting bribes from these guys to fast-track rail! The City Ethics Commission found Councilman Garcia failed to disclose his conflict-of-interest when voting on 38 rail transit-related bills favored by Kapolei Chamber of Commerce!

In case you forgot, the Kapolei chamber was paying Nest",not_harmful,harmful,0.882965
710,"And still, a reasonable conclusion was presented.

""the best advice is for consumers to not automatically assume artificially sweetened foods are the healthier alternative""",not_harmful,not_harmful,0.038586
711,All part of the porn culture (and internet infrastructure) that the progressive left and the ACLU defend.,not_harmful,harmful,0.642254
712,Wow.  I loved it!,not_harmful,not_harmful,0.030490
713,"Actually 36 millionth and 2 seedlings planted, the seedlings I got at Aaron Jones funeral are planted in my back yard. This company has given my family the only stability we have had in years, Thank you Seneca for being an amazing company that is so passionate about its employees and it's home town. And the renewable energy and amazing upgrades to make no more waste and of course the fact that every tree that has been fallen has been replaced. You deserve all the support and success in the world",not_harmful,not_harmful,0.102195
714,We laugh to keep from crying!,not_harmful,not_harmful,0.176402
715,"I ignore the non-Democrats who call for changes to our party.  You Mr. Massengill, are a Democrat and therefore you deserve my strongest argument.  The Super Delegate phenomenon in the Democratic Party is a product of the 1972 Election.  George McGovern did not receive a majority of Democratic votes in the primary.  In fact, Hubert Humphrey received a plurality.  McGovern became the nominee.  His choice for vice-president revealed that he had a mental illness and was replaced.  The party feared ",not_harmful,harmful,0.575209
716,The Denali one with the fireweed is my favorite by far.,not_harmful,not_harmful,0.203221
717,What a way to set up our next GG..... not easily surpass!,not_harmful,not_harmful,0.374576
718,"Let me explain. The Circa story is real and accurate as to the FISA court review and memos on how sloppy the FBI has been with procedures for FISA orders and screening and unmasking. There has not been enough protection of privacy or control of the FBI. Some unmasked documents were shared with private parties when they should not have been. The ACLU and a group of liberal Democrats, later joined by a few Republicans and Libertarians have been fighting against this since the Patriot Act was passe",not_harmful,harmful,0.531259
719,"How many GOP primaries did Herman Cain win?

ZERO!

If the Tea Party wanted Cain, he would have won at least ONE delegate.",not_harmful,not_harmful,0.439193
720,"What needs to be revived is the ""phone consciousness"".

I can't tell you how many parents I see walking around a park with their head stuck in the phone, and their children on their phones, or wandering off.   What a missed opportunity to deepen friendship. 

Let's stop looking over there at abstracted issues when little things aren't being done in the family and married life. 

We need more homilies on the little things we can do to deepen friendships with our spouses and our family members, an",not_harmful,harmful,0.645742
721,"I think, uh, you mean the, uh, Internationalist left, (who use words like jingoism) not the rest of the world. I could have used Lions Share or most mobilized but the result would be the same. If it wasn't for US intervention in WW2 you almost certainly would be speaking another language by now. Winston Churchill and Emperor Hirohito felt the same way.

Not that we can't learn from other countries, but be aware countries and cultures are not interchangeable. What works in one place may not work ",not_harmful,not_harmful,0.069726
722,And our Govbnor has no guts ...I he does veto by line item good the budget is to big anyway...the lion has roared...live with it.,not_harmful,harmful,0.757560
723,concerns with Chong isn't his french.  The guy is a Blue Liberal.  Why would you vote for Chong when you can vote for a genuine Liberal?,not_harmful,not_harmful,0.414822
724,"It is quite obvious that our politicians are bought out by the real estate industry. They lack the conviction to act for the people.
The ""downside"" you mentioned does not make sense. If the employment is temporary, the employees typically rent, not buy, houses.
Sure, we do not know whether foreigners are real causes of the bubble. Therefore, taxing them would not affect the housing market, correct? 
There is no harm to us Canadians either way for a foreign tax. ... wait, unless you work in the r",not_harmful,not_harmful,0.494583
725,Did anyone ever doubt that these money grubbing buffoons would do anything it takes to keep this cash cow alive?  They're straight-up stealing our money. It's way past tar and feathers time folks.,not_harmful,harmful,0.966337
726,"This is one of the most poorly written articles I have read in years.

The headline and contents are anchored upon the phrase ""extreme vetting"", placed in quotation marks.

And yet the article does not explain where that phrase comes from, who coined it, or what it means.

And when you search other news outlets, the Wall Street Journal reported this: ""The Trump administration is considering a broad set of measures, known as ""extreme vetting,"" that would force foreigners entering the U.S. to disc",not_harmful,harmful,0.810177
727,Not that it matters.,not_harmful,not_harmful,0.032275
728,"Bill Maher-

https://www.youtube.com/watch?v=AAVDu8Os0JE",not_harmful,not_harmful,0.220213
729,"Trump has failed at everything he tried to do so far.

You think he's going to start winning now?  Good luck with that thought.",not_harmful,not_harmful,0.061035
730,Bigfoot? A cougar? Pissed off natives?  Maybe a bear? Look into Missing 411. Illuminati or aliens or creatures from other dimensions. Government is hiding a lot from us.,not_harmful,harmful,0.633729
731,"Aye...yes. That's another problem altogether. What these particular priests dress in, however, is the least of my worries. These ones tend to be of the spiritually abusive type. We just got rid of a bishop in our diocese who was the classic example of an abusive closet-case. I feel as bad for him and his inner torment as I do for the people his ""pastoral style"" victimized.",not_harmful,not_harmful,0.371505
732,"An Open letter to Lisa...Dear Lisa remember back when we saved you from defeat. We being Independants and some Reagan style Dems. Remember when you were elected not as A Republican but as a write in. But then quickly turned your back on us. Remember when you threw your fellow Sen under the bus an Alaska born Sen, a  Sen who has always put Alaska's interest first. The Sen who voted 80% the same as you. You went full red and stabbed us in the back, you could have stayed neutral but you wanted a co",not_harmful,not_harmful,0.317771
733,"Did u pray for the now deceased before this event Chris? What on earth does such ""prayer"" accomplish? Do they now go to Disneyland  heaven and get an eternal E ticket and all the fry joes they want?",harmful,harmful,0.932260
734,These boys will be playing in Wasilla this Friday vs Reddington. Stop by and see for yourself. I'll be there to support my 3 cousins on the team and  I'm an Old Believe too. GO Voznesenka Cougars!,not_harmful,not_harmful,0.055376
735,"Why would anyone accept corruption. He is a wise and strong leader ! This is not journalism.  REAL journalism is dead and was replaced by individuals who follow their marching orders from the big media HQ from the lower 48.
She wants war and she will get us into war. This is not difficult !!!   And KTUU, ADN , MSNBC, CNN and Fox are all too happy to help make that a reality with how they present the post debate coverage.... We are not electing a Saint. We are electing a strong leader with foreig",not_harmful,not_harmful,0.120614
736,"If the O line is even moderately better the RB position stays healthy and TE position improves even a little we're in the playoffs. I like some of our guys on the offense, I'm just not sure who the leader is who is that spark plug. If healthy it could be Charles.",not_harmful,not_harmful,0.116743
737,"Everybody want's the piece of pie, Owners, Contractors, and the Senate.",not_harmful,harmful,0.723868
738,Surprising with all your wealth and intellect you need to get down in the dirt and grovel with the likes of me.  I love it. I wait for your comments almost daily. Surely you should have been a reality late night comedian you are so hilarious. You must be joking of course because you can't be serious.,not_harmful,harmful,0.911722
739,"The Trudeaus posed for a photo - the young woman on the right took the selfie. Clue: the person who holds the phone/camera, is the one taking the selfie.",not_harmful,not_harmful,0.249644
740,"My cousin just retired. He sold his art in London, Paris, and NYC, carrying his own weight. If you cannot carry your own weight your sophomoric art is not entitled to taxpayer revenue to support your pathetic ""work."" As for property tax relief, it is outrageous property is taxed in the first place. As for developers, at least they are contributing to our basic needs in life whereas the fool gluing bugs to a canvas contributes drivel I can live without.",harmful,harmful,0.945890
741,He knows a lot of superlatives. He has the best superlatives.,not_harmful,not_harmful,0.042758
742,"""Too many tourists staying in B&Bs""  There are several problems with the B&B experience.  It is often illegal, government agencies look pathetically inefficient at enforcing the law, those wishing to stay under the radar do not pay taxes, politicians can't work together to move bills forward that will improve the situation, people living in residentially zone area should not have a business pop up next door.  The irony of this mess is that B&B work well in other parts of the world.   So what is ",not_harmful,not_harmful,0.226850
743,"Obviously you are a big liberal therefore any conservative president is a disaster.  I am neither, but in my opinion obama had done far worse than both of them.",not_harmful,not_harmful,0.255116
744,"""Everybody should just convert to Christianity anyways.""

Which denomination?",not_harmful,not_harmful,0.278327
745,I am still waiting for proof that he must forego his religious belief to operate in the public spectrum.,not_harmful,harmful,0.511819
746,"Liberal supporters, please explain why this is not a direct insult to Ms. Azer?

""Mr. Dion joined several Liberal MPs in heckling Mr. Cooper. Mr. Dion then gave the thumbs down.

The senior government official suggested that Ms. Azer has not been helpful in her criticism of the government. ""

Mr Cooper was the MP asking the question, personally representing Ms Azer.

How can Liberals and their supporters condone this?",not_harmful,not_harmful,0.277264
747,This fall I visited The eerie ruins of the Nuremberg parade grounds where Hitler held his propaganda rallies in front of goose-stepping faithful.  It is now a skateboard park.  I am just saying ...,not_harmful,not_harmful,0.247154
748,"Everybody know its fake. Including Americans. They believe Wikileaks more than their intelligence agencies by 3:1 margin. The CIA put this out as its last attempt to discredit the president-elect, perhaps even lay the ground work to impeach him. But it not going to work because their credibility is toast. They are fighting their 'personal' war on Trump because they know Trump will get them once in office. This entire crop of fakers will be eliminated. What a sick Deep State. The Sick State.",not_harmful,harmful,0.967372
749,"Bush was criticized for putting a guy in charge of FEMA whose last gig was the head of the American Quarter Horse Association (from which he had been canned), and then telling him he was doing a ""heckuva job"" when he clearly wasn't.",not_harmful,not_harmful,0.471761
750,"He hit the disagree button on your post, but he didn't reply to explain or defend his statement.  I guess even he doesn't know what point he's trying to make.",not_harmful,not_harmful,0.069822
751,"The majority of voters has no bearing on the legality of something- homosexual marriage showed you that. Every state overwhelmingly voted against homosexual marriage and the courts said ""yes,"" anyway.   Also, all you have to do to change the ""law of the land"" is to change the law.  Minimum wage laws were found by 3 different Supreme Courts to be unconstitutional before a 4th found it WAS constitutional under the commerce clause. You make this sound like settled science when nothing could be furt",not_harmful,not_harmful,0.279810
752,"Liberals are the enemy of America. Freedom and liberty can not exist with the ""rights"" of a liberal Utopia.",harmful,harmful,0.844713
753,"I agree, Mokantx, that this article seems to take a position that the Catholic Church as it is today will simply move focus to the South and West where there are people who want church practices in ways that the church wants to deliver them.  

A different view of a different kind of change is seen if we pay attention to what is happening in the Royal Commission hearings in Australia and to some of what is coming out of Ireland - both places where the influence of the institutional/hierarchical ",not_harmful,not_harmful,0.067880
754,"A story buried at the bottom of the website, and likely disappear in an hour or two.",not_harmful,not_harmful,0.429977
755,"Not really!  Many wish to go about their business when they can and not be so identified.  Again, this 'always in uniform' attitude is a reaction to strong lay involvement  over the years and comes from the reactionary right in the church ... ala the likes of Cardinal Ray Burke, Chaput and others.  Priests are no better than anyone else.  Enough!",not_harmful,not_harmful,0.378897
756,"Stephen Harper did enormous damage to Canada in international affairs, both bilaterally and multilaterally.",not_harmful,harmful,0.507456
757,"Re-read the article Rich, clearly you have a memory problem.",not_harmful,harmful,0.702405
758,"Den you get da kine ticket fo ""impaired driving""",not_harmful,harmful,0.817171
759,"Awe! That you would stoop so low as to trivialize the death of people in Manchester and by default then, it's disgusting to think that you don't care about the thousands of young boys and girls who were raped and abused under Christian clerics in residential schools, or the lateral violence and toxic stress that resulted in this horrible chapter of Canadian history.",harmful,harmful,0.862656
760,"Ohhhhhh, my feelings are so hurt right now................ must be why I am laughing so hard.

Upvoting your own comments? How crass can a person get?

By the way, speaking of going away, if you are so bold enough to offer the advice I hope you are man enough to take it yourself. See ya, wouldn't want to be ya.",not_harmful,harmful,0.608855
761,"[he (Rep. Steven King) said critics of the president have created a climate of hate that threatens the country.]
Let's just disregard any actions Trump has done and blame it on his critics?  Americans should just let Trump spout constant lies and cyberbullying but if we protest, correct, or criticize Trump THEY are the cause?
I hope this is pure partisanship because if he honestly believes that then Rep. King is long overdue for an eye exam and an MRI.   Doesn't even mention how it takes two to ",not_harmful,harmful,0.656572
762,We have to do something. These are the best long-term ideas I have heard! Go for it.,not_harmful,not_harmful,0.013696
763,Maybe we can send obobba to apologize. Oh wait we did that.,not_harmful,not_harmful,0.136830
764,"""Arguably, to ""make America great again"" is a cri de coeur of an anxious, frustrated & angry older white American element ...""
Oh brother. Back to the angry, older white rhetoric, again? I haven't heard that since pre-election days when they were tagged as being Trump's only support. How did that work out? I think you may want to come up with another tag line.",harmful,not_harmful,0.418116
765,Um......what productive end did this march have in honor of earth day?,not_harmful,not_harmful,0.115636
766,"Walford has written 5 articles in La Stampa and is currently working on a book that help explain how AL is consistent with Catholic teaching. Cardinals Wuerl and Schonborn and Coccopalmerio have treated it at length. At this point, I think that everyone who is willing to give a chance to the arguments in favor of AL already has done so, and now we're left with the few who either can't or won't accept it.",not_harmful,not_harmful,0.227424
767,"If the dog grabbed the arm it was probably because she reached over the dog and so it would be the back of her forearm.  No dog likes a stranger reaching over it.  Rather than try to injure the dog the head needs to be stabilized so it can't rip flesh.  Eventually the dog will let go, sooner if everyone stays calm.
 
All breeds can do this, usually accompanied by its stupid panicking owner.  I know someone attacked by a German Shepherd like this, he didn't sue but the Emergency Services bill was",not_harmful,not_harmful,0.346978
768,"I don't have any confidence in their statement ""The tailing storage facility would be built to withstand the strongest earthquake."" 
If everything goes right with this project, sure, the company will make a ridiculous profit, and locals will get tossed a few crumbs. But when something goes wrong - and it's just a matter of time before it does (we're entering a time where climate change is about to wreck havoc on the planet) then it will spell disaster not just for the people but for fragile ecos",not_harmful,not_harmful,0.240273
769,"Finally nutritionists recognize that fruit and vegetables are categories whose members differ in nutritional composition. That's the start of moving from folk belief in the magic of plants to actual science. 

Science uses standardized units of measure, such as grams. Sadly, nutritionists still use that meaningless term ""serving"", which raises more questions than it answers. How many ""servings"" of food equals one meal? If I shift from 5 fruit/vegetable servings to 10 per day, do my meals get big",not_harmful,not_harmful,0.185515
770,"Here's an accurate predictor of whether someone supports Donald Trump: https://www.washingtonpost.com/news/wonk/wp/2016/02/01/how-your-parenting-style-predicts-whether-you-support-donald-trump/
Which one are you? LOL, I guess we'll see.",not_harmful,not_harmful,0.080457
771,Interesting move. Your move Donald.,not_harmful,not_harmful,0.216938
772,"I would have expected an opinion piece from a Professor with more depth and also reflective of other policy considerations, not just housing.

1. Land Supply: The ALR makes up a portion of the Regional 'Green Zone.' There are also 'rural lands.' Making land use decisions based on one factor...land supply makes little sense. Long term food security has to also be a consideration. There are also other considerations.

Local Governments: People elected the municipal politicians who lead policy. Hav",not_harmful,not_harmful,0.079832
773,"I enrolled in the J-1 programme back during my university's summer break. Was placed at cedars point at ohio for 3 months. Never cared much about wages and stuffs much more than the opportunity having to step my feet in America for the first time. 'Cultural exchange' was there, though mostly with like-minded peers who took up the same programme as me, ranging from all across Europe and asia. With Americans? Distinctively 2 kinds - One who plays all arrogant-bossy-my land kind of vibes, shuns the",not_harmful,harmful,0.899081
774,"""Donald Trump has made yet another announcement that will dismay Democrats across the country, and that is his choice for Attorney General. Trump tweeted that his pick for Attorney General is South Carolina conservative Rep.

Trey Gowdy, who currently chairs the U.S. House of Representative’s Select Committee on Benghazi.

Gowdy has been a constant thorn in the Obama administration’s side, and has exposed the White House’s incompetence on everything from amnesty to IRS abuses to the illegal dele",not_harmful,harmful,0.687866
775,"Demento, you should stick to something you know something about..... housing.",not_harmful,not_harmful,0.076528
776,"So if you are a"" successful "" small to medium sized business that creates a profit of more than $ 50K we are going to rob you blind.  What a terrific incentive to succeed. Let's target and decimate the tasty middle layer between very small business and large corporations.  All whipped up on the fly for political optics.  This government is a disgusting mess of hypocrisy and mismanagement.  Canada's future shall be small businesses employing 10 or less, large corporations and the massive bloated ",not_harmful,harmful,0.813150
777,"By the same group of ""Muslims"" who've slaughtered over 100k muslims",not_harmful,harmful,0.638246
778,"Agree that there is nothing inherently special about workers doing what they are paid to do, but gratitude, whether to the police, fire department, or wait staff in a restaurant should be reflexively and generously expressed.",not_harmful,not_harmful,0.031718
779,"Interesting, thanks! Similar arguements can be made for the insistence that ""affordable"" housing be provided in the city centres so that ""the poor""  are close to ""work opportunities"" presumably as financial or managing directors instead of drug dealers and cable thieves who set their buildings alight and self evict.",not_harmful,not_harmful,0.199224
780,"Hahahaha. An ""uncivil"" comment for Alceste is one she doesn't agree with.",not_harmful,not_harmful,0.118943
781,"You said, ""Your President just pardoned a convicted felon . . . .""  Sheriff Arpaio was convicted on misdemeanor counts only.
""He was convicted last month of criminal contempt of court for defying the order, a misdemeanor . . . ."" https://www.nytimes.com/2017/08/25/us/politics/joe-arpaio-trump-pardon-sheriff-arizona.html",not_harmful,not_harmful,0.238210
782,"Garbage.  In the men's game, the serve  means something.  People should hold serve.  The ladies I like to Watch are Serena, Venus, Coco, Garbine, Johana, etc., who can hold their serve for crying out loud.  Serving should mean something.",not_harmful,harmful,0.964640
783,"Part of the Eugene strategy regarding climate seems to be the proposed 
rezoning of long-time single family homes for """"sardine-packed"""" housing 
and little parking space for cars...the developers'  seem to have been very
busy.",not_harmful,not_harmful,0.260964
784,I believe free speech covers it all.,not_harmful,not_harmful,0.025512
785,"Contraceptives are the most common percription med taken by women. The requirement to file a form to the government expressing your medieval objections to birth control, is hardly religious discrimination. The churches lost this battle 50 years ago when birth control became widespread. If women voted with their feet and stopped going to and working for these medieval institutions I bet the issue would be settled rapidly.",not_harmful,not_harmful,0.355035
786,"So now Mexicans can be just as disappointed with Tim Hortons as Canadians are. Cardboard tasting ""food"" and bland coffee.",not_harmful,harmful,0.766458
787,"https://www.nytimes.com/interactive/2017/07/24/us/republican-health-bill-versions.html

Do a bit of research over the past 30 years before you reply.  Both helped create a hybrid system that passes on underfunded socially-backed procedure costs to the private sector with no cost controls.  That's what's created this mess.",not_harmful,not_harmful,0.452072
788,Conklin: Get your own column and stop trolling this one. Enough of you already!,not_harmful,harmful,0.913400
789,To be successful any international environmental accord needs a critical mass of countries to join it. We had that until today. Given the US is the only major outlier perhaps it is time for sanctions in the form of tariffs on goods and services from non-signatory countries (e.g. US). Tariffs can be used to fund carbon reducing programs in the receiving countries.,not_harmful,not_harmful,0.153281
790,"What are you talking about? ""It depends on the subject""? The Church is an absolute monarchy, and the Supreme Roman Pontiff's power is limited only by his duty to adhere to the Church's perennial magisterium; most particularly its dogmatic pronouncements. I'm assuming you've heard about that little passage in scripture re Peter being given the power to bind and loose?",not_harmful,not_harmful,0.109069
791,"You do realize this idea came from Finance Canada and has been looked at multiple times in the past right, including by the CPC?  And that Trump is looking at a similar change as part of his tax reform?

And of course, you know that PMs don't personally write legislation or get involved in the details the way you suggest right?  

We need civics classes in school",not_harmful,harmful,0.589384
792,"The military does not exist to straighten out druggies and criminals.  That is the job of the justice system and the medical people.  Maybe we should force the airlines to hire these people and give them pilot jobs and then you could ride in the back of the plane they are flying.  Hopefully, only the plane is flying.",not_harmful,harmful,0.879993
793,"I can see why elitist columnists wanna try and take away from Mr. Bannon –  throwing around phrases like “his gospel of the Apocalpse…” Hey Yakabuski, maybe share your thoughts on the apocalypse once YOUR kid graduates from West Point, eh?",not_harmful,harmful,0.655900
794,And the Obama ban past the smell test in Hawaii!! I wonder why?,not_harmful,not_harmful,0.440644
795,"This is because Democrats, progressives in general, are not really poliyically-obsessed people.  They jump on bandwagons (Like the Grateful Dead, Phish, Bernie, etc)  but mid-term elections just don't seem to get their attention.  It is sad, really - laziness, mostly, but also, progressive folks in general are just not as likely to think about politics when other things are happening.  That's why there is so much right-wing talk radio and none on the liberal side.  It has nothing to do with who ",not_harmful,harmful,0.542645
796,"Just to be clear, you're saying unless you're descended from Ali'i AND have made your own board, you shouldn't be allowed to surf anywhere in Hawai'i. Please correct me if I'm wrong.",not_harmful,not_harmful,0.040184
797,"Disappointed that you hastily added Sarah Iannarone to your short list while icing out other candidates who actually filed to get on the ballot before your paper hit the streets.  Isn't the point of a primary to let voters decide who should move forward to the general election?  

You missed an important challenge for Super Mayor--ending the corrupting influence of money in politics.  By promoting only mainstream candidates who have money, take money for those who have it, or who say they will g",not_harmful,harmful,0.778486
798,Whatever the debt was. Wasn't the point of my comment and I use the 170bn figure because it is the most agreed upon by the left and I don't want to argue that minor point Also my point wasn't to discredit you. Harper however was certainly no economic genius. Well he was when compared to Obama or Trudeau or any EU member who were/are absolutely atrocious but not a genius when it comes to running my tax dollars. A genius would realize the mistakes of running off a central government in the first p,not_harmful,not_harmful,0.303198
799,"Unfortunately, there are a thousand or more little Spicers out there ready to takeover.",not_harmful,harmful,0.838998
800,"Ok, you say Fox news and Breitbat don't tell the truth. So,I went back and watch Trumps press conference. Here were is exact words: The KKK, white supremacist and the Neo nazis are repungnant and violence has no place in this country. Yet, the left and the braindead media, CNN, ABC MSNBC, all lied and said Trump likes the KKK. So, there you go, just caught you and every news media except Fox lying thru your teeth like only scumbags can do.",harmful,harmful,0.910555
801,"It is written better than Trumps, which essentially affirms it's a parody account. If it really was DPRK News, they'd write in Korean, not English (similar could be said of Trump, he should start writing in English).",not_harmful,harmful,0.708620
802,"Apparently the outcries claiming gun control will not work, the second amendment is sacred or, this is not the time to talk about gun control were all from liberal posters.",not_harmful,not_harmful,0.300941
803,Wrong on every single point.,not_harmful,harmful,0.638344
804,"Remember when Iraq invaded Kuwait, and we got stories about how the invaders were pillaging the hospitals and throwing babies out of the incubators and onto concrete floors? The outrage led to full support for Bush Sr's Desert Storm.

Well, it turns out it was all a propaganda hoax for exactly that purpose. So when we read about horrific acts we really need to question the validity of the events themselves, as well as who is behind them.

That's the problem with ""motherhood"" issues. They invoke ",not_harmful,not_harmful,0.036741
805,"Roland, I agree with Ariel -- your argument is about semantics.  Are you open to the possibility that a teapot is in orbit around Mars?",not_harmful,not_harmful,0.169408
806,He is already running a campaign for him,not_harmful,not_harmful,0.219579
807,"Why not focus on the largest, most expensive infrastructure we have: the health care system.  Private investment in return for performance enhancements would be well worthwhile.  Of course, Alberta could have saved 200MM by contracting out laundry, but we cannot go there.",not_harmful,not_harmful,0.157121
808,"""4,905 were filed in August, compared to just over 4,000 in July.""

That's crazy.  At this rate we are going to be taking in 50 to 100,000 per year.  No! Just NO!",not_harmful,harmful,0.568469
809,"I don't smoke, although I come from a smoking family. The only one surviving, besides me, has quit.

I don't think taxpayers are subsidizing cigarette smokers, unless you're referring to health care costs. But that also applies to people who eat too much, don't exercise, sit too much, etc. If you add up everyone who has unhealthful habits, you could say that we're subsidizing most of us, which makes the idea meaningless.

Some can quit, some can't. I think it depends on their circumstances, sinc",not_harmful,not_harmful,0.418227
810,Funny how fairness is all the rage until it comes to taxes. The Fairtax is how you solve this problem and modernize our outdated tax system.,not_harmful,not_harmful,0.237554
811,Some who post here think Senator Murkowski should quail before Trump. They are all delusional.,not_harmful,harmful,0.837865
812,"This man sounds insane, totally lost it, classic case of Trump Derangement Syndrome. What could he possibly be thinking of to make such outrageous and ridiculous claims about the president? Does he have no clue as to how he looks and sounds when he is saying such patently false things? Does he think the American people are so stupid as to believe anything he is saying? Buy a vowel, a majority of Americans were not impressed and didn't support his efforts against President Nixon. Hounding a legit",harmful,harmful,0.977831
813,"If you've lived in Alaska the last 38 years, you've paid NOTHING for state government.
You want to build all this new stuff, but you don't want to pay for it.
Try moving to another state without an income tax or sales tax, and that pays you a PFD check. 
Good bye and good luck.",not_harmful,not_harmful,0.398443
814,But history is such a colonial concept....,not_harmful,harmful,0.641428
815,"Trump is the Distracter in Chief. He tweets, he feuds, he’s the “Look, a squirrel!” guy for Gerson and the press. Meanwhile, his administration, under his direction, continues to accomplish. He nominates 60 conservative judges for the federal bench (with another 160 to go). He replaces liberal Federal Marshall’s by the boatload. The SCOTUS just voted 8-1 that the lower courts were wrong to block his immigration ban. He removes the illegal payments by the government to Obamacare insurers. Meanwhi",not_harmful,harmful,0.959891
816,Have those three communities ended all direct and indirect usage of petroleum products or do they somehow think that their usage has no link to the companies that supply those products?,not_harmful,not_harmful,0.166692
817,"Better idea: Start a career in innovative farming!
http://www.niagaracollege.ca/environment-horticulture-studies/programs/commercial-cannabis-production/",not_harmful,not_harmful,0.134884
818,"Or this:

Obama draws criticism for kickflipping over Nancy Reagan’s grave

http://syruptrap.ca/2016/03/obama-draws-criticism-for-kick-flipping-over-nancy-reagans-grave/",not_harmful,harmful,0.682993
819,"Sure now do you conveniently leave out the maintenance payment on that debt because it's not in your calculation. Added to the trillion of debt we are in that is a hefty chunk. You need the perspective. Next 35.1 million people aren't paying taxes. You can leave out aboriginals and children for starters. You must have been poor in math class. That 650 million added to debt we have will take a century to pay off under a liberals budget, if ever. That's never ending payments from us hardworking ta",not_harmful,harmful,0.895990
820,"The demo's started this fiasco and tried to dump it on the other party when it went off all the cliffs. It's dying a slow death and in order to save it some painful decisions are needed.. well, the dems sure as hell don't want to do that and haven't. They talk the good talk but certainly don't walk it. Someone has to fix this mess, or it's off the rails in another year. Costs have tripled since its inception and it's not available as more pull out of the markets. At minimum, now that the ball is",harmful,harmful,0.657296
821,Is that a variation on the garbanzo beans/chick peas joke?,not_harmful,not_harmful,0.420538
822,"""Canada was included in the G-7 as the USA wanted another counterpoint to the Europeans who on a voting basis would always be able to set the agenda.""
.
I don't disagree with this.  But the point remains that Gerry Ford was an amiable guy, and he liked Trudeau enough to include Canada.
.
Ford was chosen by Nixon, but he was also one of the few choices Nixon really had.
.
When Agnew had to resign, Nixon was already deep into Watergate.  Gerry Ford was chosen not because he was particularly close ",not_harmful,not_harmful,0.080145
823,What are you talking about? That's not even comparable.,not_harmful,not_harmful,0.034580
824,To business it is all the same thing.,not_harmful,not_harmful,0.064128
825,Well it hasn't fully passed as yet.  Come on Donald lets see your tax returns!,not_harmful,harmful,0.879837
826,"To fix education they should continue to increase funding, build lavish schools, unionize all workers, scream and kick when they don't get what they want, use public funds to  advertise passing bond packages, threaten to cut sports, add 3 more layers of administration and finally, to truly fix education, buy those administrators $1200 leather chairs. 
Another conference which won't change a thing.",not_harmful,harmful,0.829009
827,"1816 is known as ""The Year Without a Summer"" due to the caused by the massive 1815 eruption of Mount Tambora in the Dutch East Indies.

https://en.wikipedia.org/wiki/Year_Without_a_Summer",not_harmful,not_harmful,0.334461
828,"It is not illegal to question what Jordan Peterson thinks is science, neither for nor against.  What hysterical nonsense.",harmful,harmful,0.933795
829,The Coolest Nightclub in Portland That Doesn't Even Serve Alcohol links to the article about Tienda de Leon.,not_harmful,not_harmful,0.077010
830,"How did you manage to interpret my comment to be against anything, except those who are ill-informed and seriously out of touch with reality - such as career civil servants?

Nothing provided by government is FREE.",not_harmful,not_harmful,0.227468
831,This family is a collection of Bond villains.,not_harmful,harmful,0.593698
832,"I saw that MSNBC tonight described Rand Paul's injuries as ""minor."" Now THAT'S fake news.",not_harmful,harmful,0.826782
833,"The ""we"" you refer to, actually includes rural First Alaskans - I hope that isn't too much of a shocker..
If you think the North Slope Borough has any financial similarity to any other Alaska Native community, you have a lot to learn.",not_harmful,harmful,0.738532
834,"There obviously was an injury, but ""who did what"" is probably the subject of multiple conflicting accounts offered by witnesses.   That is why the police and prosecutors are moving slowly.

When you are out drinking at 2AM, bad things happen.  You are a college graduate, not a freshman.    Grow up.",not_harmful,harmful,0.954305
835,"How many people are homeless in California?

About 130,898 or 20.7 percent
Nationwide, there are about 633,782 homeless people with about 130,898 or 20.7 percent in California — the state with the highest homeless population.",not_harmful,not_harmful,0.115062
836,The price is one thing but the real deal killer is the lack of utility.,not_harmful,harmful,0.500430
837,Perhaps chalk that up to its pervasiveness finally overwhelming rationality.   I guess it worked.,not_harmful,not_harmful,0.021150
838,"You should also consider the fact that this pipeline branches off to Cherry Point in Washington State.
Which has two berths for Supertankers from Alaska...which will soon be running out of oil to ship South.
See an opportunity there?",not_harmful,not_harmful,0.091451
839,"FAM Freeland is correct - TPP cannot happen without the U.S. That's because TPP was constructed based on U.S. agenda and ideology. I am happy TPP is gone, by the action of its own people when they elected Trump. 

The time has finally come for the U.S. to disengage militarily in Asia, Withdraw all forces to Hawaii. Let Japan be sovereign and free again. Let the two Koreas settle their differences without a huge American military in their land. Let China and Taiwan do same. Indeed, one day even t",not_harmful,harmful,0.897795
840,Exactly.,not_harmful,not_harmful,0.168473
841,"So Kaep decided that he needed to protest on ""company time and on the company's dime"" but that's perfectly acceptable? Kiz, make sure and protest in the DP newsroom and live-cast the spectacle. Make sure and have the camera to include shots of your co-workers.  

Kaep made $11.9M last year in guaranteed NFL salary. He had a 7-yr/$126M NFL contract. He was adopted and raised to adulthood by a Caucasian couple who provided him with a loving and nurturing environment. The couple ensured Kaep became",not_harmful,harmful,0.858038
842,"""NAS on the Island may be in for tough times if a local truce ""

Truce?   Navy is flying at levels 50% of the 80s.  They have avigation rights to fly.  Base supports 88% of the county economy.

The fringe needs to take the ""close the base"" scheme back to their Big City roots - Seattle, SOCAL.  We support the Navy here.",not_harmful,not_harmful,0.410816
843,"Used to always watch them at Sparkey's after work before they hit it big, those were good times.  So glad you beat the hell out of your addiction Kelly Boy!",not_harmful,harmful,0.950820
844,"Careful degra, some people may not recognize your post as sarcasm.",not_harmful,not_harmful,0.106999
845,"Thanks Steve for a great take on the subject, as always, right on with a good chuckle.  I am still waiting for the flying car that was promised on the back of my comic book.....",not_harmful,not_harmful,0.060815
846,"Be angry. 

Nobody cares. 

The pipeline will be built. 

You lost.",not_harmful,harmful,0.826827
847,"The protesters of the removal of the statue of Lee had a lawful permit, the ""counter"" protesters DID NOT and were there to cause the violence that the MSM used to further their propaganda...",not_harmful,not_harmful,0.443649
848,I'm not obliged to vote for anyone who supports providing more money for Rail.,not_harmful,not_harmful,0.046544
849,"When the Second Amendment was upheld in 2010 by the Supreme Court, the vote was 5-4. I wonder if the five were in the pay of the NRA.

I would be interested to hear what the four said.",not_harmful,not_harmful,0.037839
850,Liberals have always snubbed their noses at the US. I recall Chretien not attending Bush's address to the Capital after 911. Tony Blair was there but no Chretien. That was the only time I was embarrassed to be a Canadian in my life.,not_harmful,harmful,0.576297
851,"The Rep/Dem squabbles from Congress thru Legislatures is disgusting.  They sound like petty playground eight year olds, forever trying to ""get even"" with everyone else over past real or perceived insults. In the meantime real issues are ignored or slighted in favor of partisan pastimes. 
This is not the way to having an effective Republic, dealing with dangerous issues like world overpopulation, illegal aliens coming & staying, islamic extremism, welfare gone wild, nuclear threats, etc.
Grow up,",not_harmful,harmful,0.850287
852,Well.  I've actually been harassed while walking by such a protest and not even entering the clinic because every woman walking by and doing errands must be getting an abortion.  Eyes roll.,not_harmful,harmful,0.878226
853,"When the Trans Canada Toll Road Opens will we still see ""Adopt A Highway"" signs urging local volunteer organizations to come and pick up the litter?",not_harmful,not_harmful,0.469471
854,"The concentration of carbon dioxide in the atmosphere has increased by more than 25% since 1958, when scientists started taking readings at summit of Mauna Kea.  Most of the increase is the result of human activity.  https://scripps.ucsd.edu/programs/keelingcurve/wp-content/plugins/sio-bluemoon/graphs/mlo_full_record.png",not_harmful,not_harmful,0.231665
855,"""'Funny' how such comments ignore 6 years of an intransigent republican congress.""

You're kidding. Right?

That ""intransigent republican (sic) congress)"" not only gave Obama everything he wanted, and not only offered zero opposition, it announced AHEAD OF TIME it would offer no opposition. This ""intransigent republican (sic) congress"" of yours CREATED Donald Trump.

Susan Collins. John Boehner. Marco Rubio. Paul Ryan. Lindsey Graham. John McCain. Jeff Flake. The surrender Republicans-In-Name-On",not_harmful,not_harmful,0.277632
856,"One has to wonder how in the hell that countries like Sweden, Norway, New Zealand and so many others without near the resources of Alaska can make it on their own. While Alaskans sit wringing their hands the money is pouring out of the state that could pay for jobs. The money drain by businesses set up to frisk Alaska of eventually all of the profits from oil is tremendous. Think of it, how many people have saved anything from the years of work they did. Eventually almost everything you spent we",not_harmful,not_harmful,0.247077
857,"""People of the government""?

Wazzat?",not_harmful,harmful,0.905437
858,"Why should her ""opinion"" affect women's healthcare? Funny how conservative men are okay with anti-choice, but then rail against Muslim control over women. Same thing, bro.",not_harmful,harmful,0.902354
859,"Um no not a sedevacantist.  I still acknowledge the authority of the Latino Pope, in matters of faith and spirituality.  I believe that he is the Pope chosen by the Holy Spirit to lead us.  His Politics and his almost cult like following of the man made global warming scheme, and his utter lack of the understanding that Socialism practiced by a corrupt man is more damaging to the earth and the freedom of the soul is disturbing.  I understand his point as he was raised in one of the most corrupt ",not_harmful,not_harmful,0.254766
860,"Nenshi in Calgary had the right idea - ban bottled water dispensers from civic buildings. Should be extended to all public institutions, universities, schools etc.

Billions spent on municipal water treatment every year, then have to deal with the material waste and energy usage caused by bottled water - ridiculous.

Wherever Coke and Pepsi  bottle water, they simply use local municipal  water anyways, but I'm sure they run it through a cheese cloth filter first. wink wink.

If the hipster set w",not_harmful,harmful,0.864268
861,I know this is slightly off topic however has anyone heard the status of the independent inquiry into missing missing and murdered indigenous women?,not_harmful,not_harmful,0.151768
862,"Libs need a faceless boogie man to get them through their latest round of election trouncings.  Russia, The NRA, racism, sexism, etc. etc.  They need someone to blame for their failures, other than themselves.  Just like Hillary.",not_harmful,harmful,0.824934
863,"Gary: I think what 40-20 has been trying to point out is that kids hardly get a chance to think for themselves.  Between mainstream media and public schools, they get forced fed the liberal doctrine.  Conservatives have known about this problem for years.  That is why many home school or put their kids in private schools.",not_harmful,not_harmful,0.169437
864,"Well, I guess I have to cross community supported shelters off my charity list.  If they are willing to turn away the homeless based on their genitals rather than their needs, I for one, cannot support them.  St. Vincent's does not turn away non-catholics do they?",harmful,not_harmful,0.458549
865,"Alcorn, 2014.
Emilie Worth, 2017
Maisie Knowles, 2016
Kyler Prescott, 2015
Cameron Langwell, 2014
Taylor Alesana, 2015
Blake Brockington, 2015

So this is your example of the spike in suicides brought on by Trump's election.

Of your example list of teens pushed to the brink by Trump, two happened after Trump was elected. The rest were all before, in some cases more then 2 years before. Try again.",not_harmful,not_harmful,0.154710
866,It might be time for Alberta to divert its fuel and oil from Kinder Morgan for a few weeks to help with the recovery of the USA disasters.  BCNDP obviously don't think they are part of Canada nor that they benefit from Federal tax revenues.,not_harmful,harmful,0.628613
867,"Every attack including 9/11 has been preceded by an attack on Muslims. The nut jobs are our politicians who insist on sending troops into Muslim territory killing Muslims, and we, the public who stand by and say nothing..",harmful,harmful,0.631703
868,"Guillain-Barre probably results from metabolic problems absorbing nutrients in this day and age of highly processed and nutritionally ""dead"" food.   The problems occur because genetic anomalies are triggered that ultimately cause various immune dysfunctions, including problems with the myelin sheath protecting nerves.

Vaccination issues probably relate to something other than the actual vaccine.   It could be preservatives in multi-dose vials (thimerosal, which is derived from mercury) and it c",not_harmful,not_harmful,0.088897
869,Paranoia,not_harmful,harmful,0.575735
870,"Why, don't you realize it's commie shorthand for ""Albino Albanian Alien""?  He's disrespecting your lack of pigmentation, your ancestry and your citizenship status all in four little letters!  You gonna take that from him?  You gonna take that?  You gonna, huh?",not_harmful,harmful,0.524620
871,"When the session starts it can just head out to sea.  When they pass a budget, it can turn around.",not_harmful,not_harmful,0.401963
872,"Turn the PFD into a non-refundable tax credit so it will help those Alaskans contributing to the economy while not enabling those whose lifestyles are unsustainable without government welfare. It would have the same eligibility requirements as the PFD. If the money used to form the PFD were to continue being managed in the same way, the amount could potentially end up being more than the 1-2k per head we've been seeing for the PFD since not as many would owe enough in taxes to make full use of i",not_harmful,not_harmful,0.476291
873,"You see absolutely nothing and comprehend very little. You are devoid of common sense or logic. You suffer from a narcissism and self-importance only bested by people like Donald Trump. I am not an attorney, I don't work for an ""extraction industry"", and not a ""dancer"". You and people like you are the reason the Register Guard and other online forums have to monitor posts. You coarsen any important debate with utter nonsense worthy of contempt and derision. You are a minor footnote even in the h",not_harmful,harmful,0.853881
874,There is a Volt (which I own one) and a Bolt.   Both are great choices.  Though for the next five years I think the Volt is more practical.,not_harmful,not_harmful,0.054691
875,"I wonder if they have my stolen '73 Fender Jazz bass, mocha, black pickguard, maple fingerboard with white inlays.",not_harmful,not_harmful,0.218298
876,"If there is a majority of Republican senators and House members who wish to avoid a full-blown constitutional crisis worse than anything we have seen since the secession of the Confederate states, they must speak loudly and act clearly right now.
They must immediately pass the bill introduced by Democratic Senator Chris Coons of Delaware and Republican Senator Tillis of North Carolina that would shore up the independence of the special prosecutor, and they must pass it with veto-proof majorities",not_harmful,not_harmful,0.178181
877,"So, when the Washington Post publishes a story to your liking, it is legit.....but when it doesn't, it is part of fake news by the liberal media?

BTW--Manafort rejected the idea of Trump himself meeting with Putin as too high profile.  We already know there's been at least one meeting between some of Trump's people and Russians under the idea of getting dirt on HRC.  Plus, Trump concocted the lie surrounding THAT meeting.  This article doesn't dismiss the notion that other meetings may have occ",not_harmful,not_harmful,0.070858
878,"Incorrect. It is a Hawaiian Narrative.

Mahalo to Mr. Apo for that.",not_harmful,not_harmful,0.082391
879,U honestly make no sense and Brain damage play football for a year u will get more brain damage from that....why do people comment when they have no clue,not_harmful,not_harmful,0.414182
880,"Trump is president. If he says to someone who reports to him that he hopes the Flynn investigation goes away, ""hope"" is being used in the same sense as a nefarious character telling a business owner that he hopes the owner's building doesn't catch fire.",not_harmful,harmful,0.543159
881,"You - and David From & Peter Mansbridge - all need to watch THIS:

https://www.youtube.com/watch?v=uHEK4fqJnKE

I'm not so much ""concerned about the future of the world"", as I am about THIS country - right now...",not_harmful,not_harmful,0.080219
882,"Although there are some disadvantages, a per-vote subsidy seems to be the fairest and least controversial way to go.",not_harmful,not_harmful,0.023235
883,Still looking for that meh button.,not_harmful,harmful,0.687522
884,"You are implying it was merely a one night stand that she is now using to destroy him. For someone that feels so strongly that Rebecca should  stick to facts, this smacks of double standards. In fact you sound ever so anxious that some of your own shenanigans might come to light.",not_harmful,harmful,0.864759
885,"why are contracts still being offered. here's the job, do it and you get paid. dont do it and you go. if a person needs a guarantee, they have already told us their priority.",not_harmful,not_harmful,0.146102
886,"So Indonesia, most other predominately Muslim countries and the word ""Muslim"" aren't on the ban list, right?",not_harmful,not_harmful,0.119309
887,"I do not know if he is the ""Lair in Chief"" or the ""Leaker in Chief"" but I do know that Agent Comey is not a liar, nor a leaker while the head of the FBI.",not_harmful,not_harmful,0.042586
888,"Gov. Ben told us what to expect. So all you fools that voted for Coldwell, You Got What You Voted For !
Rail will be Built on Time and on Budget !",harmful,not_harmful,0.320594
889,great,not_harmful,not_harmful,0.179801
890,"The snowflake ""Resistance"" is losing in each attempt to take POTUS Trump down.  -  Teflow Don is grinding down the #TheResistance.  https://townhall.com/columnists/kurtschlichter/2017/03/16/the-teflon-don-grinds-down-theresistance-n2299294",not_harmful,not_harmful,0.442897
891,"why does the study take so LONG, make it SHORTER",not_harmful,not_harmful,0.271468
892,Arcade Fire hasn't released a good album since Neon Bible. Maybe it's time to call it quits.,not_harmful,harmful,0.717762
893,"Yup.  He's definitely a part of it, no doubt.

Whaddya think's gonna happen when the finger starts pointing back at the investigation committee?  You watch it die out....

http://www.reactiongifs.com/r/1gjdAX7.gif",not_harmful,not_harmful,0.347336
894,"But there is unrest brewing in the empires. The people are seeing democracy and how it alters things, in Europe and Canada and such. They are getting upset with the inequality of the absolute monarchies that rule their empires - and there is grumbling on the streets.
These highly educated emperial monarchies realize that they are facing an untenable situation. They'd seen what happened to the once mighty Tsar's for example - and they do the smart thing. The empires begin to transform into consti",not_harmful,harmful,0.827229
895,"plenty of Mexican and Central American gang violence right in his own district, much committed even by illegal aliens, but he says nothing about that. He wants their votes. This is just for political mileage grandstanding, not about getting anything done.",not_harmful,harmful,0.783237
896,"Reality?!
HAHAHAHAHAHAHAHAHAHA!
Nutsy Freeland and reality in the same sentence?
HAHAHAHAHAHAHAHA!",not_harmful,harmful,0.851050
897,That's a lot of gibberish.,not_harmful,harmful,0.728647
898,Suckers,not_harmful,harmful,0.710122
899,Having seen your photograph I doubt you'd float very long...,not_harmful,not_harmful,0.477809
900,"If this was remotely true then the cost of college would be going down-not steadily increasing every year-not to mention this school
Is also subsidized by state funds.",not_harmful,not_harmful,0.211639
901,Oopps. You are wrong again!!!,not_harmful,harmful,0.704909
902,"For some ignorance is bliss.  Sir, I have no desire to alter your behavior, or to compel you to learn anything.  Feel free to access the free resource and enjoy the product put out for that price point.  Or, those seeking a deeper, more enlightening, experience will dig deep in their pockets and find 20 Washingtons.",not_harmful,harmful,0.868824
903,"That's right folks, cause ain't nobody better at spending money that Kathleen and her mentor, Doltan McFailure.  Only trouble is, we get nothing in return expect phantom gas plants, higher and higher hydro bills and  elementary school teachers being paid more than most Engineers or Accountants.",not_harmful,harmful,0.879791
904,"If the kid is in Family Court then he gets a lawyer just like the child(ren) and his wife (?) does. I doubt that he is getting screwed, you need to find out the Rest of the Srory.",harmful,harmful,0.896882
905,"Stupid people voting with their pocket books, I mean, what were they thinking?",harmful,harmful,0.777358
906,It isn't.  But Mexican is.  Go figure.,not_harmful,harmful,0.562536
907,"Facts are facts. I don't write the books...I just read them.
The Little Guy",not_harmful,not_harmful,0.159259
908,"Pope Francis the Merciful Trumps JPII ""the great"".",not_harmful,not_harmful,0.172825
909,Only if you think taxation and the economy are zero-sum games. They aren't.,not_harmful,not_harmful,0.198627
910,"Jackie:  To make it easier for you I got the case #....it's 14-04131.  Read it, it will help clarify some of the issues involved.  thanks, Gary crum",not_harmful,not_harmful,0.043603
911,"``Former US Republican President George Bush Sr has confirmed he voted for Democrat Hillary Clinton in the 2016 presidential election, he's in the news now because he called Donald Trump a ""blowhard"".
George W Bush said that Mr Trump ""doesn't know what it means to be president.
The pair's comments are from a new book: The Last Republicans",not_harmful,not_harmful,0.327138
912,If only there was some sort of place you could go and look up such things. Some sort of website where you could type in questions and then look at the answers. Or you can continue to get your information from Donald and memes.,not_harmful,harmful,0.694898
913,I really get a kick out of it when different parts of the lugenpresse complain about each other.  They are so scummy and deceitful it's like drinking fine wine when they finally get aimed at the right target.,harmful,harmful,0.749852
914,"And therefore, a woman who has an abortion is outed and shamed in a way that any other garden variety sinner isn't.  Why would a woman who might feel upset about the situation and wish to confess approach the Confessional again if she is treated differently than any other sinner?  The situation that we are discussing is a very personal and intimate one that might make women feel embarassed to begin with.",not_harmful,harmful,0.619418
915,"My ""accusations"" are neither sully nor untrue. You would like to say that they are, bit that is just more of your dishonesty. 

Saying that you are dishonest is no more a ""personal attack"" than saying Pope Francis is a Catholic. Both are equally true.

Keep your ""Happy Thanksgiving"". We both know you are being insincere when you say it.",not_harmful,harmful,0.545837
916,"There you have it. Another individual so high and mighty that they may level pejoratives at fellow commentators, e.g. nincompoop. Should I respond in kind sir? Didn't her majesty Hillary say ""When they go low, we go high?"" It seems you've made somewhat of a modification: ""When they don't go low, we will."" And so it does seem evident that there are 2 standards by which civility is judged upon these comments boards. A pity.",not_harmful,harmful,0.708729
917,How do we know Jared Kushner spoke with the Russians?,not_harmful,not_harmful,0.246127
918,The simplest and quickest way to immediately ensure compliance with all future conflict of interest policies is to simply withhold all research funding to the university for 6 months. Once the researchers and faculty realize that the taxpayer isn't going to stand for these shenanigans then they will smarten up pronto.,not_harmful,not_harmful,0.487071
919,Sometimes you make a bad investment. That is just life.,not_harmful,not_harmful,0.153981
920,You mean political death right?,not_harmful,not_harmful,0.433076
921,"Seward has many successful business people, the vast majority of which are well respected by the community (Tougas, Slaters, etc). The local 'mob' has nothing to do with Elliott's ""success"", only with the specific actions and attitudes that they have embraced. You seem to be ignoring all the facts presented in the comments by actual locals who know him, in lieu of the principle that ""the rich can do no wrong.""",not_harmful,not_harmful,0.340983
922,"Up to December spending is up 8.8%,but revenue down .9% according to Fiscal Monitor,where,s all the money going ?",not_harmful,not_harmful,0.316655
923,Wrong. Nice try,not_harmful,not_harmful,0.049370
924,"""She's so overrated. Just a spoiled girl that parents bought her way into showbiz.""  Snarky, irrelevant comment. No business of yours. Pure gossip. This is what we have become in this country, trial by public 'opinion' with no facts. Let the courts settle it and get a life.",not_harmful,harmful,0.963669
925,"Trump bragged repeatedly that he would be self funding his campaign.  It wasn't Goldberg's idea, nor did Hillary, or anyone else, ever assert the same",not_harmful,not_harmful,0.134037
926,Trump Boasts of 'Economic Development Bill' No One Has Ever Heard Of.,not_harmful,not_harmful,0.492395
927,"Gardner is toast, no matter which vote, and he will vote to SUPPORT TRUMP",not_harmful,harmful,0.736236
928,Perhaps the answer is to rename the Willamette River to be De Nile River!,not_harmful,harmful,0.612779
929,"Walmart does not just sell groceries.  They sell other items which could average out the cost or bring in more foot traffic.

Metro sells mostly groceries and if that line of business takes a hit, their profit takes a major hit as well.

Again, the rules benefit the bigger players and knocks out the medium ones who only have one line of business.",not_harmful,harmful,0.670356
930,"Shipping?  This is office space, not a fulfillment center.",not_harmful,not_harmful,0.090296
931,Paid up on your past NATO dues yet? No?.. Then maybe you better keep the lectures to yourself.,not_harmful,harmful,0.893978
932,"Yes, these studies do reflect the situation and allow for decision making from an informed perspective and avoid costs associated with solutions based on perceptions rather than information. Often the return is far greater than the expense, especially on projects that are large and multi-faceted.",not_harmful,not_harmful,0.050462
933,"Roy Kamisato, Can you cite one example of education, clean water, highway and road repair, or the court system going over their annual budget and had to be bailed out?  Rail is now at about double its budget and has had to be bailed out multiple times.  Murthy said that 10 more years of bailing out isn't enough.  More bail outs to come in the future.",not_harmful,harmful,0.577545
934,"""Our transportation infrastructure is among the most inadequate in North America.""

Talk about living a privileged lifestyle: the author should try living in Edmonton for a few months.",not_harmful,harmful,0.830812
935,"Too many times in my life I've waited 30-60 minutes to be seated at an Olive Garden or similar restaurant. No meal is worth that kind of wait, especially for those families with whining hungry children. And with a lower unemployment rate, service at restaurants and many other businesses has gone downhill.",not_harmful,harmful,0.552457
936,infowars is not something I'd cite when trying to make a rational argument.,not_harmful,not_harmful,0.028924
937,"Good job, nice shootin`...",not_harmful,not_harmful,0.076280
938,Yup,not_harmful,not_harmful,0.288001
939,"Rep, Spohnholz, I think probably 600 thousand Alaskans would agree, accept those that still hold onto the tired notion that the GOP is the fiscally responsible party. We need more like you and less like say Sen Meyer who had the audacity and I quote to say ""we cannot kick the can down the road"". I wish you were Senate President....",not_harmful,not_harmful,0.231696
940,"And yet another BS Corey Perry goal in the playoffs.  Just like when Justin Williams was ""scoring"" for the Kings by having pucks deflect off his legs and back, there is no reason for it.",not_harmful,harmful,0.762370
941,"Because you have a realistic understanding of this legislation's effects on your business as well as on others, I'd like to ask you a couple of questions. First, as another poster has suggested, at what wage level would this cost not be easy to absorb for business owners, their hypothetical ""squeal point,"" and why not aim for just below that for better, quicker results? And second, how does raising the minimum wage benefit your software business by reclassifying the working poor as middle class?",not_harmful,not_harmful,0.061685
942,"""The purpose of exams and assignments is not merely to test knowledge, comprehension, and analytical ability but to do so under conditions that require poise, organization, forward planning, and grace under pressure."" He says it's [some pandering] like letting someone with a limp start at the 20-metre mark in a 100-metre race. The results are meaningless.""  
 
Mind is a terrible thing to waste - learning should be enjoyable infused with healthy level of stress factor.",not_harmful,not_harmful,0.151616
943,"No sir-drones will likely change that -but one truck loaded (although heavier) is less gas and wear and tear, and less C02 emissions  then 100 cars, each with a package each, eh?!!!

But tooth fairy? You lost my respect for your opinion with that obtw.",not_harmful,harmful,0.790448
944,@LesteP:  Do you even know what you're talking about?  Lassner came here to do his PhD and he never left after that and helped build UH's IT Network from the ground up.  The reason why UH's computer network is nothing like the antiquated systems that the rest of the state still uses is because of his vision and leadership as the head of UH's IT Department before he was chosen to his current position.  My point is he did not come here as a big shot.  He basically fell in love with the place and d,not_harmful,not_harmful,0.046046
945,"DuckSince89------“I knew one of you simpletons would.”
ME—Of course you are the “simpleton” who bought Al Gore’s climate scam hook line & sinker

DuckSince89------“your lag model of CO2, that's from one study that cited CO2 lagged behind warming 420,000 years ago.
ME— Complete crap - CO2 LAGS temperature in the vast majority of studies. You have to quit getting you science from the Sierra Klub weekly reader.",not_harmful,harmful,0.901089
946,"At minimum the other three should have been fingerprinted and on file but I know the ACLU would protest and is one of the reasons the problem is so rampid here.Why is it that these people can't get it through their head that something like this will ruin their lives. Are the TV and crime shows so real to these punks that it's becoming the norm. Maybe the rock pile needs to be instituted as whatever we have isn't working. The nice guy, tell me your troubles should come after the rock pile",not_harmful,harmful,0.898652
947,"I'm a Torontonian who was in the city of Vienna for the first time last year and I absolutely fell in love with the city not just because of the outstanding neoclassical architecture and culture that city has inherited, but because I could see the local government put in lots of effort to give Vienna the reputation of being the world's most livable city it has. Even though both Toronto and Vancouver are consistently high on those rankings along with Vienna, we still have A LOT to learn from them",not_harmful,not_harmful,0.152776
948,Don's pretty old...,not_harmful,not_harmful,0.279387
949,"What the hell does Chicago have to do with las Vegas.  And yes, we discuss them both, because Americans are dying in the streets, and Chicago is no worse or no better than Las Vegas.",not_harmful,harmful,0.881148
950,"Right on, Isabelle.

Ninety percent of the comments on this thread, Reversing Falls and Magnetic Hill prove beyond a shadow of a doubt that the Drive Through Province is nearly as backwards as I have always said that it was.",not_harmful,harmful,0.605753
951,Yet it is still legal to drive an old car without air bags. Does anyone think that the current building codes aren't an improvement? But does anyone think it's a good idea to mandate airbags for a '65 Fairlane? Or ban the now dangerous vehicle from public roads?,not_harmful,not_harmful,0.357800
952,not sure conservative is the right word.  More like pro-fascist.  Not sure any of the movements you admire are fiscally conservative.,not_harmful,not_harmful,0.242525
953,"idea of voter auditor + voter auditor staff is beyond my already challenged skill set. other than to make foolish, cute comments, my expectation is when we elect public figures to handle our money they do so prudently and always mindful of their fiduciary duty.  of course many of you will point to millions lost and spent just trying to get  an approved plan for a city hall.  lane county is growing, and has outgrown me.  maybe cute fatuous remarks are all that's left.",not_harmful,harmful,0.590165
954,"""I had relatives killed by fellow Christians in Ireland during 'the Troubles""""

Liar.",harmful,harmful,0.799281
955,"For those interested, the actual opinion can be found at:
http://cdn.ca9.uscourts.gov/datastore/opinions/2017/10/02/13-36165.pdf",not_harmful,not_harmful,0.215797
956,can this kid just once focus on canada and our problems!,not_harmful,harmful,0.745468
957,What do you do with an elephant with three balls?,not_harmful,harmful,0.731943
958,This is the price we pay for having an intellectual and moral cretin in the White House.,harmful,harmful,0.737916
959,"Zero Based Budgeting as opposed to what Governments do now.  

""Zero-based budgeting is an approach to planning and decision-making that reverses the working process of traditional budgeting. In traditional incremental budgeting, departmental managers justify only variances versus past years based on the assumption that the ""baseline"" is automatically approved.""

""However, in zero-based budgeting, everything that is to be budgeted needs to be approved. Since zero-based budgeting requires an appr",not_harmful,not_harmful,0.471339
960,"Wargames are pretty brutal in their assessment of weapons effectiveness. It's pretty typical to assume that if you let an opponent get a shot off, they stand a very high chance of getting hits, and with high damage output per hit. Wargames are not usually intended to be easy on the blue force. Real history is much more complex, and much smaller carriers than we have today absorbed huge amounts of damage in WWII.

In the exercise, a 40 year old missile design was assumed, just based on being laun",not_harmful,not_harmful,0.085875
961,"Ms Spohnholz, I have emailed those very points to members of our delegation, not once but many times. I'm sure other citizens have tried to get their voices heard on the subject as well. So why aren't they listening to their constituents? Truly I don't get it when even the city of Anchorage tells the legislature they no longer want the Bragaw Extension and the legislature funds it anyway.",not_harmful,not_harmful,0.179995
962,"AllenTravels: ""Why do so many people believe that many decisions made by Trudeau are NOT in the best interests of Canadians,:

Well, I'd start with the fact that he's already committed to spending billions of dollars outside of Canada, to the benefit of a bunch of dictators and the UN. 
Then there is the whole Syrian refugee mess.
And of course, the carbon tax...
It just goes on.",not_harmful,not_harmful,0.484549
963,"What it does show is that potheads will do any type of drug, their addictive personalities keep them always reaching for a better high. Pot didn't do the job? Let me throw some cocaine in there..that didn't get me there? Let's add some heroin..there, that's better, now let's go for a drive to go buy some more drugs.",not_harmful,harmful,0.552871
964,"Star-Advertiser article said the the Kona coffee farmer who got deported had traffic violations for DUI and driving without a license but didn't mention driving without insurance.  So I assume the article either left it out, or he wasn't charged with driving without insurance, or he did have car insurance but was driving without a license.",not_harmful,not_harmful,0.092746
965,Divide and conquer; take it or leave it deal by the little dictator Justine. We expected better.,not_harmful,harmful,0.890031
966,"""Contact between a private citizen with a foreign government is different than contact between a government official and a foreign government.""

Oh really?

Cite the legal basis for that brain fart.

As for proof, we have Donald Jr. admitting that he met with  Russians who explicitly promised information that “would incriminate Hillary and her dealings with Russia and would be very useful to your father.”

Trump Jr.’s response? “If it’s what you say I love it especially later in the summer.”

An",harmful,harmful,0.942384
967,"I worked in the Federal Govt for over 30 years.
Had I accepted an un reported gift from the private sector or taken my family for a ride in a Govt vehicle , I would have been immediately suspended and subject to further  displiniplinary review, including dismissal.

I see no difference here.

Further, why was the President of the LPC permitted free travel on a Govt Airline and why were the spouses of these politicians given a free ride and a free vacation, along with the PM at a private resort o",not_harmful,not_harmful,0.275996
968,"Ah, another one who sees St Peter celebrating the Mass in alb, chasuble, miter and so on, where things such as the biblical canon were established within a generation of the crucifixion, where the Christological disputes of the early Church were easily settled, and scholarship has not changed since then.",not_harmful,harmful,0.526258
969,"While I'm sympathetic no one ever gave you a cookie and a pat on the head for being a law abiding citizen, your sense of victimhood for having to slog through obeying the rules really have zero to do with the job DOC has to do, which has rather more complexity than simply serving as executors of your vindictive fantasies.",not_harmful,not_harmful,0.408288
970,"@ keaukaha 
And yet, he, POTUS Trump, is the POTUS!
Get over your hate and you may begin to enjoy life.
#MAGA #PMPK",not_harmful,harmful,0.505477
971,Good thing it's less than 1/3 of the men who actually completed this ~1000 person study...,not_harmful,not_harmful,0.200120
972,"And what line on a balance sheet, do I put this asset?

Since I don't produce any yard waste, I guess you could come by and pick it up for me...what day will you be by?",not_harmful,not_harmful,0.104533
973,"My first thought was good riddance and I hope of all hopes the other 9 will see the same light and follow the example of the Business Councils, Art Committee, Merck CEO Ken Frazier, Under Armour CEO Kevin Plank, Intel CEO Brian Krzanich, Scott Paul, president of Alliance for American Manufacturing, Richard Trumka, president of the labor group AFL-CIO, Thea Lee, economist at the AFL-CIO, CEO Inge Thulin, Blackstone CEO Steve Schwarzman, United Technologies CEO Greg Hayes, Alex Gorsky, CEO of John",not_harmful,not_harmful,0.363272
974,"Way cool to see how people are jumping in to help out.  Particularly cool is how the experience some of these people have actually exceeds the emergency responders.  I read a post on here a couple days back where someone was poking at the conservatives about how the government was valuable in this situation and private industry wasn't.  Turns out everybody's pitching in, inclusive of private industry, and this sounds like a mutual effort for recovery far beyond anything I've witnessed here in my",not_harmful,not_harmful,0.041321
975,"Judging other peoples comments from a headline and a comment is absolutely assinine. To many, if you don't like the comment, it is not appropriate.",not_harmful,not_harmful,0.123035
976,"LH:  Yep, just like you.  That's what ihave been trying to tell you.  Glad you finally get it.  We all have the same facts.  Opinions differ but facts don't.",not_harmful,not_harmful,0.012713
977,"The USA has a trade deficit that  runs into the hundreds of billions of dollars each year. It has a significant trade deficit with every trading country it deals with , including Canada. It is neither a left wing or a right wing issue for them to try come to grips with this. It is a problem if every single deal they have made, so far leaves, them on the deficit side. This negatively impacts their employment levels and many other related things. To take this on a micro level i.e. if Every deal I ",not_harmful,not_harmful,0.064892
978,"For years ISIS has been trying unsuccessfully to goad the West into a religious war in Arab lands in the hope Muslims would rally to their cause. But the US and Europe didn't take the bait, so ISIS killed hundreds of thousands of Muslims who opposed them instead.
Fortunately for ISIS, in a few short weeks they will have a man in the White House who has promised to give them exactly what they so desire.",not_harmful,harmful,0.711816
979,"""Please note I never said to make existing guns illegal.""

But yet you used the Aussies as an example, and making existing guns illegal is exactly what they did.  They made several types of guns illegal to own, and participation in their ""buyback"" program was mandatory - in other words, confiscation.",not_harmful,harmful,0.752283
980,"I didn't read the link Paul, but I am sure you are right. I have no idea what they are teaching in philosophy in today's universities; nor do I care. I'm sure they offer a class in the Philosophy of Lady Gaga somewhere. I do know what philosophy is, however. 

Are you complimenting me for being an insult to the greatest insult comic of all time?",not_harmful,harmful,0.869919
981,"Trust me, no Ukrainian in Canada would ever welcome the ""elder brother"" (LOL) as a protector. In fact no one in Ukraine welcome the Russian invasion of eastern Ukraine that began in 2014 or the illegal Russian occupation of Ukraine's Crimea. There are many Russian-speaking Ukrainians right now who are fighting, and dying, on the eastern front in defence of Ukraine against these Russian aggressors.",not_harmful,not_harmful,0.330894
982,I thought he might have choked on his dinner.,not_harmful,harmful,0.669084
983,"As I recall, the first shipment from Sabine Pass was last year so yes, USA is indeed an LNG exporter. 

What I meant to say is that American companies have grand plans for all that shale gas and envision large-scale exports of LNG, on a scale that might intrude on Qatari markets.

As for Canadians gazing at our navels, prices for gas (including LNG) remain depressed, our conventional gas reserves are in terminal decline, and we may find that all that BC gas will be needed by our grandkids. Natur",not_harmful,not_harmful,0.215227
984,"""It's not what they are reporting (unless it;s in your mind) it's that they have no money to perform proper journalism.""

Postmedia was only founded in 2010.  They cooked a 1.1 BILLION dollar deal with a US hedge fund that year to even make the acquisition of the old Canwest properties possible, and then in 2014 bought Sun Media for another 315M.  They went from nothing to an effective print monopoly from coast to coast in only four years.  You can't expand that quickly in an industry struggling",not_harmful,harmful,0.935161
985,"Does Trudeau actually believe that he can influence Saudi Arabia?

Sorry, Justin. Not going to happen.",not_harmful,harmful,0.735835
986,The national railway that put this country together was also tough.  But that is what made Canada great.  Too bad that this generation of politicians are so weak in the knee and spineless as to let a chance to build the nation like this slip away.  Wsed are indeed getting the gubbermint that we deserve.,not_harmful,harmful,0.953632
987,Priebus has been ineffective as chief of staff on several levels and given the legislative loss on health care repeal his resignation is no surprise.,not_harmful,harmful,0.535011
988,https://articles.mercola.com/sites/articles/archive/2015/10/20/fluoridation-company-fined-2-billion.aspx,not_harmful,not_harmful,0.263449
989,"Not sure what leftist blog you got that 40,000 number from, but it's actually less than half that.

Take failed Dem strongholds like Chicago and Detroit out of the mix, and the numbers go down substantially.

Further proof that the war on guns does not work.",not_harmful,not_harmful,0.439516
990,You sound exactly like some liberal snowflake whining that racists insults should be illegal.  Put both your kind in a barrel and push it off a bridge.,not_harmful,harmful,0.963818
991,What right?  Which well regulated militia do you belong to?,not_harmful,not_harmful,0.089065
992,"Putin/Russia is a situation where the elite did not install the politician, but are in fact the creation of the politician

So some oligarch complains to Putin  that he has trouble visiting his estate in Spain and his holdings are now worth $4 billion instead of $6 billion because of sanctions....

I can see Putin saying to him 'Yuri, 15 years ago you were a mid-level functionary at an agriculture implements factory in Magnitogorsk, living in a two room apartment in a Brezhnev era building. If y",not_harmful,not_harmful,0.120516
993,"His good friends the Guptas will point out, correctly, that he and they can harvest much more than that from the carcass of South Africa if he stays on as President. Plus he can always try and do away with term limits using the support he already has.

This idea is lovely but doomed.",not_harmful,harmful,0.867501
994,Don't tell me what to do - and stop lobbying.,not_harmful,not_harmful,0.312070
995,"Four years, assuming he lasts the weekend.  These are actually the gifts of libertarianism, the right to be left alone by your fellow citizens in such matters.  The technical term is social libertarianism.  Liberalism is about economics.  Liberal economics is how you STOP abortion. Conservative economics causes it.",not_harmful,harmful,0.725025
996,The feds want at least 1.8 billion as contingency to construct rail.,not_harmful,not_harmful,0.335290
997,"This could have potentially turned out a lot worse.  Seniors are much more vulnerable to injury, when they are assaulted.   Just being knocked down the ground or floor, can often cause major injury.  

What one has to realize is that there are people in this world who are totally immoral.   They are little better than savage animals, and don't give a damn about what may happen to you.   All they care about is getting money for their drug addiction.",not_harmful,harmful,0.890987
998,"That day isn't that far off in Canada, you're just not paying attention.  The majority is very much in control to the point where some people have to resort to the UN for help getting their human rights recognized by the majority. It's very common to see the majority blame  victims for their plight, whatever the case might be. 

Evidently Christian fundamentalism is not 'acceptable'. And religion here will undoubtedly be mocked by most of the posters, particularly Christianity. No one ever defen",not_harmful,harmful,0.853109
999,What does your rant have anything to do with red Alaskan's unwillingness to contribute a dime of their own money to live in this state they so adore?  What does your rant have anything to do with red Legislator's unwillingness to do anything to address the budget during the normal session?,not_harmful,not_harmful,0.207731
1000,"Right on! Bring any donations to the Comfort INN @ Ship Creek, we are the main distribution site for the donations. This way we are DIRECTLY giving the families the needed items, rather than a third party choosing for us whom to help.",not_harmful,not_harmful,0.148438
1001,"Democrat party told the moderate white male voters to shut up and just toe the party line.
Great plan in theory.
They were warned time and again that demanding total perfection would get you someone like Trump.
No sign that the Democrats have learnt any lessons as they are still blaming everyone but themselves.",not_harmful,harmful,0.851420
1002,Thank goodness that sort of thing does not go on in Canadian Universities .,not_harmful,not_harmful,0.313223
1003,"That is your response?  I normally respect what you have to say, but come on, how can a  practicing Catholic profess the elimination of the Sacrifice of the Mass?   What would be left of the Catholic Faith without the Mass and the sacraments?  A social services NGO?  Have you started drinking early for the holiday?",not_harmful,not_harmful,0.297891
1004,Not the best headline. I thought LA was actually on fire at first. I had visions of blocks and blocks of the city going up in smoke.,not_harmful,harmful,0.513001
1005,"You might want to consider actually reading web sites before you link to them, because this one actually disproves your point.  As the site's name suggests, every NFL team cheats, and the Patriots are ""below average"" when it comes to cheating.  Last year's champions rank at the top of the list.",not_harmful,harmful,0.589763
1006,"A long list of caveats before anyone reaches $9950, the airlines aren't stupid.   But we customers actually are quite stupid...if the article is right, and Delta would lose $12m IF they paid the maximum to every passenger they took off one of their flights, that is peanuts compared to the potential award the injured doctor may get from United...BUT...United is only paying this out ONCE.  United's bad press will be a thing of the past once they drop fares and give decent service for a few months.",not_harmful,not_harmful,0.353744
1007,"""The Umatilla County Board of Commissioners must first approve rezoning the proposed site from farm use to light industrial..""
What's it gonna be, watermelons or wifi?",not_harmful,harmful,0.596317
1008,"Interesting, now they are ""migrants"". On a positive note I have begun my search for living arrangements in a warm weather 3rd world country because I have no desire to remain in what will be a 3rd world country with undesireable weather. And unlike the pouting, attention seeking, hypocritical U.S. celebrities I am doing as I say. Thanks to the massive deception perpetrated by the left we are now in act two of the Robert Redford movie ""All is Lost"".",harmful,harmful,0.869871
1009,Bull shit there is no Race about it so let's not even go there to nsf it had to end up with someone dying over stupidity,harmful,harmful,0.896157
1010,Shoot / Don't Shoot lessons would also seem to be in order.,not_harmful,not_harmful,0.023462
1011,California then will have no problem when the Federal government cuts off funding for sanctuary cities and all other Federal aide for illegal aliens.  Let's see how well the Peoples Republic of California does without the federal money.,not_harmful,not_harmful,0.391997
1012,"we all know its just a proxy for liberal egos. oversized, overpriced and full of nothing.",not_harmful,harmful,0.806601
1013,"Superior Plus is a fine company but it is not a utility. Utilities have a direct physical connection to their customers by pipe such as gas, water and sewer, or by wire such as electricity or telephone. Superior does not have either pipe or wire connections to its customers. Because of their direct physical connections to customers, utilities have a natural monopoly protected by a municipal, provincial or federal franchise that Superior does not have.",not_harmful,not_harmful,0.115739
1014,"The pipeline is not on Indian land, or reservation land.",not_harmful,not_harmful,0.244356
1015,So you are firmly in the two wrongs make a right camp?,not_harmful,not_harmful,0.297161
1016,"Money not there. Take the scholie and get a degree. If you got the talent, MLB will find you.",not_harmful,not_harmful,0.365149
1017,"The subsidy offered by the provincial government is insane, as it will have an impact on prices that will negate the intent of the subsidy. But it will be welcome by the real estate industry, and will increase contribution to the  governing party. Christy Clark and her government have very little to offer in the way of sustainable development for the province and depend on the state of the housing market and the sale of our resources to balance the budget.",not_harmful,harmful,0.783695
1018,"Perhaps those ""forces which are out to undermine the President"" are his own ignorance, incompetence, misplaced arrogance and vindictiveness? Just a thought.",not_harmful,not_harmful,0.224354
1019,"The choke is on big time. Embrace the predictable failure. Bud Black couldn't get it done in San Diego, and he can't get it done here. This team has no character, and no heart. Nolan and Charlie are exceptions. But it's the same old same old. We have been through it before. DJ must be approaching some sort of single season record for hitting into DPs. And for not being able to go the other way. He is supposed to be a big time hitter, and the other team can basically abandon half of the field and",not_harmful,harmful,0.944486
1020,"Maybe the Judiciary on its own accord, and in the interest of justice and due process, could take the initiative to waive costs for records on appeal, transcripts, filing fees, etc., so poor people could have better access to justice.  It wouldn't require any implementing legislation.",not_harmful,not_harmful,0.027022
1021,"On the migrant issue, i do not mean to say that they should stay home. What I mean to say is that if you start solving some of the problems that polarize that small minority against America, then the hate and anger for most goes away and the problem becomes minimized meaning you need not worry about it nearly as much and can normalize immigration policy. Here again Obama failed miserably.",not_harmful,harmful,0.710894
1022,"I am a Puerto Rican and I am offended by this cuntttttt  saying this is a good news story.  B.... these are my people and as much Americans as you.  The ffffffing situation is beyond survivable.  Our military - the best in the world and can't turn things around in a day.  Come on.

And don't forget st Croix more us citizens also awaiting help.  Half of my family is in pr and the other half on st Croix .  Both are fighting to survive.",not_harmful,not_harmful,0.363616
1023,You realize the Ford story was a hoax right?  And the rest is pie in the sky speculation,not_harmful,harmful,0.637869
1024,"BINGO!!!!!!!!!!!!!!!!!!!!!!!!!!!!!!!!!

(big secret - the system only penalizes you ""one way"" - and as such, it forces you to go ""the other way"", if you catch my drift..)",not_harmful,not_harmful,0.103945
1025,"I am on the CPC solicitation list; I often get three requests for money a day (but at a minimum, can count on one a week). And they regularly are sent out under Ms. Ambrose's or another CPC member's name.",not_harmful,not_harmful,0.141175
1026,"I'm sure Dr. Downs will agree, one article by him or any other investigator does not constitute scientific proof.  Only when his experiments are repeated by others and similar results are obtained is there a basis for legislative action.   It certainly does merit further investigation as well as scrutinization of his data collection methodology.  This is not to besmirch his work...just to validate it. That is the scientific method.",not_harmful,not_harmful,0.025781
1027,Nice delusion.  Contraception access increased immensely.  That is the reason.,not_harmful,harmful,0.627607
1028,"It appears the U.S. government is doing its best to ensure that nobody anywhere in any corner of planet earth will ever trust American technology again (or U.S. aid for that matter). This process of distrust first really got going with the Edward Snowden revelations, which demonstrated that essentially all major U.S. tech firms are mere wards of the state with little to no privacy protections, and absolutely zero backbone.


The program is laid out in documents involving Creative Associates Inte",not_harmful,harmful,0.639486
1029,"The Globe seems to be stepping up their rants against the Liberals probably hoping to drown out the good news on the economy and on many other fronts as well, most of all the fact that most people are doing much better than they did or ever would under the Conservatives..and to pave the way for the inevitable endorsement for Scheer and his crew in time for the next election. 

The nub of the matter, all this finger pointing at Morneau for being rich is at least in part an attempt to paint this g",not_harmful,not_harmful,0.195966
1030,We have an engineer in the U.S. that know how to get rid of these fat blobs. His name is Mueller.,not_harmful,harmful,0.767764
1031,Liberal/Democrats have short memory span,not_harmful,harmful,0.613087
1032,"Good stuff, esp with hunting season on the wind.",not_harmful,not_harmful,0.122813
1033,"I mean if that state voted totally democrat did you expect them to be solvent? They are all headed for bankruptcy. Oh, and 50th out of 50.",not_harmful,harmful,0.917792
1034,"bro, they all dodged the draft, every one we know from that generation. if they didn't they wouldn't be here right now, most at least. very few lived this long to tell about it. now, ok trump shouldn't have said that originally about mccain, but what he was essentially saying is i am sick of hearing about how heroic mccain was. mccain was one of the keating 5, he's not squeaky clean. since trump became president and mccain has been so vindictive and jealous toward trump, trump has left him alone",not_harmful,not_harmful,0.154968
1035,"""Your expert analysis leaves out the nbr 1 reason the man was elected. His opponent was so disliked by Americans and ran such a poor campaign that he was considered less repulsive.""

first, wow! he was less repulsive?  BTW, if the other candidate was so disliked, how do you explain that some 3 million of the people who voted didnt vote for him.  Maybe he simply got lucky with the electoral college system, which btw seem to favour republicans.",not_harmful,harmful,0.568997
1036,"BS, you made the claim Trump or his campaign team were ""caught."" Why can't back up your claim by answering my questions?",not_harmful,not_harmful,0.048992
1037,"Everytime they try to shove their 'polls' up our... The first thing that comes to mind is.. ""there is no path to 270""",not_harmful,not_harmful,0.097375
1038,"Pray or Trump , there is evil attacking him from all directions.",not_harmful,harmful,0.609920
1039,"What a dishonest column.  The chairwoman of the state party fired this guy by phone as soon as she heard about it.  The party handled it right.

There are bad guys everywhere. The measure of character is what you do when you find them. The Democratic Party did the right thing.  A bigger question now is whether the Examiner has the moral competence to fire a columnist who lies in print.",not_harmful,not_harmful,0.313916
1040,"""Ohh Thank you , what a wonderful bottle of wine It is so lovely (Too bad it's too good for you have )""",not_harmful,not_harmful,0.395413
1041,"Student drop-out rates in themselves are nothing new.  In my university years (about 60 years ago) the success rate (first-year admissions to actual graduate numbers) in Engineering courses at Wits was below 40%.  
It seemed as if the university authorities at that time had found that matric passes were a poor predictor of graduation success, so they admitted almost everyone with a basic qualification who applied to first year, and applied a sink-or-swim approach during the four years leading to",not_harmful,harmful,0.538442
1042,"Really, that is your take on my comments? This is not rocket science.",not_harmful,not_harmful,0.025790
1043,The buyer was Don Jr.,not_harmful,not_harmful,0.129381
1044,"Typical RD comment.  He adds nothing to the discussion.  Instead, he attacks the article with no reason as to why.",not_harmful,not_harmful,0.350929
1045,HAHAHA!!! Running to the bank...#MAGA,not_harmful,harmful,0.728910
1046,So if someone runs a red light and kills someone they should be charged with murder .,not_harmful,harmful,0.635495
1047,"Hong Kong was not taken until Dec. 25, 1941, well after war had been declared. Hong Kong was British territory and Japan attacked Britain; they really couldn't ignore Canadian troops when those troops were actively fighting them, but Japan still did not attack Canada.",not_harmful,not_harmful,0.170548
1048,"There's 2 ways to look at these Nuggets: 
1. If Josh Kroenke and Brent Bearup truly believe in the talent on this roster, (which Tim has essentially built), then anything short of making the playoffs is 100% on the head coach. You MUST fire Malone if/when they fall 5 games or more below .500, (maybe sooner), and put your GM/Pres on notice for a really bad hire at HC. 
2. If Josh/Bearup think they are truly lacking in talent on the floor, (Tim's had 4 years), then you have to fire Tim and Arturas",not_harmful,harmful,0.764732
1049,"its amazing how the government has an opioid and national mental health crisis on their hands but they don't seem too concerned when MD's discuss wanting to consider leaving Canada  and  cutting back their work hours if these changes occur because they will not be able to keep their clinics open with increased taxation and overhead costs, that they pay out of their own pockets with.  Its suggested by the OMA that by year 2030 (just 13 years from now) you will see massive retirements by psychiatr",not_harmful,harmful,0.754210
1050,"Wait...politicians are ""self-serving"" but trump is not? LOLOLOL!!!!!!",not_harmful,not_harmful,0.118550
1051,Anchorage is a place I prefer to avoid. The bypass that should have been built 40 years ago still hasn't.,not_harmful,not_harmful,0.433429
1052,"It is called no such thing. From the article, it is legitimate.",not_harmful,not_harmful,0.034597
1053,"How did Governor Walker ""steal the election?""  You sound like a windbag.",not_harmful,harmful,0.960787
1054,"Everyone of you previous posters to this article are from immigrant stock.  I encourage you to look at the current existing ""extreme vetting"" currently in place for refugees and immigrants of the future.  I venture to say, not a one of you real Patriots could pass this vetting process.  Trump's wives could not pass these tests and hoops without money and power.  Most immigrants are without money or power, including your ancestors.  

https://obamawhitehouse.archives.gov/blog/2015/11/20/infograph",not_harmful,not_harmful,0.310687
1055,"Diversity and multiculturalism has ruined Europe, send them back.",not_harmful,harmful,0.653156
1056,"No, one does not need to be a bishop to be a Cardinal.",not_harmful,not_harmful,0.066263
1057,"All Men at the Tasting Panel? C'mon WW! This is Portland, after all. Martin, I blame you...for everything.",not_harmful,harmful,0.865001
1058,The CBC woudl be a real news agency if it had real conservatives on hosting real shows in prime time just like the communists get.,not_harmful,harmful,0.849861
1059,"As a physician I can come up with two ways to generate funds/save money-

1 if someone comes to the ER with a non life threatening problem (cold/mild headache etc)-they should pay for the visit---$250 for a non necessary visit would be a good start---

2 if a patient has reached the end of their natural life (especially terminal cancer which I see every single day)-and they and their families insist on using the ICU to be kept alive-then THEY pay for it--every IV, every bit of blood work, the co",not_harmful,not_harmful,0.326824
1060,"I got caned as a school boy and while it was horrible at the time, I'm a well adjusted adult today. It did force us to respect adults.",not_harmful,not_harmful,0.102154
1061,"""hadn't been out hunting it..."" he said!
but he was at a far enough distance away  that he couldn't identify it, so the first thing that entered his feeble mind was...
                          KILL IT!!!!
why was he carrying a rifle large enough to kill a buffalo? afraid of bear? they are asleep.
why did he shoot it from a distance that he couldn't tell what he was shooting at? why did he shoot at all? if he is so ignorant to do something like this, he probably would have taken a shot at a huma",harmful,harmful,0.813183
1062,Did your parents have any children that lived?,not_harmful,not_harmful,0.180030
1063,Funny how this legislative majority ignores the rules when it suits their agenda to do so but hides behind the rules when it furthers their agenda. Pretty much routine.,not_harmful,not_harmful,0.415270
1064,"Actually that ""fear mongering"" is the very purpose of the Commission.  The goal is to, somehow, establish justification for the GOP state legislatures' implementation of voter suppression statues and procedures.  It's not exactly breaking news that the greater the voter turn-out, the better the chances of Democratic or liberal independent candidates' victory.  The GOP tactic is simple: ""if you can't convince them to vote for your candidates, find ways to keep them from voting for the opposition""",not_harmful,harmful,0.703587
1065,"Well, we checked all the politically correct boxes here in this identity politics driven decision.  We are following Europe's lead.  And the backlash will come too.",not_harmful,harmful,0.541160
1066,"The real news here is that Trump is giving this POS a chance to be in the spotlight from time to time. Even though his time has well passed us by, any person with a pulse and an IQ above freezing will get attention by MSM if they say anything bad about Trump. Regardless of facts. Carl you need to fade away.",not_harmful,harmful,0.975459
1067,"The laundry list in no particular order of who contributed to Hillary's loss grows by the day. We have, so far at a minimum:

Russians
Comey
Bernie
Bill ( yes, Bill Clinton, google it )
Trump ( for bringing the deplorables out of the woodwork)
Jill Stein
White working class ( racists and misogynists all )
Blacks ( not enough turned out compared to Obama)
The major media( too much air time to Trump )
Democrats ( too many stayed home or voted third party )
The Electoral College
Unions ( Trump only",not_harmful,not_harmful,0.311403
1068,"""when I am attempting to harass the women going there"" is what you mean. Don't pretend that your intent is not harassment.",not_harmful,not_harmful,0.068232
1069,What?  Why is there a comments section here?  Are we supposed to place an order?  geez (I'll take a mocha one please),not_harmful,not_harmful,0.137956
1070,"They should have done all of this investigations and results of it as completely classified until after Trump is done as President.  Russia wins when people, perhaps legitimately, make comments like this.",not_harmful,not_harmful,0.441835
1071,They are all interconnected. Show me one credible source that suggests oil's days are numbered. I must confess I have difficulty reading your post what with the stilted us of language and spelling. Also while you are doing your research find an example of this blistering new technology that we can't imagine.,not_harmful,not_harmful,0.287561
1072,Everyone involved should be fired!,harmful,harmful,0.528756
1073,"Well Stewey, the Markdale Standard and the Flesherton Advance didn't and don't compete for CBC ad revenue --  nor did the Guelph Mercury.
And as far as the Ministry of Truth, that name is more aptly applied to Postmedia.
 Remember when CEO Paul Godfrey, a Conservative supporter, issued an edict demanding the corporation's 43 daily newspapers urge their readers to re-elect Stephen Harper?
At least CBC speaks to the interests of Canadians, Postmedia is owned by two big U.S. hedge funds that are in",not_harmful,harmful,0.817195
1074,"It absolutely is, but that's also not what happened here.",not_harmful,not_harmful,0.017500
1075,"How funny. 
Imagine that. A GOP trying hard to not take responsibility for their action. 
The sad thing is, that is pretty much the GOP in a nutshell.
The Republicans have been ran out so there is no ethics left in that group.",not_harmful,harmful,0.911299
1076,Colkoch.....the narcissism point is really useful! Thank you.,not_harmful,not_harmful,0.024180
1077,"Walking, cycling, DeBus and Zip Car would be more direct responses and more effective.  But of course it is so much easier to continue piloting the Land Galleon and fulminating on line...",not_harmful,harmful,0.611883
1078,"I can't imagine the feeling of not knowing if your kids going to walk out or not.

Folks need to get wise to what the kids do online. Kids are ingenious. They've developed their own language to the point of talking with only emojis. That's high level stuff. Develop a new language you need a decoder ring to decipher.

Online bullying has gotten worse. We are too divided. 

Stuff like this breaks my heart. Parents are helpless. School is the best place for kids day or night. I can't imagine waitin",not_harmful,not_harmful,0.208800
1079,"The era of the oil companies paying for everything we need has come to an end.  If we want services, we have to pay for them.",not_harmful,not_harmful,0.337483
1080,"Oh geez, settle down. I was only asking is all. Didn't mean to get you all triggered.",not_harmful,not_harmful,0.026510
1081,"Ain't socialism great?
We only own the resources collectively - not individually. 
We can't pass the ""ownership"" to our heirs. Nor do we retain ownership if we leave the state. Nor can we sell our ""shares"". 
The author is right. We contribute nothing.",not_harmful,not_harmful,0.210671
1082,"How can this guy go wrong?    U of Nike students, Beer, Marijuana=HUGE PROFITS.  Its what the U of Nike is built upon...........",not_harmful,not_harmful,0.388642
1083,"Terns eat Krill
Krill uses extensive Chitin
Chitin Bio-Magnifies Radiation

Looking for radiation in the eggs is probably barking up the wrong tree.   Seeing if Terns are dying from radiation or starvation is the most likely 2 paths.

Scientific proof is here

http://nukeprofessional.blogspot.com/2016/07/is-fukushima-radiation-demise-of.html",not_harmful,harmful,0.596007
1084,"As regards John Doyle's article, ""TV AND THE TRUMP CHALLENGE."" 

I wanted to single out part of a sentence Doyle wrote: ""Network TV programs, aired within weeks or days of being written...""   Apparently that might be true for South Park, but generally a TV series takes weeks or months to write, followed by six to twelve weeks of pre-production, and then four to ten days of shooting, and then, at the least, a couple of weeks per episode for post-production.   

Doyle either made one whopper of a ",not_harmful,harmful,0.674396
1085,"Lazee attempts to give me a lesson on the impeachment process in the US Congress.

Thanks, Lazee, but I know the process.

You'll recall that the Speaker is Paul Ryan, never a fan of Trump, who had to be dragged into an endorsement.

And if you think that he will risk his position as Speaker to go soft on Trump or block an impeachment movement, when there is strong evidence of impeachable conduct by Trump, you are dreaming.

Meanwhile, in the background, you'll have some of the strongest voices ",not_harmful,harmful,0.906956
1086,"Remember when President Trump was first elected there were several elite designers who said they would never ""dress"" Mrs. Trump, not design for her or fabricate dresses for her. No one got upset over that. If an individual went into a Jewish deli or a Muslim food place and demand that the restaurant serve them pork, they would refuse. How are either of these scenarios different? The couple should have just gone to another bakery rather than making a big stink, but then that is what liberals exce",not_harmful,harmful,0.788458
1087,He did. It was in front of the Northern Lights Hotel a few days ago.,not_harmful,not_harmful,0.066967
1088,Paxton Lynch.,not_harmful,not_harmful,0.199329
1089,WRONG .................. Trump got the job,not_harmful,not_harmful,0.219226
1090,Paul had an agenda and women little to do with it.,not_harmful,harmful,0.560800
1091,"Everyone's cost will go up, but they won't all go up equally.  Smaller businesses that depend almost exclusively on local employment will see a bigger increase than larger business where much of their workforce will operate in other jurisdictions.

Walmart, as an obvious example, stands to benefit probably more than any other company by this change.  Their local workforce will see some wage increases, but the bulk of their distribution network is located within the U.S. while their suppliers are",not_harmful,not_harmful,0.362285
1092,"You are exactly right, Madison.  I am way way past my high school years, but it was bad (although perhaps not as openly as what you experienced) even back then.  Women should never be their own worst enemies; there will always be enough males around to try and bring them down.  Women need to learn to stand up for each other, ESPECIALLY not denigrating each others appearance.  Do parents subtly teach their girls that ""attractiveness competition""?  By the way, it DOES get better as you get older:)",not_harmful,not_harmful,0.112986
1093,"Hmm, I have never heard of a man of any age losing his self esteem after having sex ;)",not_harmful,not_harmful,0.285764
1094,"Actually I said no such thing.  If you can find that I did, please share.  What you said in the rest of your post is a mystery.  But if that what floats your boat, good on you.  Keep that phaser pointed right back at you.",not_harmful,harmful,0.845614
1095,"Well yes, Zuma has raped and still is raping this country and democracy in SOOOO many ways.  I havent seen the offending picture so am commenting sight unseen, but yes I suppose its true that Zuma's misdeeds damage the legacy of Mandela.",harmful,not_harmful,0.116850
1096,"For Trump it is all one giant negotiation where it is important for him to be seen as a winner. None of the issues are separated from others. Trump has no particular beliefs other than winning and others acknowledging he is winning. If you think soft wood, dairy and NAFTA as a whole are not connected to Canada abysmal military spending and it's trend, you are Sally mistaken. May be Trudeau is playing is cards close to the best, but the recent news that military spending looks like it is going ev",not_harmful,not_harmful,0.132375
1097,Cops DO care and give above and beyond!!!,not_harmful,not_harmful,0.018783
1098,"How long will this washed up ""journalist"" keep falling back on his Watergate cred? What has he done since? Woodward has, at least, went on to write several books and remain relevant. My guess is that Woodward carried the load and Bernstein was just along for the ride.",not_harmful,harmful,0.791454
1099,"Tax cuts for the 1%. Tax cuts for the for-profit medicine industry. Death for the poor. Bankruptcy, then death for the middle class. This is what the GOP is and what it stands for - evil. Pure, old fashioned evil. 

Anyone out there have experience building guillotines?",not_harmful,harmful,0.887352
1100,"What the hell!?  These are the people who ran the company into the ground, they don't deserve a cent. In fact, they're the ones who should be getting sued.  Appalling.",not_harmful,harmful,0.975267
1101,"""The former FBI Director boldly challenges the President...""  Continued.



Comey to AG Sessions:  ""PLEASE DON'T LEAVE ME ALONE WITH TRUMP.""",not_harmful,not_harmful,0.067155
1102,I am a Republican.  You are a complete disgrace to our party.,harmful,harmful,0.931648
1103,"One could easily challenge the not-so-subtle accusation in the headline that ""stereotypes"" are bad or racist or whatever, in TV sitcoms.

Archie Bunker, in ""All in the Family"", was stereotype extraordinaire, the small-minded white redneck with no patience for ethnic minorities. Um, so what that he was a stereotype? Who cares? And his foil, his son-in-law, was also stereotype extraordinaire, the excitable white liberal hippy out to change the world. 

So then, should we wag a judgmental finger at",not_harmful,harmful,0.641810
1104,STEAM is much better than STEM.  Don't discount the arts please.   STEAM makes for much better rounded people.,not_harmful,not_harmful,0.020249
1105,"This is the wild west, gitty up.",not_harmful,harmful,0.946607
1106,"Everyone's missing the point.

There's a criminal out there making death threats.  The same way ISIS, and Kim Jong Un make death threats against Americans for engaging in activities based on what a given American views as their right, as an American.

There is a criminal out there threatening American lives, presumably in the name of America.  

Using THEIR alleged patriotism (the threatener's) as a justification or pretense simply doesn't work under our laws.  

Our laws say that is illegal.  T",not_harmful,not_harmful,0.429800
1107,"The_Bad_one, That's not my definition, that's what's used in the Militia Act of 1903, which describes two groups.  The organized militia consists of State militia forces, notably, the National Guard and Naval Militia.  The unorganized militia consists of every able-bodied man of at least 17 and under 45 years of age who is not a member of the National Guard or Naval Militia.  The Second Amendment grants gun ownership rights to members of a ""well regulated militia"" -- the organized militia, not t",not_harmful,not_harmful,0.074035
1108,ISIS leaders must be really annoyed with the way this is going. They are counting on Trump's simple-minded belligerence and bigotry to be able to stereotype all Americans for use in their recruiting attempts. The fact that the judiciary keeps stopping Trump's worst instincts is actually good for America's image as a democracy abroad.,not_harmful,not_harmful,0.126531
1109,"He not in violation of the law if he offers the same service to all.
He offers a different service to gays. 
That is like making blacks sit in the back of the bus.",harmful,harmful,0.950030
1110,"Dont undestand this.
Here in Canada there is an obligation to wear life vest for everybody who is working on water body, no matter they can swim or not.
Why is it different for kids on the canoe trip ?.",not_harmful,not_harmful,0.203854
1111,"Trump tweet. 2012: ""Polls are starting to look really bad for Obama. Looks like he'll have to start a war or major conflict to win. Don't put it past him!""
https://twitter.com/realdonaldtrump/status/258575681275965440?lang=en

Trump's approval rating is 33%.",not_harmful,not_harmful,0.076748
1112,"That's so interesting, African homophobia itself being a product of western indoctrination.",harmful,harmful,0.663680
1113,"The new education secretary will find a boot in her mouth if she tries to subvert the nation's and states constitutions separation of church and state.  I've been reading that Dumbleavy has been funneling public school funding to private schools.  If this is true, Dumbleavy needs to be stopped and he needs to personally repay any public school funding that he has given to private schools out of his own pocket.",not_harmful,harmful,0.889004
1114,"Dave Phil, we have Eastern Catholics who use the Divine Liturgy of St. John Chrysostom as do the Orthodox and they are in full communion with the Pope of Rome.  

If anything, the post Vatican II liturgical changes that were put in place to make our liturgy amenable to Protestants are a stumbling block to Eastern Christians.",not_harmful,not_harmful,0.450536
1115,"Once again,",not_harmful,not_harmful,0.101989
1116,"Isn't it,Neko? 🤕.",not_harmful,not_harmful,0.105856
1117,"GM gave ""we are going to smear you"" heads-up, then GM is acting indignant when police decided to us PR to respond. I would go as far as saying it is not worthwhile to have ANY conversation with Ms.Doolittle on this subject as there is no investigative journalism involved in the process. This series is another Rolling Stone click bait, only with more skill put into crafting it.",not_harmful,harmful,0.757608
1118,""" Values? Integrity? Deeply held beliefs? Sorry, not applicable. Instead, egocentric pragmatism…whatever “works”.""  

Clinton and Clinton.",not_harmful,harmful,0.637875
1119,"Are you you referring to the bums? LOL
Look at the stock market, the hard working middle class in mainland America is on a roll! Only deadbeat lazy bums and illegals are screaming that welfare checks are getting cut.",not_harmful,harmful,0.864254
1120,Trump is just looking for a way to cut US military spending ................ after promising the opposite.,not_harmful,not_harmful,0.316243
1121,"Bravo.

This is the first Elway team since he built the legendary defense that we have actually had an OFFENSIVE draft.  Demarcus Walker was the lone pick in an otherwise complete retooling of the slot position and the special team returners.

These little bells and whistles, along with McCoy, are going to be a gigantic addition to the denver offense.  

Appreciate your post.  Nice to see positive responses about the Broncos season.  Im sure after tomorrows game, the mood will lighten greatly.

",not_harmful,not_harmful,0.413097
1122,"Do you not think that bringing 10 suitcases into a Casino should have raised some concerns. We have homemade terrorists in Canada also, some have tried to blow up railroad tracks, some have killed soldiers, and even made it into our Parliament Building, and they're called Canadian is a Canadian, is a Canadian, and the latest one being in Alberta.",not_harmful,not_harmful,0.270832
1123,"Wouldn't other plants and animals do better with the change, creating both positive and negative change to evolution?  After all, the nature we have today is the current result of the ever changing ecosystem.  You have to be suspect of people who only report one side of a story, it is called bias using inclusion and exclusion.",not_harmful,not_harmful,0.199309
1124,Donald Trump has tunnel vision in so far as his objectives are concerned. He understands nothing about the mechanics of government. His vision for the USA is very narrow. It has been obvious for some time that the main thrust of his failing experiment is to spend more and more on the US military($54B) and the infamous wall between the USAand Mexico($20B).  In so far as the environment is concerned it is nowhere on his radar screen. He is diametrically opposed to anything in which the rest of the,not_harmful,harmful,0.877844
1125,"Because the only person who matters is you?  You get one voice, one vote.  I get the same. The good news for me is that I have the US Constitution, a largely religious public, and decades of US Supreme Court rulings (including several recent ones) on my side.  What do you have?  One US Supreme Court ruling that is likely to be overturned as Trump replaces the activist justices with law-minded people.",not_harmful,harmful,0.845423
1126,"Trudeau did mispeak - he was way overly optimistic. 

Tar is amongst the dirtiest and most expensive to refine oil on the planet. It will be the first to go as EV's now competitive with fossil fuels, become no brainers when driverless takes over the market in a few years, eliminating fossil groff that the pipes depend on. Add in China's 2017 in service factory built rail shippable HTGR nuke capable of replacing fossil plants at a penny a kwh, producing synthetic fuel at 25 cents a litre, and Big",harmful,harmful,0.940267
1127,"So THAT""S why your here. Luring others into another twisted version of ""debate"" -
really a time hole,  ""...come to faith..."". Does predatory recruitment help justify your existence as a used religion salesman?",not_harmful,harmful,0.824821
1128,"Born in Ottawa, Trudeau attended Collège Jean-de-Brébeuf and graduated from McGill University in 1994 and the University of British Columbia in 1998. He gained a high public profile in October 2000, when he delivered a eulogy at his father's state funeral.[5] After graduating, he worked as a teacher in Vancouver, British Columbia. He completed one year of an engineering program at Montreal's École Polytechnique before quitting in 2003. In 2005 he began a master's degree in environmental geograph",not_harmful,not_harmful,0.110259
1129,Is it?,not_harmful,not_harmful,0.137064
1130,"The crumbling ""bricks"" that make up the rest of the wall are the voters who support him.  It's criminal that if you take away the racists, misogynists and the too stupid to breath if they had to think to do it you're left with a core of economically destroyed people harboring legitimate anger but who can't bring themselves to blame Republicans for creating a political imperative that ""greed is good"".  At the same time they only see the DINOs' in the Democratic Party who either ignored them or vo",harmful,harmful,0.903572
1131,Apparently the OrangePig is all excited. Every time the Pig Tweets I get this picture of it sitting on the toilet with its phone in its grubby little hands getting all red in the face over some insult or other. What a real leader.,harmful,harmful,0.924059
1132,"IMO, empathy is the single-most important virtue/quality lacking in ALL presentations and applications of (supposed) moral law within the institutional Church.  I believe empathy precedes mercy, and lord knows Francis is having a hard enough time promoting a merciful application of ""official"" Catholicism. (We see a remarkable lack of empathy in this forum when some get on their white horse of righteousness, waving flags of rules and laws.  Funny that Jesus was  associated with the humble donkey ",not_harmful,harmful,0.864307
1133,"See a lawyer so you know your rights right now. This guy is not worth it. As Dave has suggested, he is a 'dog'.",harmful,harmful,0.954906
1134,Be careful people. Those animals are not in a zoo and they definitely are not living in a Disney Movie.,not_harmful,harmful,0.563630
1135,"The simplistic view of climate change by its most vigorous proponents makes them seem to be unable to understand that there are any consequences whatsoever to their radical positions.   
They have this naïve belief that some magic scientific solution will replace all the energy requirements currently being met by fossil fuel.  Wind, Solar or even Hydro or Nuclear power do not now exist to replace fossil fuel energy.   
I view this 'faith' in new clean energy as very similar to belief by Christia",not_harmful,not_harmful,0.228312
1136,"And this is news, because?",not_harmful,not_harmful,0.364177
1137,"If Biden really believes what he says, he should consider joining Spencer in Florida to cool down the protestors.  Words are easy to say - action takes courage.",not_harmful,not_harmful,0.117036
1138,Until you accepted the fact that Obama was intent on bringing the US down ...you till discover that no other theory fits with the totality of the things he did or tried to do while in office. Thankfully most of his agenda was blocked or ruled unconstitutional and the few things he managed to do with his phone and his pen have been unwound or are being unwound as we speak,not_harmful,harmful,0.597664
1139,"Cassidy responded on Wednesday that the bill does meet the ""Kimmel test"" he laid out back in May, adding that the bill requires states that get a waiver to provide adequate and affordable coverage.

""We think that if you say 'adequate and affordable,' a reasonable person would say it's got to be about the same price,"" he said on MSNBC Wednesday.
_________________________________________________________________-
RIIGHHTTTTT!!  I'll certainly sleep better with THAT assurance.",not_harmful,not_harmful,0.129377
1140,Timmies is already majority owned by the Brazilian investing firm 3G Capital.,not_harmful,not_harmful,0.208204
1141,"You did not address the points I made annihilating your argument.  Don't call me a snowflake, and I won't call you a simpleton born to be a slave, you UN-civil dolt.",harmful,harmful,0.961367
1142,"LFT:  Please see my post above.  I'm not interested in a ""mud fight"" with you.  However, in all seriousness, I do think you might find professional counseling/therapy helpful in dealing with your anger issues.  Please at least give it some consideration.  best wishes, Gary Crum",not_harmful,not_harmful,0.080575
1143,"Great story, thanks for sharing. When my son played football against Eagle River he was super impressed with how nice their team was. I think most everyone associated with the school, especially the students are really first class.",not_harmful,not_harmful,0.042234
1144,"The answer to your question is no, of course not. Peter Pocklington has not done an interview, at home, in years and years. He is relevant for all of the reasons people mention -- the Oilers' dynasty, still owing taxes, etc. But the fact that people are angry at him is not news. This was an opportunity to catch up with him, whether you find him to be in irascible rascal or something worse.",not_harmful,harmful,0.667655
1145,"Laughing at everyone who posts something you disagree with.

You seem to have no respect for anyone's views but your own.",not_harmful,harmful,0.663878
1146,Sounds like it could be a felony acc. to HRS 708-831(1)(d).  Is it really worth it?,not_harmful,not_harmful,0.064509
1147,"I find the players' responses display a niggardly understanding of both English and the issue at hand, not to mention that the phrase is Asylum, not Prison. Maybe the NFL could offer remedial English tutorials to help them learn their native language properly.",not_harmful,harmful,0.821208
1148,"Oh, really?   Check out rates for mid-range chain hotels like the Marriott, Westin, Sheraton and so on in Toronto.   The rates are unreal.   I won't even bring up places like the Shangri-La and the Four Seasons,....",not_harmful,not_harmful,0.108792
1149,"I went to see Superior Glacier, all that was left was a big lake.",not_harmful,not_harmful,0.492561
1150,"KPMG: You have have sowed and now shall you reap. You have brought shame on the auditing profession, let down every professional auditor in SA and the designation CA(SA)
Worse still, you have betrayed your country for a few pieces of silver.What the hell were you thinking???
And worst of all, you have been party to the besmirching of a good and honest man. Pravin, I hope you sue the pants off them!",not_harmful,harmful,0.967226
1151,"Wow the darkness that is your heart is so saddening.   Peace rf9, I hope one day you find yourself in need and the only one that comes to your assistance is one of the people you detest for no reason at all.    Karma has a way of doing that, but unless you learn how to see, it will be to no avail.",not_harmful,harmful,0.936854
1152,"You're concerned about the price? C'mon, give us a break. If you had to place a 100 k bet, using your own money, would you bet that there was major fraud, or bet against the idea of major fraud?",not_harmful,not_harmful,0.049955
1153,"I find the origin of Canada's food guide hilarious ! A man jumping off a tractor ? Implies a farm environment and I have yet to see a malnourished or obese farmer family - and been around a long time, experienced the whole gamut of food shortages during/post WW2 and grew up on a farm.

The problem with food guides is that they try too hard to simplify a complex topic - the multiplicity of nutrient input groups: carbohydrates, fats, proteins, minerals, vitamins and their complex subgroups. Never ",not_harmful,harmful,0.735092
1154,"Sorry to see Jet Blue abandon LGB-ANC non-stop. I'm in Sacramento, and flew them for the first time last summer to AK. Yes, the LGB-ANC leg is a bit longer than Alaska's SEA-ANC leg, but the low fare to AK and the service were both outstanding. Now, it looks like to fly with Jet Blue, I would have to fly SMF-LGB-PDX-ANC, and would take me all day to get to AK. Bummer!  :-(",not_harmful,harmful,0.710404
1155,"Fluke goal by Matthews,",not_harmful,not_harmful,0.341821
1156,Reserves are under the jurisdiction of the federal government.,not_harmful,not_harmful,0.118850
1157,"sorry to hear about your dad, a fine journalist",not_harmful,not_harmful,0.180703
1158,Triple (more like quadruple) top reversal anyone?  Watch out below.,not_harmful,harmful,0.525299
1159,"Canadians just need to remember corruption, bribery and Liberals go together. As for Trudeau, this is what happens when you elect extremely unqualified person.",not_harmful,harmful,0.911281
1160,"If they continue to downsize the franchisor support to the stores, the franchisees might take steps to negotiate the royalty rates to reflect the new level of services.

Tim's was sued once by their franchise community for marking up their products excessively , not sure it couldn't happen again.",not_harmful,not_harmful,0.118621
1161,"There was Russian interferrence in our election, AND there was collusion by republicons.
http://talkingpointsmemo.com/dc/anthony-nevins-roger-stone-stolen-democratic-voter-analyses
Now let the investigation continue to see if the Trump campaign, or Kushner also colluded with the Russians. That's why they investigate!",not_harmful,not_harmful,0.210963
1162,"Good article.  Good win for Denis.   Taking out the #8 seed opens the path to the quarterfinal -- which if he makes will put him in the top 50 in rankings.  Good to recall that before Montreal, Denis had only two victories at the main tour level.  Also that in the last 12 months, Denis fell in the first round or failed to qualify 15 times.  He came close to falling first round at Montreal, but saved the match points.   He has now increased his number of main tour victories to eight, with four vi",not_harmful,not_harmful,0.054197
1163,"Women are disproportionately targeted for violent assault. Women are, on average, lighter and with lower muscle mass than men. A firearm can empower women to defend themselfs from larger aggressive men. 

It's a choice though, other tools can also empower women to defend themselfs, but firearms are very effective, and the skills needed are relatively easy to learn. 

Therefore, gun control laws, which remove a women's right to choose how to  defend herself are sexist.",not_harmful,harmful,0.535595
1164,"Trump after his election defeat will star in a new reality TV series: 

Americas Bigglyest A-holes",not_harmful,harmful,0.790194
1165,I'm fine with that.  Were you that liberally thinking when Hans Kung opposed JPII and B16?  How about Father Cardenal?  Etc.,not_harmful,not_harmful,0.090145
1166,"Trump has proclaimed December 1st as national ""Freedom to Grope Women Day"".",not_harmful,harmful,0.726900
1167,and others wonder why someone would think it's government folk grousing about the half mil fine....,not_harmful,not_harmful,0.220191
1168,Imagine for a moment that Shannyn Moore wrote this column.  What would you think of it?,not_harmful,not_harmful,0.032610
1169,"Russia did not ""blatant military  annexation of Crimea"". It was a legitimate vote by the people of Crimea (mostly Russian by the way) and there were international monitors. Crimea voted to leave Ukraine. Crimea had been a part of Russia for 300 years. ""Millions of Russian troops invading the country""? Where do you get this utter nonsense. No Russian troops have invaded Ukraine. And no Crimea doesn't count as the Russian naval base was already there prior to the coup d'etat in Kiev. Kiev by the w",not_harmful,harmful,0.923496
1170,"Mr. Khalsa,
Your newly found motivation due to President Trump is certainly praise worthy. Pray tell, what will motivate you to actually read the NYT?",not_harmful,not_harmful,0.494290
1171,"Not based on religion, but on morality.

Without religion, then what guidelines do we have about how to treat each other?   Just follow the law, and do what is legal?   One could easily do that, and still be a most horrible and terrible person.

Just look at Donald Trump.   :~)",not_harmful,harmful,0.874831
1172,"Harimoto's choice was to continue treatment which is fine. The intent of this bill is to allow people to have a choice.
What is wrong with that.  I am glad that most of his legislators recognized this and voted for passage. Hopefully the bill will
also pass in the House and be signed or be allowed to become law by the Governor.",not_harmful,not_harmful,0.048486
1173,"Hi, slofstra.  Hey, I get it now.  Wondered why, in an earlier comment, you were so fired up about ""the employees ... that can think through computer issues, and intuitively pick up a new software application.""

Here you tell us ""I own and manage a software development company ...""  I get it, now.  Makes sense.  But not necessarily if you operated an auto repair business, or a management consulting firm, or a bistro, or a... Well, I'm sure you get the drift. 

If, as a software developer, you're",not_harmful,not_harmful,0.414183
1174,Lucky guy.,not_harmful,not_harmful,0.409271
1175,"In a free country everyone is entitled to their opinion, no matter how stupid.",harmful,not_harmful,0.173338
1176,Trump was elected President - not Emperor. Those of us who oppose his policies have not lost any of our rights to participate in the political processes of our nation.,not_harmful,not_harmful,0.121593
1177,"Any POTUS, has a right to secrecy, within their administration.

All of those political or government subordinates, who are creating political leaks, should be fired.

In the civilian world, sabotaging the boss of bosses, is an automatic termination of employment.

What makes the position of POTUS, any different.

When political leaks, are made to the news media, it only talks about a small part of a bigger picture.

Anything, can be taken out of context.  Politicians & the news media, are the w",not_harmful,not_harmful,0.242341
1178,"Heh. 

Prison isn't a rehab center and people smuggle drugs into jails and prisons inside their ""prison purses"" all the time.",not_harmful,harmful,0.669326
1179,"Backing up your files, as you did, is a sure defense.",not_harmful,not_harmful,0.040405
1180,I give you Don Henley from the Eagles - the original malcontent.,not_harmful,harmful,0.886295
1181,Congrats to Max!  Will go down in history as one of the greatest sports figures ever to come out of the state of Hawaii and probably will eclipse BJ Penn's legacy when it's all over.,not_harmful,not_harmful,0.194840
1182,"My God, that's tragic. :(",not_harmful,harmful,0.511037
1183,"Yo, Sam: I do have definite proof that their was meddling in the last US election by a foreign leader. Definite proof! The foreign leader was the Premier of Ontario, Kathleen Wynne, who on a visit to the US  a couple of months ago told her audiences to vote for Hillary. This is a fact that can be verified on the Net. Was there any American law broken by this womans meddling in the American election. If there was, please contact the appropriate American authorities including the FBI.",not_harmful,not_harmful,0.171319
1184,"Being an intelligent voter includes understanding the election-winner algorithm in place. Granted, the one in place is flawed to the teeth. But it is what the game is. Voting for someone who cannot win is equivalent to not voting. I wish we used a better algorithm that would allow people to vote for their favorite first and still register preferences among the rest of the candidates that would become active as candidates are eliminated one by one, but this is not the case.",not_harmful,not_harmful,0.222215
1185,"Hmm. I know that Bill Clinton received a lot of money in speaking fees in Russia, while his wife was SOS. Podesto on a board of Russian company. Then there's the uranium sale. 

Seems to me there's more Russian smoke pointing at the other party.  Interesting.",not_harmful,not_harmful,0.184505
1186,"From the AP out of Juneau today;
 ""Lori Wing-Heier, director of the state's Division of Insurance, told The Associated Press in a recent interview that the bill, as proposed, would ""kill"" Alaska's individual market, making it unaffordable for low- to moderate-income Alaskans.""",not_harmful,not_harmful,0.189270
1187,Here we go again---the Dispatch pushing diversity . Diversity is wrecking Anchorage . The most diverse neighborhood in America is Anchorage's North Mt. View.  Where is the most crime in Anchorage ?  North Mt. View.  Look at the names and faces of who's committing the most crime .  Then try to explain how well diversity is working out for us. Our schools have one hand tied behind their backs because so many kids show up unable to speak English.  Our city was in good shape until diversity was welc,not_harmful,harmful,0.739588
1188,"The major problem I have with abortion law is the RvW decision itself and the terrible illogic used in that decision PLUS then forcing it on us all via judicial fiat. Just like they did with Gay marriage.  The early church did not fight against human slavery because it WAS a ""Caesar issue"" at that point in time - but sooner than anyone could realize at the time slavery ended within Christendom - starting in the 7th century, actually, and pretty much finished by the 13th (within Christian Europe ",not_harmful,harmful,0.510094
1189,The Americans will make sure it's a whitewash.,not_harmful,harmful,0.598975
1190,"Uh-huh.  And where were these Sore Losers the past 8 years of The Incompetent One's ""presidency""?  Funny how that works, eh?",not_harmful,harmful,0.574573
1191,"President Nixon, during the Watergate scandal, also had issues with reporting he found objectionable. But even during the depths of that crisis the major news organizations were always able to attend and report on White House press conferences. It was this very coverage by the Washington Post, the New York Times and other media outlets that brought intense scrutiny to Nixon's attempt to cover up illegal activities conducted on his behalf which eventually led to his resignation. Excluding the pre",not_harmful,not_harmful,0.410162
1192,There are more arrests under Trudeau!,not_harmful,not_harmful,0.317259
1193,agree.  But after 3 years of investigation we have responsible charges of 20 felonies?  Wow!,not_harmful,harmful,0.618017
1194,Your post wouldn't carry any more weight even if you could manage to communicate in English.,not_harmful,not_harmful,0.106106
1195,"How does that punish them? Making single family homeowners pay it as well doesn't lower the cost for condo dwellers? It really doesn't affect them in any way, shape, or form if single family homes are included in the retrofitting requirement.",not_harmful,not_harmful,0.074896
1196,"Why should women hold power? I mean, what will men gain by handing over power to women?",not_harmful,not_harmful,0.311817
1197,"You know what's cute?  They actually believed him. 

Now they'll spend the next two or three decades paying for him.",not_harmful,harmful,0.849788
1198,"Oh, that scale needs to start at 1% on anything over say $25k or 30, and then max out 25%, maybe 20%.

As to national sales tax, skip it. Instead, kill corporate tax on goods/services made in America, and replace that with a 20% VAT. In particular, the vat needs to be on goods, parts, and services imported here in the same way that China, Mexico, in fact nearly all nations do to us.

And as to corporate taxes on goods/services made out of nation, then put it on. The same progressive scale with n",not_harmful,harmful,0.827571
1199,"Respectfully, the words Trump and politician don't belong in the same sentence. I think all sides agree with that.",not_harmful,not_harmful,0.012145
1200,Even Fox News is reportig on it - and Kushner's lawyers have responded to it- thus confirming the story,not_harmful,not_harmful,0.239432
1201,"""Listen, dad’s safe here.."" Sadly and tragically,  that was not the case for my father.  He had Alzheimer's and was sent to the psych ward of an Ottawa hospital for  ""72 hour"" observation period that turned into months when long term care was not available.  Incredibly he was kept in that ward instead of being transferred to a geriatric ward.  The doctors and nurses in the psych ward are not prepared to look after physical /medical needs and they let a blister on his foot deteriorate into a horr",not_harmful,harmful,0.587643
1202,Asserting that someone is gloating would mean they're judging.  And we know no one here does that.,not_harmful,not_harmful,0.017279
1203,"From one of the Review sites supported by advertisers who are Reviewed:  

 ""And what about those other reviews? Why would some not be recommended? In order to keep our content helpful and reliable, we try not to highlight reviews written by users we don't know much about, or reviews that may be biased because they were solicited from family, friends, or favored customers. We also try to filter out reviews that may have been written or purchased by business owners to help themselves or hurt a co",not_harmful,not_harmful,0.100271
1204,"This poll supports the obvious conclusion that the Church has declined because of its abandonment of the ancient Traditions, Rituals, and Rites.  The Church must become more dogmatic, preaching to the youth of today how they are failing to comply with God's Laws.  The Church must re-institute the Rituals established by Christ in the Ancient past of the Middle Ages and Renaissance, abandoned by modernists and progressives following Vatican II.   If more Bishops would stand up and rebuke the young",not_harmful,harmful,0.530261
1205,"My daddy used to say about a guy who was full of B.S., ""If B.S were music he'd have a brass band"".  Donald Trump, along with Spicer, Conway, and Bannon would have long ago cornered the market on brass.  What a circus.",not_harmful,harmful,0.953225
1206,"Wilke, yes that can be right. There is, however a lot more to it than that. In the very beginning the CDQ groups were 'watched' by the State and there were held to standards that were implemented when the Magnuson-Stevens act was passed. For the most part, these CDQ groups thought that the State's oversight was too onerous and lobbied Young to have them removed, which he did, with the passing of The Coast Guard Bill. As a result, the CDQ's now are 'self policed'. Imagine what that means! Interne",not_harmful,harmful,0.708044
1207,"Yes I have, Canada needs to export higher value products than bitumen.",not_harmful,not_harmful,0.175236
1208,Yet Hillary still lost..,not_harmful,not_harmful,0.421311
1209,"""He holds a dark view of human nature and admits to admiring Dick Cheney, Darth Vader and Satan.""

No word on his thoughts on Joseph Goebbels.",not_harmful,not_harmful,0.235231
1210,"Absolutely right. Some people's heads just  don't work that way.There are people who exclaim at the beauty of mathematics or a cleverly written chunk of code. 
Others cry if they hear a great piece of music. We must all find our own path.",not_harmful,not_harmful,0.021902
1211,"Fine.  If it helps you sleep at night, if it keeps you warm on a cold winters night to believe that women will someday be priests, by all means--keep believing in your fairy tale. 

I can say this: if I didn't believe the teaching on women priests was irreformable I would support the idea of women priests.  As it stands, despite what liberal dissidents want to believe, the teaching is simply not changeable.  If it ever changes while I am alive--the day it happens is the day I give up the Catholi",not_harmful,harmful,0.904135
1212,"If Mr Trudeau or Canadians that this is a problem - there is a fix ..........
-
Inheritance taxation-
-
David Thomson sits on a $30 Billion fortune because his grandfather was clever and his father was careful enough not to squander his inheritance-
-
Rather than lade onerous taxation upon the Canadian ""1%"" which is composed of doctors , lawyers, engineers and entrepreneurs - Mr Trudeau should introduce an inheritance tax that would partially redistribute family fortunes into the hands of the na",not_harmful,harmful,0.718209
1213,"These are dark days. Canada (and indeed, the world) would be a better place if we all shared your values. Still, it helps us to all think we can and should do better.",not_harmful,not_harmful,0.017064
1214,You know that your commission was named after a Nazi collaborator don't you.,not_harmful,harmful,0.712423
1215,"Are these people homeless by choice? It is apparent most of them have mental disorders and substance abuse issues. Both related. Why should they be shuttled around the area as to maintain their habits and leave their afflictions untreated? Seems like a dog chasing its tail scenario.
Why not round them up, evaluate each one for their specifc need or disorder and apply the appropriate remedy accordingly? This seems reasonable when compared to the ""band-aid""  approaches used for decades and proven ",harmful,harmful,0.671828
1216,"I am listening testimonies  in intelligence committee right now. If you sub Russia for Iraq and hacking for WMD  you will get a full picture. The most ridiculous thing is they pretend they did not hack French, Germans, Italian and other governments... Clinton agenda was to start nuclear war with Russia, seems to me she still has a hope for it.",not_harmful,harmful,0.723064
1217,What a bunch of gobbledygook. I think the paper should get the facts by interviewing all the people involved and get the kids side of the story too.,not_harmful,not_harmful,0.196661
1218,Thanks!,not_harmful,not_harmful,0.111265
1219,Would you include NCR in that analysis?  Not exactly non-partisan reporting....,not_harmful,not_harmful,0.042925
1220,There was a lot of talk about improving schools with some of the money generated with the marijuana tax.   What do you see as immediate changes or support for PPS coming from the tax?,not_harmful,not_harmful,0.048629
1221,"If the USA is so scared of foreign influence on US politics, shouldn't they also be decrying massive foreign donations to the Clinton foundation by Saudi, Qatar and other state actors?   The other side already reeks of foreign influence.  This very newspaper is castigating Justin Trudeau for the appearance of Clinton-like cash-for-access influence peddling to foreign interests.  What if Russia was donating directly to Trump's foundation(s)?  I think heads would explode!",not_harmful,harmful,0.883827
1222,"that sounds a lot like Churchill and others putting a lot of Jewish people into Muslim Palestine, doesn't it?
-----------------------
Muslim Palestine?
Islam was founded in 7th century so how old is ""Muslim"" Palestine?
and
when was there ever an independent Palestine, never

Jews have been in Palestine for over 4,000 years and even in the 20th Century before the 
UNITED NATIONS (not Churchill) founded Israel

If Chris knows his history he might not be so sympathetic to those who start wars of an",not_harmful,harmful,0.547495
1223,"""Trump was elected by a majority of electoral votes""

Did you mean that Trump lost the popular vote by 3 million votes, but slithered in via the Electoral College?

Is that a healthy situation for a democracy?

Do you think it gives Trump any sort of mandate for major changes like this?",not_harmful,not_harmful,0.216062
1224,"Such great publicity to empower more readers of your amazing and exciting novels. 
Hooray for you.",not_harmful,not_harmful,0.160262
1225,"I wasn't comparing him to Orton in terms of demeanor, it was a comparison in terms of effectiveness and tendencies.  I was hopeful Musgrave would work some magic with our QBs.  And maybe he is having a positive impact.  I'd just like to see Siemian more effective in the red zone.  It's clear that the game is still too fast for him in those situations.  Everything becomes more difficult down there and he's failing to produce.  And then we roll out Mr. Yips to miss a FG.  I don't know what our red",not_harmful,not_harmful,0.234813
1226,"The Valdez could never happen here, because pilots and tugs are legal requirements.
Please give an example of another tanker leaving port that has hit the rocks and spilled...without a drunken captain...",not_harmful,harmful,0.693253
1227,"This Leftist-made ""diversity"" lottery system and the lack of any and all vetting into our country are Democrat-endorsed, and any attempts to get rid of them by Democrats are symbolic and token.  Instead of supporting the end to this aweful visa program, Leftists have the audacity to call for MORE gun control?!  Are they out of their minds? Only Leftists could be so vile.",not_harmful,harmful,0.952688
1228,"So that's what justifies stealing the PFD from the People? You're calling us the 'give me' generation, yet you seem to condone 'giving away' our tax royalties to the billionaire oil companies. Of all the oil states in the world, we get the least return on our investment and it seems to me that we have gotten the most corruption. The Norway model would have been awesome, yet 'les sigh' we are trapped by lobbyists who sway our elected representatives to look the other way and sometimes give away o",not_harmful,harmful,0.814628
1229,Maxie: Wanna be poster boy of Hawaii. More like poster boy for hydrocephalus...,not_harmful,harmful,0.922137
1230,"Spending cuts work just fine.  There is a lot of redundancy and excess spending that can be eliminated in government.  Especially with the Feds duplicating services provided by the provinces already.  Spending cuts are not created equal. No government gets it right 100% of the time.  Harper had some good cuts (redundant waterway protection) and some bad ones (experimental lakes, long form census).

I notice that you didn't include the king of spending cuts Paul Martin in your little partisan lis",not_harmful,not_harmful,0.062681
1231,"Perhaps outside Ontario, some sanity prevails.

Unfortunately, in Ontario, Bill 89, which has recently passed, enables exactly the situations that BurtEarnest referenced.  It even diminishes the traditional role of Childrens' Aid societies.",not_harmful,harmful,0.684892
1232,"You left one out Robert...  $10 Trillion MORE in debt by Lord Obama..... more than all other presidents before him.

What a legacy eh?",not_harmful,harmful,0.705937
1233,"Of course not.

What you meant is ""this is the last time I respond to you"".

For some reason taking shots at Catholic beliefs is fine, dandy, and in fact stupendous in your view, but having someone ask a pointed question or two is not.

I am having some trouble finding an example of you actually ""engaging"".",not_harmful,not_harmful,0.075479
1234,Send Dr NO.... or have they had enough of her!,not_harmful,not_harmful,0.229441
1235,"And our liberal and ever so caring Oregon Governor(s) who show up and wring their hands when something like this happens will continue to refuse to permit the actual use of the death penalty once this person is convicted of aggravated murder, just like all the rest that have been legally sentenced to death in Oregon.",not_harmful,harmful,0.680283
1236,"I'm confident the well regulated militia member who did this, if they have a long record, never used their gun for those other crimes.  That would be crazy talk!",not_harmful,harmful,0.673279
1237,"'
Walker can say anything, that won't make it a reality.

...you said your source was the Department of Labor and Work Force Development.

Point to the link you claimed was your source.

.",not_harmful,not_harmful,0.077162
1238,"There is no reason for Vancouver to use the Vienna model for housing, which is basically a model of socialism where government is the single-payer landlord.

All Vancouver needs, to solve its affordability problem, is to make muscular use of property taxes.

You now work at a local job and pay income tax? Terrific, your yearly property taxes are low.

You worked, at some point in your life, ten or more years anywhere  in Canada paying income tax? Terrific, your yearly property taxes are low.

Bu",not_harmful,not_harmful,0.096611
1239,"In this case he's a felon in possession of a firearm and has been breaking into cabins. And he has a long criminal record. So, yea, he's a bad person. Look him up on courtview if you're curious.",not_harmful,not_harmful,0.178472
1240,Everything about your post is the equally the most idiotic thing I've ever heard. Please tell me you're trolling.,harmful,harmful,0.904695
1241,"If you had to ask, Elliott, it's because you didn't look up NEXT Canada.  It's a non-profit. 

And, yeah, it's a pretty good piece.",not_harmful,not_harmful,0.016353
1242,The article seems to assume that the Trump US administration will unilaterally pull out of NAFTA and then try to negotiate an entirely new deal that grossly favours USA interests. How realistic is that? Any new deal or modification of the existing treaty with have to be the result of a give and take process. Canada will only be bullied into accepting unfair terms if she allows herself to be so. The history of Canada/USA trade negotiations has been characterized by hard nosed bargaining and there,not_harmful,harmful,0.753868
1243,He wasn't even the best quarterback on the team he was on.,not_harmful,not_harmful,0.305711
1244,"The_GOP_could_not_be_that_stupid_again,_could_it?_2018_will_be_a_blood_bath_as_it_is.",harmful,harmful,0.906631
1245,"With respect to your comment that ""prayers are useless"", I beg to differ.  First, if the rate of 1 mass shooting per day, on average (307 mass shootings through the 308 days of 2017 to date), and almost every year is not enough to at least restrict the most deadly of weapons, then perhaps it is the lack of prayer that is the problem. Consider that the people who should be praying (Christians) are, for some strange reason, against gun control, then who is actually praying for gun control???  Cert",not_harmful,not_harmful,0.181205
1246,"Your son should not be praying in school hours. Take him to Masjid after school hours on a Friday to pray along with you. Oh, I forgot you being a woman won't be allowed to pray in the same room as him!
           Why don't you persue your activism against the Imam and the Sharia or whatever law which won't permit you pray in the Masjid along with him instead of writing opinion pieces in the 'progressive' newspapers like the G & M.
         How about if Hindu students, Buddhist, Sikh, Christian ",not_harmful,not_harmful,0.357767
1247,Likely the opposite will occur once the USA is great again.,not_harmful,not_harmful,0.339358
1248,Always blaming the victim?,not_harmful,harmful,0.623889
1249,Someone in the area was not happy about what they were doing is my guess.,not_harmful,not_harmful,0.111392
1250,"Ha!- Goes with the  headlines that state:

""Overseas money may be a factor"".  
""Offshore buyers may be buying homes"". 
""Laundered money may be moving through real estate""
""Investors may be buying condos and leaving them empty""
""Working families may be re-locating to more affordable areas""
""Businesses may be having trouble attracting and retaining skilled workers in Vancouver""
""Vancouver may be the least affordable city in North America to buy a house""",not_harmful,not_harmful,0.077986
1251,"The bottom line is that the Republicans were fine with the powers they seek to curtail when one of them was governor.  For those unfamiliar with the American electoral system, the concern for control of the election boards underlines the degree of partisan manipulation -- we would call it corruption -- of the electoral process at the state level (which controls US federal elections as well).  It appears that things have only gotten worse in NC since we completed our graduate studies in political",not_harmful,not_harmful,0.176705
1252,"Exactly.  Need an import/transport tax that applies only to coal of foreign origin.  

Canada should take the softwood issue to the World Trade Organisation for a ruling.  We will win again, just like every time previous.  But the US has said they will ignore rulings by such a tribunal over softwood.  When the US protests at WTO over the coal tariff, and Canada loses, (as we can expect to,) the Americans can't expect Canada to honour WTO rulings if they won't.  A very good lever in this strategy",not_harmful,harmful,0.673729
1253,"You must be talking about a different Harper, certainly not Stephen!",not_harmful,not_harmful,0.335776
1254,What are you talking about? There were plenty of calls for intervention to overthrow Assad from university groups. But how would a boycott work? What is there to boycott?,not_harmful,not_harmful,0.064064
1255,"""That is 47 words when only one is needed: Chastity""-----------------------

“Chastity” yes Eliane you are correct, but you could have tempered your response with gentleness and compassion for those of us who know that we are not perfect and in so doing joined the human race.
kevin your brother
In Christ",not_harmful,not_harmful,0.054519
1256,"The fix was conclusively, definitely in. The fix is always in whenever any government insider is involved in anything. That is a certain US Senator's legacy, who fixed everything all the time. It's all rigged. Just ask any non insider native Hawaiian if the DHHL is rigged. This is just the tip of the corruption iceberg. Linda Lingle did a service when she appointed Mark Reckenwald to the state supreme court. She couldn't do anything with all federal stuff in the islands as this was the kuleana o",not_harmful,not_harmful,0.237179
1257,"The funds are meant to be made available to urbanized areas and to governors for transit capital and operating assistance in urbanized areas and for transportation-related planning.  That's the explicit direction in the regulations.  So yeah, that is that the funds are intended for.  Not saying the AKRR doesn't provide some transportation services along the railbelt, but very, very little within the urbanized area (Anchorage).  And certainly if you look at how many people transit serves v. what ",not_harmful,not_harmful,0.051819
1258,"Yes, Canada has two official languages. But NO, Canada is NOT a Bilingual country! This is the Liberal Party's ""Big Lie"". The French language will go the way of the dodo bird,  purely due to demographics. If you want to be bilingual, you had better learn Mandarin..",not_harmful,harmful,0.944631
1259,The church assigns early teenage girls to become wives of church elders. Choice on the part of the girls had nothing to do with it.,not_harmful,not_harmful,0.117459
1260,left vs right? still stuck in that psy-op?  LOL sad.,not_harmful,harmful,0.792672
1261,Can the Globe please do an article on what a bunch of BS the inflation rate is? Do some honest reporting and call out the academics that compile these BS stats.,not_harmful,harmful,0.671786
1262,I hope you agree to have a statue of Osama put up somewhere. So that our past is not ignored?,not_harmful,not_harmful,0.485861
1263,Why can't he here? Are you the moderator?,not_harmful,not_harmful,0.089948
1264,What are you thinking her for?  She has no intention of honoring the constitutional right of the President to nominate a Supreme Court Justice.  She is spinning her words to keep her seat this November.,not_harmful,harmful,0.789435
1265,"Well, it must suck to be Cory! If he votes for repeal, the non-conservatives (we are a Blue state!) will vote him out in 2020, make no mistake about that!",not_harmful,harmful,0.899108
1266,Roth downplays community concerns and makes excuses. Typical. A real leader would see a problem and set about to make changes.,not_harmful,not_harmful,0.186986
1267,"I know facts and historical analysis is not something the Trump crowd likes but consider that it took 9 years of budget surpluses under Chretien and Martin to reduce the debt by $90billion. Handing the reins to Harper took all of that way and added an additional debt of $70 billion (in other words $160Billion). And that is somehow called financial acumen to the hard right on here?  Can you explain how that is?  Even Trudeau Sr. never managed that, or Mulroney.

In 2006 Harper received a $13.8 bi",not_harmful,harmful,0.763637
1268,"""He’s still pissed off because communist Russia went bankrupt."" 

Boozer, is mind-reading is one of your abilities?  I didn't get that from the letter.",not_harmful,not_harmful,0.054162
1269,"The TPP might not include China, India and Bangladesh but companies send work and jobs to those countries and Mexico, Peru, Chile, Malaysia and Vietnam are in the TPP so companies in Canada could send work and jobs to those countries for cheap labour like they do to India and China.

Again, why would a Canadian government want to hitch onto a trade deal, like the TPP, that allows companies to send work and jobs to Mexico, Peru and Chile and to countries in Asia to get really cheap labour so comp",not_harmful,not_harmful,0.408753
1270,"Not necessarily a Ford but similar person with conviction and character.
 
Currently the support for tolls is only about 48% but that is because the Toronto city proper people are not smart enough to realize they use the Gardiner and DVP often for local city jaunts.  A few exits up the DVP to see the grandparents will cost $4 for starters every time.

And what about all the Toronto people who work in Mississauga and west?  The traffic is just as bad in those directions during rush hour so lets t",not_harmful,not_harmful,0.057791
1271,"""So why are we spending $ billions on bottled water.'

Does the pejorative yet descriptive word 'stupid' cross your mind?",harmful,not_harmful,0.342227
1272,"The Federal Gov't seems to drift into a dissociate fugue when the issue of China & its draconian repressive gov't comes up for discussion...

Trudeau certainly appears to be greasing up Canada with the easy money... when does this 'buy up Canada's resources and prime real estate' slow down or simply end... ??

Further,  wouldn't it be interesting if all those citizens of China who are busy buying, dumping$$ and flipping had ALL foreign assets confiscated from them systematically by the Chinese C",not_harmful,harmful,0.529499
1273,"Didn't bother reading the Enjady decision, did you?  Too much to expect, perhaps. If you did, you would know that the US Court of Appeals upheld use of evidence of a very similar rape incident.  Our own Supreme Court has called Enjady a ""comparable approach"" to Canadian law ( in R. v. Handy, [2002] )",not_harmful,not_harmful,0.155454
1274,"I think the Mother should let it be. They are 13, not 23. Does Mom want it to be serious? My ""boyfriends"" when I was her age? I talked to one the phone and maybe saw in person once in a while. I am glad that is what it was instead of most of my girlfriends who were already having sex. Stop trying to fix everything for your child and let her learn some life lessons. If it becomes a pattern, then address it.",not_harmful,not_harmful,0.353482
1275,"How are carpool lanes on 20th ST merging onto the trestle in Lake Stevens going to fix the traffic jam?  What a joke!

We obviously need another lane on the trestle or a new trestle altogether.  The majority of people cannot carpool (contractors, self employed, sales people, etc.), so why the heck would we spend our tax dollars to cater to the small percentage of people who do?

While we are at it why don't we just take a lane out of the trestle and dedicate it to bike riders, lol.",not_harmful,harmful,0.915133
1276,"I won't insult your intelligence by listing the highly rated QBs that just didn't do well for whatever reason. We recruited several that other blue-chip programs desperately wanted: it's a crap shoot with QBs, especially, since there are so many different skill factors. You do understand that top NFL QBs aren't necessarily the collegiate stars? Well, same holds for high school. I find that's a part of what makes following this sport so intriguing.
Frankly, I don't know why you think Vernon Adams",not_harmful,not_harmful,0.051448
1277,"Barry, you miss one important point between Rock and Kimmel.  Rock's comments reflected what was going on within the Academy and its lack of diversity.  It was inward looking and was (and is) a problem that the Academy itself had to recognize and resolve.  But did you expect Kimmel to tear a strip off of Trump for 4 hours?  

The Oscars are about the films and those who make them; the show is not about its host or the President.  Winners stood on the podium last night (one had a statement read b",not_harmful,not_harmful,0.270559
1278,"From Romans 13 - Every person is to be in subjection to the governing authorities. For there is no authority except from God, and those which exist are established by God. Therefore whoever resists authority has opposed the ordinance of God; and they who have opposed will receive condemnation upon themselves.",not_harmful,not_harmful,0.342505
1279,"lol, sounds like you are the sore loser Sarge.  Face it you republicans had years to come up with a replacement to Obama care and you only came up with crap.  Why is that Sarge?",harmful,harmful,0.910830
1280,"Unfortunately just another ""routine traffic accident"" in Europe.

If on Sunday more Germans vote for someone that wants to reduce traffic accidents they will be vilified.",not_harmful,harmful,0.771599
1281,"Baseball is a great game.  My brother, a real fan, says, ""the good thing about going to a baseball game is that it never gets in the way of good conversation"". 

We went to a Red Sox game two weekends ago while road tripping our way through the northeast on vacation.  

Fenway! (nothing compares).   Saturday night.  Perfect weather.  Great neighbors in the grandstands.  My wife and our children and I loved the game.  Their first time to Fenway. 

And they beat Chicago, 4-1. 

Thanks for this wel",not_harmful,not_harmful,0.042745
1282,"Without a shred of proof, she claimed the NDP had hacked into Liberal Party computers, a criminal act, she said, that was an attempt to subvert the democratic process.

But, almost as quickly as the words had left her mouth, the tale began to unravel. Where was the Premier’s evidence, reporters demanded to know

I think it is noteworthy that the statement was made in a Facebook interview hosted by Vaughn Plamer,  one of Post Media' political commentators, and he not only failed to ask her the ba",not_harmful,harmful,0.806967
1283,"""If she was talking this way about basically any other group, she'd have already lost her job..."" 

Or she would be president of the United States.",not_harmful,harmful,0.561593
1284,"Growing up in Hawaii I know for a fact that the Hawaiian language was never taught from preschool all the way up to High School and beyond. I wish there was a way for all school kids to learn to speak and understand Hawaiian which if not perpetuated will lead to it's demise from the only place in the world where Hawaiian is spoken. And better yet, never learned about Hawaiian History; don't know if it's changed but what the heck?, most States have it where before graduation in high school you ne",not_harmful,harmful,0.635390
1285,Thomas Darcy Pathetic.,harmful,harmful,0.712294
1286,Comments are disappearing as fast as they are posted.,not_harmful,not_harmful,0.156424
1287,"The root cause of the priest problem is the recruiting and formation of men for the priesthood.

We've let too many immature and fragile boy-men into the seminaries, and we've not overseen them well enough.

And the lay haven't helped either (mainly the fault here is to the male lay; they haven't befriended priests, treated them like well men..so the young priests get skirted out to late breakfast by the retired ladies after Mass). 

I heard a fine young priest tell me how it goes.  The ladies t",not_harmful,not_harmful,0.222706
1288,"The previous LOCAL Superintendent did nothing about this story (and many others) regarding abuse of LOCAL children.  Maybe we need an outsider.  Will the HDOE finally respond now they have a new superintendent?

http://www.civilbeat.org/2016/08/hawaii-school-aide-said-he-saw-abuse-then-he-got-fired/",not_harmful,not_harmful,0.279154
1289,"This is a second post of the same comment that I had made earlier today, but was taken down.  I am appalled by the lack of professionalism and bias of whoever took down my post.  I made a call to WW and was told that the web editor as well as the journalist who wrote the article can have access to take down comments.  I would like to know why my rebuttal was taken down.  I believe it was due to the fact that it did not serve the purpose or agenda of certain individuals.  This confirms for me wha",not_harmful,harmful,0.542650
1290,From.,not_harmful,not_harmful,0.195778
1291,"This is your last chance to LIVE  .-)
Get out of the old age rut before it traps you .....
Keep your present car - it will last a long time - for routine summer/winter driving.

Then you must go out and buy a good second hand Corvette - $25K will get you a decent specimen, and they are inexpensive to maintain.

They are very comfortable & fun to drive, getting in/out will provide exercise - and your age will be reduced by at least 20 years or more !!",not_harmful,harmful,0.803857
1292,I is a dump,harmful,harmful,0.733707
1293,"Powell had a personal email account that was set up and secured by the State Department for communicating with people outside the department. The entire system was known and secured by State before any emails were sent or received, unlike Hillary. He did not conduct any department business outside of 2 emails sent to him by aides through his email account. Both were classified confidential last year. Not over 2,000 classified, with more than 20 being classified at Top Secret and above. As the re",not_harmful,harmful,0.801718
1294,Proof?,not_harmful,not_harmful,0.125740
1295,"I let scientists debate science as you should. 

Stop being so scared of the truth",not_harmful,not_harmful,0.457783
1296,"You missed a huge piece of that line...""accuses the couple of possessing a sexually explicit photograph of a child,"".  Just for further reference,  
ac·cu·sa·tion
ˌakyəˈzāSH(ə)n/
noun
noun: accusation; plural noun: accusations
a charge or claim that someone has done something illegal or wrong.
""accusations of bribery""
synonyms:	allegation, charge, claim, assertion, imputation; More
indictment, arraignment, incrimination, recrimination, inculpation;
suit, lawsuit, impeachment;
informalrap, blame ",not_harmful,not_harmful,0.116299
1297,"In a Toronto area park, a small stair case was necessary to climb up to the sidewalk.  A resident complained to his city representative's office, the park's dept engineering department suggested it would cost approx $100,000+ to build to City of Toronto standard.  Same resident takes up a collection and builds a serviceable stair case for $600.  City comes along, takes it down and replaces it with a $10,000 version.  Probably slightly better but not sure it should be 15 times more expensive.

Be",not_harmful,not_harmful,0.479619
1298,"Sounds like Erin is the candidate of choice for lawful and responsible gun owners!

Thanks for info!",not_harmful,not_harmful,0.032086
1299,Hypocritical GOP legislators like Gardner claim to be pro life but turn their backs on innocent people by enabling gun violence.,harmful,harmful,0.757847
1300,"Agreed. Try to find a basic set, by which I mean an assorted building set that isn't a Star Wars model or a kit that builds only one thing. Seems like they only produce spin offs from their movies, instead of trying to get young kids hooked on the building blocks.",not_harmful,not_harmful,0.264654
1301,Trump will be gone before he is 200 days in office.,not_harmful,not_harmful,0.491780
1302,And to think someone with an emergency from Shanghai or Tokyo has a better chance of getting out for treatment than someone from King Salmon just a few miles away...,not_harmful,not_harmful,0.176000
1303,"Loans for Bombardier a painless boost for Tories

.theglobeandmail.com/news/national/loans-for-bombardier-a-painless-boost-for-tories/article1057473/",not_harmful,not_harmful,0.241201
1304,There are children requiring advice/encouragement.,not_harmful,not_harmful,0.062105
1305,Lots of Republicans prefer legalization and think the drug war is pointless and expensive. Read the National Review on occasion. They've been for legalizing pot for at least 30 years. The only reason it's a gateway drug is because it's illegal. To get it you establish a relationship with a dealer who would rather sell you something more expensive and more addictive.,not_harmful,harmful,0.808876
1306,"Yes, and many Canadians go without dental, chiro, and massage services because they can't afford them.  As for plastic surgeons, they do both private (tummy tucks, botox, etc), but they also do major reconstructive work with public dollars using public facilities, which is totally appropriate.   I'm not sure whether a health outcome criteria should be whether the doctor is doing ""very very well"".",not_harmful,not_harmful,0.035268
1307,"Mr. Morse,  I am sorry you were always picked last for dodgeball.  Your elitist attitude is why Mr. Trump was elected president. Grow up.",not_harmful,harmful,0.966620
1308,UM Waianae comp is classified as a hospital it has a 24 hour er,not_harmful,not_harmful,0.186701
1309,"Bob Karman, bulky trash cannot contribute to a politician's campaign fund or shower them with perks.  Hence, Rail gets funded and the garbage sits in plain sight decaying.

Even Richard Daly, arguably one of the most corrupt mayors in modern times, realized that you have to pick up the garbage without fail.",harmful,harmful,0.578637
1310,"Why do we have an Inspector Clousseau as Foreign Minister.
His performance retrospectives are extremely modest and he does not appear to have improved them in his current job",not_harmful,harmful,0.668405
1311,"I wish people would stop referring to these movements as populist.  What I see is a mixture of economic and ethnic nationalism blended together to resist the global movement of people and goods in an attempt to preserve an unsustainable standard of living that was created by the post-WWII boom.  It's reactionary and relatively simplistic in terms of confronting the complex problems that have created our current situation.

Calling these people populists groups together people with a wide dispari",not_harmful,not_harmful,0.037254
1312,Not likely.,not_harmful,not_harmful,0.167232
1313,Global warming may be real but carbon taxes only serve to steal from the economy with no achievable results. Finally someone who refuses to drink the carbon tax cool aid. I do not like a Trump but I like this move.,not_harmful,not_harmful,0.090067
1314,"Omar Mateen committed the Orlando LGBT Pulse Dance Club massacre (killing 49 and wounding 50 more) while shouting Allahu Akbar, yet you still managed to blame Trump, white conservatives, and the NRA. Even in the face of overt Islamic terrorism, you find a way to not see it. This narrative and all future episodes will all have the same plot,",not_harmful,harmful,0.738554
1315,I was without power for almost 15 minutes. It was horrible.,not_harmful,harmful,0.532430
1316,I read this and I weep for Canada.,not_harmful,harmful,0.640649
1317,"Well, we did elect a PM with artificial intelligence......all be it the Beta version.",not_harmful,not_harmful,0.125796
1318,"Cory, here is what said: 'We condemn in the strongest possible terms this egregious display of hatred, bigotry, violence, on many sides'.  That pretty much covers it for me, now go hug your leader Mitch McConnel and let the President handle this....",not_harmful,not_harmful,0.253322
1319,this passenger brought it on themselves by refusing to comply with the airlines request,not_harmful,harmful,0.613794
1320,"How on earth do you make a truth statement like that ?  Do you secretly run the GAO at night ?  If the opposition stonewalled Obama then perhaps it wa with good reason, and the supposed trillion it cost us seems like pennies in the bucket to the ten trillion added to the deficit under his watch",not_harmful,harmful,0.743483
1321,Are you really so sure?  Are you thinking that the Husky offense will have another off day?  Or that they will let the backups play down to the Ducklings level?,not_harmful,harmful,0.711477
1322,"I am the father of two daughters, I think the church hierarchy is already feminized thus why the men are leaving.  I am married and my vocation is as a husband and not a priest.",not_harmful,not_harmful,0.175674
1323,"Yes, the team is very white and male. And that's so typical of the liberal elites in Canadian public life. It's invariably a case of ""do as I say, not as I do."" They're quite happy to implement race- and gender-based hiring for the lower levels -- but not when/where it threatens their job or their area of privilege. It's the same with the great green religion. Highly-paid executives, celebrities and professors talk up a storm about the virtues of ""sustainable development"" and the evils of ""clima",not_harmful,harmful,0.873165
1324,In our parish we have both Latin Tridentine Mass and the New Mass.  Your comment does not provide evidence that Conservatives did everything to prevent its implementation. Please try again.,not_harmful,not_harmful,0.036690
1325,"demboski-

i'm gonna get you!

sincerely,
the boogie man",not_harmful,harmful,0.893663
1326,"The amount of reported income grew from $31.8 billion in 2000 to $81.6 billion in 2015. That's a CAGR of 6.07%. 
Some might, for their own reasons, opine that that's bubble territory. But does that really meet or even come close to the definition of a bubble: ""a situation that is isolated from reality or unlikely to last""?",not_harmful,not_harmful,0.069523
1327,You did NOT cut the budget. Lora Reinbolt exposed that you have INCREASED the operating budget $13 Million and it is still at an unsustainable $8.2 Million.  We are watching you.  Let's announce a 25% layoff of state employees and we'll believe you actually cut something,not_harmful,harmful,0.717984
1328,"So, what now?  Is Trump going to outlaw the manufacture of opioids? The DEA is out of control and has been for years.",not_harmful,harmful,0.743458
1329,I liked the fold back option on the Avalanches but the drive train and emissions system was terrible.   I love to see that on a Dodge.  Great feature.  Back seats when you need it and 8 foot bead when its needed.  The tonneau cover was handy as well with the separate sections.  You could put 8 foot sheets of drywall in the back out of the weather.,not_harmful,not_harmful,0.287245
1330,"The NYT's credibility has declined to such a degree that its reporters can no longer be called ""journalisits."" They are ""bloggers.""",not_harmful,not_harmful,0.371299
1331,"If we could just agree to call it climate change, then maybe we could also agree to work on slowing down some of the forces involved. What would be harm? It's clear that the increase in clean energy jobs would more that make up for the dirty-energy jobs lost, as if that were the only consideration. So the economy isn't better off if we ignore it. We have some sea walls to build, some policies to change ... of course we can't prevent forest fires, but maybe we can slow the progress of decline of ",not_harmful,not_harmful,0.041921
1332,"Yeah, akgen, too funny man, too funny.  But it's damn true.",harmful,harmful,0.786403
1333,"There have been hurricanes before and there will be hurricanes in the future.  People know this.  It's a business risk for anyplace in the Caribbean.  

 Some islands have had serious damage but with help and insurance they will rebuild.  In fact the silver lining is that there will be lots of economic activity because of the rebuilding process, plus they build improved infrastructure .  

But to suggest this is the death knell for tourism down there is laughable.  Much of the Caribbean or the g",not_harmful,not_harmful,0.239361
1334,"The latest job numbers look pretty good, and anyway, a country isn't a business.  Where is O'Leary on foreign policy, environmental issues, defence and all the other important files?",not_harmful,not_harmful,0.184077
1335,"Why are you lying, Margaret?  Lisa has NEVER stated she intends to vote for Trump.",not_harmful,not_harmful,0.296434
1336,"US Energy and Commerce department helped Xcoal sign agreement for US company to ship 700,000 tons of coal to Ukraine",not_harmful,harmful,0.558990
1337,"Agirl:  Congratulation.  You've sunken to a new low.  First you accuse President Obama of being a closet homosexual.  Then you belittle Michelle Obama as a ""cow.""  Have you no standards of decency?  Gary Crum",harmful,harmful,0.880990
1338,Yes tRump's cabinet picks are dripping with unethical behaviors but that's the normal in the Republican establishment.  When the swamp is replaced with new unethicalgators what's America going to do?  Keep them in office like their PG in Cheat.,not_harmful,harmful,0.935029
1339,"Sure, Vinis can think or feel that way about Trump, but as the mayor her public display of HATERED for somebody undermines her ""welcoming"" theme just because she happens to disagree.  It makes her appear hypocritical, childish, and unprofessional.",harmful,harmful,0.948623
1340,"Trump's budget should ""stir unease"" in everyone. He's destroying America bit by bit.",not_harmful,harmful,0.732738
1341,How much do Alseste and O'Doully think it costs for government lawyers and 4 years in those courts ?,not_harmful,not_harmful,0.229311
1342,"YOUR property? It is the property of The People, dimwit, lazy, non-essential ""city planner""!!! That this family tirelessly gave of themselves to make your city more beautiful, should give you pause. To think the crony ""gifters"" estimated what, $15,000.00, just so they can deduct it from their taxes, while the Perez' did it for free, should make you all think about what charity really is. Not a tax deduction. Why the ""Lady Lavtar"" didn't go change into suitable clothes and help, perhaps with her ",harmful,harmful,0.954082
1343,"GOP is now a DIRTY WORD.

No one wants to be associated with it.",not_harmful,harmful,0.770349
1344,"different governments, different ministers, same problems.  The only constant is a self serving bureaucracy.  Cut VA public servants and cut very deep",not_harmful,harmful,0.816385
1345,No it's on the north side of 88th which is / has been the generally identified demarcation between Arvada and Westminster.,not_harmful,not_harmful,0.053980
1346,"yet humans are living longer than any time in our history, that our air and water are cleaner now than anytime since the beginning of the industrial age, ya right loser, keep living that nonsense you are stuck in",harmful,harmful,0.914490
1347,You are referring to the Ontario Government???   This was a made-in-Ontario-government DISASTER.  I am very angry that government agencies did so well out of this debacle.  HOOPP comes to mind.,not_harmful,not_harmful,0.386994
1348,"Eve,
You make some good points, and the commentator's points below are also very much on point.

I take issue with you buying into the government's socialist BS whinge that 16% of the population have access to 80% of the Doctors and healthcare providers.

SO WHAT? They are paying for it, on top of paying for the other 20% of Doctors and healthcare providers that service 80% of the population through taxation.
Private medical schemes, like private security is actually another form of tax - people",not_harmful,not_harmful,0.125745
1349,"Whoops, I thought we fixed that! Thanks, Cairn. The meeting is at 6 p.m. Tuesday, June 6.",not_harmful,not_harmful,0.020814
1350,"I agree with everything you said. I just think that we need to error on the side of leaving individuals the right to make choices about how they want to live while of course weighing that against the cost to society as whole. Also, I don't view using alcohol or marijuana in moderation as a totally terrible thing like some of the commentators on this thread seem to (I'm not implying that you are one of those people). I think there are benefits for some people in some situations from using various",not_harmful,not_harmful,0.069291
1351,Wwwaaaaaa..... mommy.... wwwaaaa.... USA is turning away from the Marxist/liberalism and we can't stop the Trump Train of Alt Modernism.  WAAA..  change my diaper ... I just sheez on myself. - Carly Bernstein,harmful,harmful,0.894450
1352,It was our public education system which pumped our heads full of the Evolution and Big Bang theory.,not_harmful,harmful,0.603381
1353,"Stabilize the market, dammit.  Do NOT blow up the ACA.  Do what you should have done in the FIRST place, without the histrionics and political hay-making, by restoring the Risk Corridors provisions, and maintaining the Cost-Sharing Reductions. Your Republican constituents SUPPORT the ACA, but we all recognize that it is not sustainable without the changes that were originally proposed (and then discarded) by Republicans just after it was first passed.  You CREATED this crisis, by failing to fund",not_harmful,not_harmful,0.165839
1354,"Look at south end of Forks, a real garbage dump, with criminal illegals living there, right next to visitors center! How nice! Welcome to Forks and the garbage Dump trailer park that looks beautiful!!!!!!!!!!!!!!!!!!
LOL LOL LOL LOL LOL !!!!!!!!!!!!!!!!!!!!!!!!!!!!!!!!!!!!!!!!!!!!!!!!!!!!!!!!!!!!!!!!!!!!!!!!!!!!!",harmful,not_harmful,0.204338
1355,"This dude should have left well enough alone.  I mean, Pete Kerns decided not to go forward with disciplinary action and the next thing you know he's suing the city.  He's lucky he didn't get canned.  Yes, I realize the city decided to suspend him, but I still feel like he's an idiot for pressing the matter.",harmful,harmful,0.974572
1356,That was more my point.  Not that the allegations are unfounded.  I don't know that.  It is that O'Leary is publicly whining again about the party he is trying to lead.,not_harmful,harmful,0.583022
1357,Bow to the God of Trump.,not_harmful,harmful,0.834010
1358,"Yes this state has been run  by democrats.  That is something to be proud of.  While demcorats are far from perfect, at least we don't have  a governor who believes in making traffic jams as punishment to a local mayor.  Republicans have more than their share of problems.  Seems like most republican governors have just a slight problem with balancing their budgets after giving huge tax cuts to the rich.",not_harmful,not_harmful,0.388222
1359,"So assuming the suspect is like the victim, around 18 and female, what goes through the head moments before doing something stupid like this? ""Gee, I've had enough of not being incarcerated, let's get behind bars for life I'm bored.""",harmful,harmful,0.693820
1360,"Spanking or any use of force to correct a child is wrong, It is the lazy way of dealing with disciplinary issues and form my experience is done when your temper is controlling your actions.. You want your child to behave, then model the behaviour and reason with them, failing that there are other sanctions such as taking away activities or grounding.  I never once spanked either of my two children and they have grown to be successful well adjusted young adults of whom I am very proud of.  I was ",not_harmful,not_harmful,0.101417
1361,"Different set of problems, and their populace is very giving, non-invasive (unlike ours), well educated, and generally behaves with a lot more self-accountability.

Yes, it most certainly a different environment.  It isn't one without problems, but it lacks the issues that I find very unforgivable here.",not_harmful,not_harmful,0.201835
1362,"What the U.S. calls it is not what is defined in the dictionaries of the world and so it is not a valid argument.  If the ""United States calls [this] 'modern day slavery"", why is the U.S. allowing it on those fishing boats operating out of Hawaii.",not_harmful,not_harmful,0.365995
1363,"Did anyone see the mayor on the news last night? Now he's saying 10 years ain't enough, and he knows full well 10 years ain't enough. Tokuda and Luke WILL cave as advertised, and Hawaii will continue to blow $20 billion or more on a train to nowhere that no one will ride. Tokuda and Luke: I can understand if someone is pro rail, I can understand if someone is anti-rail. What I can't understand is why you two jag offs make like you're so against blowing more money on this wasted project, give the",harmful,harmful,0.974453
1364,"Great point. I remember the concern Canadians had for a thickening of the border. People seem to forget that our relationship with the US is critical to our prosperity. Some will say, ""free trade with China"". Be careful what you wish for.",not_harmful,harmful,0.697571
1365,"Yes trump is only for the rich, while I see Obama has been traveling all over with the rich billionaires as well since his departure.  Where is the SA story of 3 CNN reporters being fired for telling lies of trump and Russia for the 2nd time.  What about the fact that Obama care is failing and needs to be fixed, but none of the Democrats have any input on how to fix it.  Don't think it needs to be fixed?  Talk to your own doctor on how great the ACA is.  Now talk to your individual paying for th",not_harmful,not_harmful,0.066675
1366,"Here we go with that ""Russian influence on the U.S. election"" thing one more time.  Whatever happened to that idea that: The West doesn't understand the Russian mindset and for their part, the Russians find that what they see being presented in the Western news media is completely incomprehensible to them?  Certainly the Russians have zero influence on the ""tone"" of news stories that appear in Western media.",not_harmful,not_harmful,0.115065
1367,"Remember when you were sure that Bush Jr and Cheney were going to be the worst and most corrupt administration in history?  Cheney is probably booking dinner in San Francisco now.  ""Wear the red dress Lynn!  We're going out tonight without a spit guard!""",not_harmful,harmful,0.859810
1368,"""Fake News"" says the fake president.",not_harmful,harmful,0.759959
1369,The Chinese were addicted to opium long before British traders and corrupt Chinese officials got involved with it. Most of the bad synthetic drugs now come from illegal Chinese factories.  Is that aggression Justy ?,not_harmful,not_harmful,0.444236
1370,This story says more about her than him.  Grace and civility do not define her.   Sad for her.  No can be said politely.,not_harmful,harmful,0.674307
1371,"Canada barely has any peacekeepers at all so why is it hosting a major peacekeeping summit? Politics and brand image made even more crass by the ongoing fiasco in trying to find a peace keeping mission to its liking.
Based on the current Canadian deployment, 3% of its peacekeepers have been involved in sex crimes. 
""The third incident is also from 2015 and still under investigation."" is ridiculous and is nothing more than a get out of jail card.",harmful,harmful,0.841252
1372,"""Spectators don't seem to realize how many sacrifices and hard work goes into getting rich.""

The two individuals called out in this article inherited their wealth.",not_harmful,harmful,0.504992
1373,"To the kid in the little black car who flew by my daughters bus, with stop lights flashing, on Jones Rd at about 65mph...

Don't do that again.",not_harmful,not_harmful,0.179777
1374,"I'd be interested to see how those delinquency rates line up with credit card, car loan and line of credit defaults. i.e. are people missing payments on non-mortgage debt so as not to default on their mortgage?",not_harmful,not_harmful,0.070008
1375,"""Hillary is missing some character traits most people want in a president: honesty, judgement, principled""

Because trump exemplifies these principals at all? I am not voting for Clinton, but there is NO way Trump is even a choice for me. 

Everyone says those are the two choices, that the Supreme Court will be chosen by them alone, but that's because EVERYONE KEEPS THINKING THAT. You have a third choice whether you want to realize it or not. Vote Johnson and do away with both of these incompreh",not_harmful,harmful,0.972175
1376,"Ah, anonymous sources ala CNN fake news.",not_harmful,harmful,0.720417
1377,"Our elections are no longer representative of the people.  Democracy has been rendered illegitimate by endless money buying Right Wing agents to gerrymander our districts, and unrestricted lobbying, ad the ""citizens Blighted"" decision on the Supremely illegitimate Right Wing Court.  Republicans don't play by the rules or the law.  Why should anyone else?  It's just getting worse.",not_harmful,harmful,0.712444
1378,"Well maybe he can ""Architect"" something here and fix it.  After all he is a mastermind just ask him.

Another bad choice by Junior as a Minister.",not_harmful,harmful,0.844587
1379,"To assume that Indigenous Peoples are all of one mind, as this article suggests, appears ludicrous.  Most have divided opinion and can't agree on specifics.  Some come to agreement when others are adamant in a negative position.  In some cases, I believe that conciliation can be impossible and when we try, it takes too long.",not_harmful,not_harmful,0.081149
1380,"Not an ideal situation for sure. If you have an account at Territorial Savings, you may want to move your money to another bank, or better yet, a credit union. Your money at Territorial may be paying for this inflated salary. $200K+ is probably more than the President of the United States makes if calculated at an hourly rate.",not_harmful,harmful,0.536005
1381,"Obama tried to limit gun ownership, but the republicans prevented him. (Just in case you are interested in facts that are not ""alternative"" and of Breibart origin.)",not_harmful,not_harmful,0.442126
1382,Muzzling? The worst healthcare muzzling is going on in Alberta with the Alberta Dental Association & College's attempt to cover-up their quirky lawyer-complaint director's goal of preserving the integrity of the profession at all costs. Using lawsuits and disciplinary actions against dentist whistle-blowers has reached levels of insanity- ethically and legally they authorities may be looking for trouble as these come out in appeals to the court system and outside the kangaroo courts where the ju,not_harmful,harmful,0.884772
1383,"With all due respect to the Hutcheons (I'm sure they throw a mean opera fundraiser), I would much rather have attended one of Borje Salming's parties, circa 1985.",not_harmful,not_harmful,0.353669
1384,"Sad.  Someone will have to die before the State does something.  Typical reactive gov't.  Last time I heard that public alcohol consumption was illegal.  But, it seems the gov't is picking and choosing which law they're going to enforce.  Meanwhile they ban sparklers because obviously smoke is more dangerous than alcohol.",not_harmful,harmful,0.846727
1385,"Geez, hasn't Las Vegas suffered enough without a visit from this clown?",harmful,harmful,0.846312
1386,The truth is in the tax return.....,not_harmful,not_harmful,0.197513
1387,"But isn't it great that they're finally resuming ST:F with the new SyFy original series, ""Star Trek: The Expanse"". I hear they're going to be making a book series out of it, too.",not_harmful,not_harmful,0.129176
1388,"Nope, I think you're wrong. If they indeed are continuing the SdA health-message heritage, then they need to call it something other than social justice.",not_harmful,harmful,0.562522
1389,And then he was reelected by taking credit for the work of others in a state where a majority of the voters were brand new to the state and had no idea what had actually brought about the passage of the pipeline authorization bill or the moon shot broadcast or the dozen other things he took credit for that somebody else actually did.,not_harmful,harmful,0.511927
1390,"Now, I agree with you. Had the discussion been framed like that at the beginning, I would have had no issue. I agree that it's on us to make the change, but I don't think it was fair of John to make us all out to be violent and not respect life just because there are issues in our culture that we aren't solving.

I personally don't know what the solution is either; it's a complex issue and there are different contributing factors. I personally think that mental health is the biggest root cause, ",not_harmful,not_harmful,0.024872
1391,"The Kurds saved Iraq's bacon despite previously suffering from chemical attacks by their own government.

It reminds me of Jerry Potts and Canada. Jerry Potts saved the RCMP's bacon and the lives of their members as well as the lives of many Canadians. He prevented western Canada from becoming part of the US. 

Who is Jerry Potts? If you don't know, maybe do an internet search and learn about Canada's history.    

How is Gerry honoured & remembered? Any statues in Ottawa? Any states at an RCMP ",not_harmful,not_harmful,0.095784
1392,"Trump is giving back the two spying outposts in the US that were shut down last year.
Putin is laughing at how little he paid for Trump...
https://www.washingtonpost.com/world/national-security/trump-administration-moves-to-return-russian-compounds-in-maryland-and-new-york/2017/05/31/3c4778d2-4616-11e7-98cd-af64b4fe2dfc_story.html?utm_term=.e5c4e1c68229",not_harmful,not_harmful,0.357846
1393,"Oh, only a 135,000 acres.  Boo-effing-hoo.

It's 100 years later in France.  Time for Christians to take a stand instead of complying with an old law.",not_harmful,harmful,0.879923
1394,"We continue see incidents of police brutality and, unfortunately frequent incidents of unjustified shootings.  We know and acknowledge that a policeman's and policewoman's job is dangerous, difficult and very stressful.  Perhaps the best way to help reduce the incidencts of police violence is to, somehow, address both accountability and emotional support for officers.  Something must be done and done on a national level.  With each shooting or gratutious violent incident, the respect for the pol",not_harmful,not_harmful,0.436837
1395,"Nonsense
Workaholics do not have the attention span of a toddler ............",not_harmful,not_harmful,0.311656
1396,"RRSP is a tax bomb waiting for most if left to retirement.   I believe that years from now when I....or if I ever retire the RRSP will become a liability of tax ruination.   The current gov forcasts deficits out to 2055.. and they are already talking about taxing peoples dental/health benefits!    The tax rates in the future will go up to pay for gov services the public demands, but the majority of taxes will go to pay for debt interest payments affecting other programs.  Nonetheless brackets wi",not_harmful,harmful,0.795178
1397,Dude get with the program. people smoke drink gamble its their life and there money. if they wanna blow it on skunk whats the prob I'm making a large a week.. you wanna do some good try stopping a 400 pound local from chowing down on zippys and tell him to eat kale. you'll be on the news at 10 with 2 black eyes.,not_harmful,harmful,0.940919
1398,Let me congratulate you on your use of capital letters.,not_harmful,not_harmful,0.059956
1399,"Thank goodness the President can still go golfing and get some exercise, instead of having to deal with an Islamo Facist Terror attack like London.",not_harmful,harmful,0.708589
1400,Buh bye.,not_harmful,not_harmful,0.092033
1401,"Yeah, well, this article first appeared on July 3, which is 9 days ago, so there you have it!",not_harmful,not_harmful,0.014706
1402,Canada will not be competitive in any market when the carbon taxes kick in.,not_harmful,not_harmful,0.498033
1403,and who ensures that Judges follow the Law ?,not_harmful,not_harmful,0.161975
1404,"""had the murderer had ""suppressors,"" it would have taken longer for the police, and the people to know what's going on""

I doubt that.

At ~400 yards, people downrange are probably going to hear the ""crack"" (sonic boom of a projectile moving at 2-3 times the speed of sound) at least as loud as the muzzle blast of an unsuppressed rifle.

Around my house (within 1/4 mile), people shoot all the time. I often hear the ""boom"" of a large-caliber handgun. I almost never hear the ""boom"" of a rifle - I h",not_harmful,not_harmful,0.150362
1405,"So,, YOU had the perfect childhood with the perfect parents? Did YOU ever stand up to anything your father said?",not_harmful,not_harmful,0.186645
1406,What a crumb.  Sounds like a DV case.  Hope the woman takes measures to get out of the situation before she gets seriously injured or even killed by him.,not_harmful,harmful,0.770149
1407,"U.S. law enforcement and intelligence agencies are also examining intercepted communications between Mickey Mouse and Pluto, details will be explained by CNN shortly.",not_harmful,not_harmful,0.108118
1408,Again?? They just don't get it ???? Thank god he didn't kill anyone else !!!,not_harmful,not_harmful,0.194240
1409,perhaps the crazy people aren't criminals until they have easy access to high powered weapons.,not_harmful,harmful,0.581528
1410,"""...a cum laude graduate of an Ivy League college...""

Yet she doesn't know the meaning of ""complicit.""",not_harmful,not_harmful,0.156529
1411,"Yes, contracted specialist/technical writers can get R3-4/word, although some op-ed writers don't get paid - it's like a letter to the editor (I don't know DM's arrangements). I'm not saying Ivo doesn't write well - he does, but he regularly dredges up tired and unconvincing themes.  
Generally, whether they're paid or not, some of these pieces on DM shouldn't have been accepted because either the premise or argument is weak or writing not particularly good, like the one about toilets yesterday.",not_harmful,not_harmful,0.366278
1412,"CLINIC (Catholic Legal Immigration Network) has many good resources.  When I worked for a non-profit (it wasn't Catholic), I used to participate in presentations/chats with various faith-based groups, but it was very hard to break through to Catholic parishes.  I don't really understand the resistance.  It seems to me that dioceses and parishes ought to be reaching out to CLINIC for help and guidance.  Also, parishes have members who are immigration attorneys, who I am sure would be happy to wor",not_harmful,not_harmful,0.022902
1413,"No, it is Simple, House them at ACLU !",not_harmful,harmful,0.727043
1414,"Dave, you can choose whose message you signal boost. Trump is signal boosting the KKK and global white nationalists. That's why they love him so much. Not only does he incorporate their ideals and messaging in his speeches and tweets, he has repeatedly retweeted actual, out and proud white nationalists. Not once, but repeatedly. Do you think it's a coincidence Trump had and still has more passionate white supremacist  support of any presidential candidate since segregationist George Wallace? 

H",not_harmful,harmful,0.848139
1415,"You know, in about a year, maybe two years, when the unemployment rate in Canada goes into double digits and people start paying for all these Carbon policies with higher and higher prices, Steven Harper will stand up in front of a gathering and give the shortest speech in history from a former Canadian prime minister. And, I can even give you the contents of this speech: ""Friends, I told you so, but you wouldn't listen.""",not_harmful,not_harmful,0.484864
1416,"A Trump Presidency is a disaster in the making. It’s just not financial instability — but also military, world order, social and political. Americans will feel the brunt of the ensuing chaos, but the global community will also suffer at the hands of a man ill-suited to the task of leadership at any level.  
Trump’s election has dashed hope for the future, for the vast majority, and everyone is in for a very rough ride over the next four years and possibly longer.",not_harmful,harmful,0.888815
1417,"Over the last few years, there has been an increased use of drivers licenses from other countries for those residing in metro Vancouver. If you are living here on a ten year visa, you simply use the  drivers licence of your originating country.

How does ICBC go about collecting fines levied againt these licences? 

In fact, the police and ICBC have no way of knowing  that the licences presented at time of an infraction are even legitimate. Concerns by the RCMP a few years ago over the validity ",not_harmful,not_harmful,0.111373
1418,I'm not saying Democrats are perfect but Republicans are crazy!,harmful,harmful,0.600497
1419,"Jack Reacher is referring to the Bush/Cheney ""Monkey Court""................
............... When Khadr took the Harper Government to a real court in 2013 he won .
The Harper government already wasted $5,000,000 in lawyer and court costs ............
..................... only to lose defending the indefensible
.................... after kicking the can down the road until after the next election",not_harmful,harmful,0.652433
1420,"It's not that simple, though. In the US there is no federal ban on gestational limit, but 43 states have prohibitions on gestational limits, from 20 to 24 weeks, according to the Guttmacher Institute. Also, https://www.washingtonpost.com/news/fact-checker/wp/2017/10/09/is-the-united-states-one-of-seven-countries-that-allow-elective-abortions-after-20-weeks-of-pregnancy/?utm_term=.f05c1cebbd1f

PS. My toenail clippings are human.",not_harmful,harmful,0.525489
1421,"This is unbelievable. If the man hadn't resisted, it wouldn't have been a problem. The police stayed remarkably calm.  Of COURSE the police felt threatened and like the situation could turn dangerous. The majority of the people in that crowd/mob had no idea what was going on.  It was simply angry, easily incited people who are biased against the police and have no ability to think rationally. If I had seen this incident? I would have been frightened - not because of the police, but because of th",harmful,harmful,0.907506
1422,"Here in Steveston (Richmond), there is a 32 unit condo development (Roderick) that will be  going up on the site of Rod's Lumber right in the village. Prime location. A friend of mine who is  downsizing from their house was interested in purchasing one of these units. He was told that it  is all being listed for presales first overseas, as a litmus to best and maximum possible price.

If - and only if - anything is left over, then presales will be available locally.",not_harmful,not_harmful,0.142887
1423,"You nailed it on the head on that one. Kudos to Sen. Jill Tokuda for speaking on behalf of the taxpayers who are already overburdened. Each time we raise property taxes on homeowners who rent out their homes we effectively raise the rent. What do you expect the homeowners to do? The cost of living in Hawaii is so high that homeowners, too, have to raise their prices much like the way other business owners such as those that own the grocery stores. Rentals are a commodity. If you drive up the cos",not_harmful,not_harmful,0.182440
1424,I wonder if these protesters care that they are being used for the latest photo op?,not_harmful,not_harmful,0.339544
1425,"Remember if American left wing or Democratic politicians have to choose between Canadian jobs or American jobs,  they'll choose American every time",not_harmful,harmful,0.700234
1426,"you realize you are REQUIRED to use cmhc unless you have 20% down right? , see its a government mandated  fee.. and having taking in 4 billion more than they needed is over charging every one who had less than 20% down and had to buy it,, THATS the problem!",not_harmful,not_harmful,0.449181
1427,There is no precedent for the Green Energy act.,not_harmful,not_harmful,0.110812
1428,"Pedantics in fact. Just supports my last post. In a game of grammar pedantics with you against me, I'd be slaughtered.",harmful,harmful,0.929225
1429,"Nickels and dimes don't buy dollar service, or high quality bike trails. Robust public transit and bike lanes will keep driving possible as the city grows. High density planning is needed instead of more exoburbs. As a biker and driver, I see a lack of infrastructure on both roadways and the time to improve them is now.",not_harmful,not_harmful,0.105486
1430,Foolish Drumpf. Foolishness is bewailing its existence having to be used to describe this blight.,harmful,harmful,0.879185
1431,"This article is not about vague, general notions of ""pattern construction"" but specifically about writing computer programs.",not_harmful,not_harmful,0.049931
1432,"Some years ago, I heard an open mike error by a political insider which went...""..you don't think we are going to let the mob decide, do you?"" I thought at the time that  i was hearing extreme arrogance at the leadership level.  Trump's administration has opened my eyes.",not_harmful,not_harmful,0.096099
1433,"Oh man, your reasoning is weak tea.

Economists are henchman of the political elite. Good grief, economists are necessarily biased because they are hired by whom? Answer:________________.

Dire Straits - Once Upon A Time In The West
www.youtube.com/watch?v=GS5JOAdZH18",not_harmful,not_harmful,0.206054
1434,"and, one more thing: from my bucky beav fav burrito vendor  in corvallis, locker room chat is all centered on one game. heard focus off and running. he indicates the chain saw melody will ring out every down. while pumpkins have to play in autzen this year, it's a determined crew with the nall gun and will attempt to pound the full four quarters. could be a game. (steve: when you borrow my words, give me credit)",not_harmful,not_harmful,0.093471
1435,"I'm not sure how this relates to your earlier comments.  Are you saying that you are a Judas debate fan-boy and want to debate with others?  I'm not, so you will have to go elsewhere, if this is something you are asking of me.  I find the debate to be a decent into the maelstrom where, for lack of evidence, the ships on both sides meet their end.",not_harmful,harmful,0.663967
1436,"The ""Run and Shoot"" lives here in Hawaii and in the CFL. And to think just a couple of years ago a SA sports ""commentator"" said the run and shoot was dead and we should run the triple option.",not_harmful,harmful,0.807586
1437,"What happens?  You get to spew--err--state your opinions, Wig and then you're able to check back and see who loves ya, who hates ya, and who thinks yer funny.",not_harmful,harmful,0.721458
1438,"Actually, that party is more closely aligned with you and Hillary.",not_harmful,not_harmful,0.481288
1439,Another trump voter.  Your written form of English is incomprehensible - are you trying to say something other than what you imply?  The apple does not fall far from the Orange Buffoon.,harmful,harmful,0.969031
1440,"I've been a patient of Dr. Arbor for many years.  She is the warmest, kindest person you could know and a wonderful chiropractor dedicated to healing.  This news is shocking and makes no sense to me.  Whatever transpired could only have been out of love.",not_harmful,not_harmful,0.097979
1441,Big island doctors must be routinely testing EVERYBODY for RLD who comes in sick. Smart practice. Now must do it in Maui and maybe in Oahu.,not_harmful,harmful,0.540462
1442,"Again your point about ""knowledgeable investors"" simply comes from ignoring my point. True, if you only invest in stocks. But even there, if you are a ""rentier"" sort of investor not true. You present a characature, sort of what you used to here in adds. Actual investors balance their portfolios to minimize risk and maximize returns. A very stable return, is a virtue. And if you are balancing a portfolio with bonds and you come across HE it has an Aha! quality. As to the NEE dividend, I only note",not_harmful,not_harmful,0.182818
1443,The IRS is sharing Trump's financial information with special counsel Bob Mueller.,not_harmful,not_harmful,0.321987
1444,Said Kathleen,not_harmful,not_harmful,0.182247
1445,"I don't think the governors, particularly the Democrats, want the truth about vote fraud revealed officially. They like to say it does not exist, which is BS.",not_harmful,harmful,0.646310
1446,My point is we were a Christian society at some point. Sunday store closiers is one of the many evidences of that Christian influence. There are many hundreds more examples of evidence of Christian influences in US history.  Many of those customs are faded away just as the moral compass has faded away. We are on a path to a Godless future that will require a police state because people are not guided by their own awareness of the loving God. He is still very much God and many still have personal,not_harmful,harmful,0.798496
1447,"Don't forget the Macedonians and Julian Assange ,who is really a Russian operative (That is the first time I heard that one).",not_harmful,not_harmful,0.339499
1448,We’re still waiting to hear from you about children constantly creating inspired scriptures.,not_harmful,not_harmful,0.030967
1449,"In order to answer your questions, you have but to research what happened to the tribes in the lower 48. They were actually imprisoned on their reservations. The US had a Termination policy that was designed to extinguish Native people. It worked to a large extent!

Think about what the Alaska Natives are saddled with now in the way of logistics and logistical support. It's very difficult for them to even move their village these days because of power requirements, waste facilities and fuel for ",not_harmful,not_harmful,0.043174
1450,Just shut it down idiot,harmful,harmful,0.805294
1451,Don't forget special team play especially the kicking game.,not_harmful,not_harmful,0.095048
1452,"What? Did you say there is nothing wrong in having an opinion? Especially on the Opinion page, yes? And an editorial is the opinion of the editor. To express an opinion is to express a bias. As a former journalist and, at one time, editorial page writer, I feel compelled to say that unless you find bias within the news (pages) -- such as reporting only one side of a story -- then the Record is NOT biased. Nonetheless, of course, I support your right to express YOUR biased opinion on the opinion ",not_harmful,not_harmful,0.053120
1453,"Slowly, America is being turned into a private club for the well off. That includes public spaces, and if DeVos had her way, public schools. 
Hugh Massengill, Eugene Oregon",not_harmful,harmful,0.511801
1454,"Every generation seems to think they were tougher, stronger and more self-reliant than the ones that follow them. Read some classics and you’ll find elderly ancient Romans whining about the younger generation not being as tough and hardy and serious as them. This kind of whining from Boomers like Margaret (and probably most of the heroes and hard cases commenting on this article) is particularly funny.",not_harmful,harmful,0.758394
1455,"Another Nice BIG Job CHRISTIAN HILL - For your next assignment Christian, let's look at the parallel time line and motivations on the Lane County/City/State LAND SWAP. Who came up with it. Why there was a presiding Lane County Court judge involved with his Oregon Complex Litigation Court managing skills (Civic Stadium). And why another Oregon Complex Litigation Court manager and Coos County judge will decide the fate of the Skinner Donation Land Deed. And what any of this has to do with a new fu",not_harmful,harmful,0.564818
1456,"There are 87 MILLION ACRES of Parklands and Preserves in Alaska as it is already...How many more lands do we have to lock up for a few tourists, who arrive on Foreign Flagged Vessels, and are driven on busses owned by the same Foreign Companies, to stay in the Lodges they own. while buying trinkets made in China......If the damn Wolves are so important to the Tourists, let these Foreigners build a fence around the Park to keep their Money Makers inside the Park, using Foreign Workers to do it...",harmful,not_harmful,0.401223
1457,"Successive governments put these ""loopholes"" within the tax code in consultation with CRA and they continue to be legitimate means of tax avoidance, along with many other measures that exist within the taxation guide. You are not a cheater because you use the system that was designed by government, a system that the government encouraged you to use. Tax avoidance has always been a legitimate method to use, with respect to how much you pay in taxes. One way of looking at it, was to see tax avoida",not_harmful,harmful,0.697847
1458,"Yo...quick call Hollywood, this has got to be the perfect ""script"" for a movie...a bad lo budget one but movie none the less....kind of a cross between the Marx Brothers and Animal House....what a hoot these folks are. Thank goodness though the ""victim"" was not seriously hurt. What would be equally interesting to know is the ""back story"" of these clowns...probably best a documentary film but interesting. Cudos to SPD...and of course the neighbor. Not sure why but this ""gang"" strikes me as hilari",not_harmful,harmful,0.754206
1459,"You do, of course, have to want to live in Mexico ... for a host of reasons, most people don't -- regardless of how far your dollars stretch.",not_harmful,not_harmful,0.064829
1460,To go on a Safari and kill animals is wrong. Where's your ethics?,not_harmful,harmful,0.603567
1461,"1AbbasToronto=Sherhindustan?  It sounds like this guy had made a decent life for himself, what's with this ""locals"" crap.  The ""locals"" seem to ""allow"" businesses such as Babu Catering and Mona's Roti to flourish.  Yes, technology has improved my life, I can book a nice room in a distant city on Priceline for a great price and know it's going to be a decent place via Tripadvisor reviews.  I can also pickup ball tickets in that city via Stubhub, and find maps for the local mountain bike trails.  ",not_harmful,not_harmful,0.251933
1462,https://youtu.be/eBShN8qT4lk,not_harmful,not_harmful,0.295068
1463,"Don Richey, you've once again reduce your posts to name calling and baiting. Especially when the forum takes you out to the woodshed for another lesson in civility. In addition, having multiple avatars to vote with is cheating on your part. A trump supporter who has trouble with fairness and responsibility is nothing new or acceptable. You're in your 70's and one would assume you know better than to always take the low road.",not_harmful,harmful,0.849573
1464,"her grandfather passed away prior to the published article (not book as I previously said).  The article confirms that he was editor of the Nazi propaganda newspaper.  And it states that the information regarding his work with the resistance was unconfirmed.
.
Freeland wasn't in Ukraine during the war, she has no way to know what her family did or why other than what she has been told.
.
look up disinformation ... it does not simply refer to outright lies but also to manipulations.
.
either way,",not_harmful,not_harmful,0.337320
1465,"bullshit - trump is the worse eve fake president.  he cannot speak using more than 7 words in a sentence and constantly repeating himself.  sounds like a broken record.  what has he done to fulfill his promises?  making executive ordes?  these are just empty words, no action.  you need legislation to get action.  just talking about things is totally silly.  he is so dumb and stone would look smarter.",harmful,harmful,0.964217
1466,"If the writer based the information from her article on what Jessie Rice said, There is a lot of details in conversations that no one could know about. No one had access to the details in the police reports, so who knows what was really said. 

Jessie Rice is known for making up detailed lies. She does it because there is usually no one that will question her crazy wild stories, and usually the conversations are not provable. 

Rice frequently lies about abuse to get control over the children so",not_harmful,harmful,0.894857
1467,"Gone Backtohumanity -

This is only true if there were NO public school system. No one thinks Larsen Bay or Quinhagak are going to have multiple, competing private schools.",not_harmful,not_harmful,0.357359
1468,"Simple solution that must have been mentioned previously.

If they have to have that very plot of land for a cemetery and it was voted down by the owners of the surrounding properties, BUY enough of the surrounding properties to sway the vote their way.",not_harmful,not_harmful,0.293121
1469,"Only one country in history has ever successfully made a significant reduction in drug addiction. In fact they achieved more than a 90% drop in heroine addiction. And they did it by doing the one thing no other country has had the courage to do: decriminalizing all drugs and treating addiction as a public health problem, not a crime.
In Portugal if you're caught with heroine (or any other illegal drug), you are paid a visit - not by the police but by a social worker. The social worker will run y",not_harmful,not_harmful,0.216623
1470,well said.,not_harmful,not_harmful,0.081207
1471,"For several years now on the Lars Larson daily Radio show Lars has a gentleman on his show usually once a week  that quotes daily, monthly,  and annual CRIME  statistics, (Rape,Murders, Domestic Violence etc.),  and other statistics  like   food stamp numbers, welfare numbers etc.  He discloses on whites, blacks, latino, mexican whatever races.  Its quite STAGGERING to see the numbers of   Latinos, Mexicans that are incarcerated, or on Food Stamps.   These people are committing the most  VIOLENT",harmful,harmful,0.813777
1472,"Everyone blames the legislature for inaction. But how can they possibly act when there is a populace divided? There are interests pulling in all directions. There are organizations such as AFL-CIO and AOGA playing tug-o-war. There are sharp differences in opinion over taxes, the PFD, and spending interests.

Even if they were to act on something like a PF structure change or almost anything else, there would be a referendum efforts - efforts that would likely succeed. 

It's just a grave situati",not_harmful,not_harmful,0.045736
1473,"Lying on behalf of a lying liar and total loser like this pResident is a ""dream job""? The economy (at least until this pResident screws it up) is doing really well. One would think Spicey could have set his sights higher?",harmful,harmful,0.909303
1474,"More like thanking Africa for being there for America to exploit. He stated clearly that his friends were there to get rich, not to help Africans improve their economic state or to remove some of the huge social imbalances in that continent. Arming Nigeria's corrupt rules against its vicious islamic extremists simply ups the ante in a horrific and continuing de facto civil war and will plunge that country deeper into crisis. As long as oil profits flow to American multinationals, everything will",not_harmful,harmful,0.886257
1475,Igor Gouzenko's revelation in 1945 had revealed the depth and width of the Komintern's agents who penetrated Canada at the highest level. Then came Kim Philby “resident” of Washington DC. It would be naive to think that there are no moles sitting in the highest spots of the USA and Canadian power structure aiming to destabilize the USA and Canadian political systems.. I have had moved out of totalitarian Communists' Poland forty five years ago and all along suffer their harassment delivered by t,not_harmful,harmful,0.721552
1476,"Just as equally, no person of any morality would support the Hamas Charter. Yet, it's often stated that if free elections were held on the West Bank, Hamas would win.",not_harmful,not_harmful,0.354636
1477,"Racist card easy to find?  ""Whites far outnumber Indians at the camps""  It's true or false, but not racist.

Are the whites sycophants?  Many probably are.  It seems that national environmental organizations which oppose oil development in general have been turning these activates at critical junctures.  Are the Indians the white's friends?  Maybe so, but maybe just using the Indian banner for more attention and sympathy.",not_harmful,not_harmful,0.316907
1478,"A day later, and the new system isn't doing well. Russian trolls got a number of first-page posts that were universally disagreed with.",harmful,not_harmful,0.186551
1479,"To the extent that is true, it certainly is done only where he deviates from the Church's magisterium on those matters. BTW, what is ""gender theory""?",not_harmful,not_harmful,0.149344
1480,You have to pretend when your religion is based on deep ecology lies.,not_harmful,harmful,0.799782
1481,"No need to worry , Trump plans to beef up our military as well .",not_harmful,not_harmful,0.121945
1482,From a numbers perspective brock was a genius move.  Cost practically nothing and he's capable of winning games in a pinch.  Pax is on his way out if he doesn't start improving.  And stephenson should have been shown the exit last night right after he took a shower.,not_harmful,harmful,0.938015
1483,Way to go Hawaii...,not_harmful,not_harmful,0.136947
1484,"Apparently there are those that only listen to MSLSD.
Trump has continually denounced hate.  He just did it again yesterday in Arizona.  These people have selective listening skills, and play party politics with the truth.",not_harmful,harmful,0.593210
1485,"= doesn't say any gun has been recovered.  (Alleged) Menacing, possession and unlawful use of a weapon, - and somehow ""interfering"" w/ making a report?    Um, ...okay.

It's an unfortunate sign of the times when citizens (felon or not) cannot properly defend themselves against sweatpants thieves in their own homes and are unfairly hunted down like animals !    I will pray for you Joshua, and for the thousands of starving and abused underage child slave labor workers packed like sardines in their",not_harmful,harmful,0.909172
1486,"""his father was a notorious bank robber""
like the old saying goes, a nut doesn't fall far from it's tree.

Just a matter of time before it too sprouts like sleeper ISIS terrorists.",not_harmful,harmful,0.881605
1487,"Perhaps a better response might be ""nunca"".",not_harmful,not_harmful,0.045416
1488,"We now receive only half the dividend payment.
Does that mean we now only half to answer half the questions of the application?
Or we only half to remain in state half the previous required time?",not_harmful,not_harmful,0.080129
1489,Wow so many people are into their feelings.love you George keep up the good work.,not_harmful,not_harmful,0.041669
1490,Touche ... :),not_harmful,not_harmful,0.039205
1491,"For example, the UK where more than 50% are now openly atheist. Thirty years ago that was about 20%.

Atheism is beating Islam easily.",not_harmful,harmful,0.530347
1492,"An ""exceptionally talented AG"" would not waste his time not to mention taxpayers' monies filing a case with no merit.",not_harmful,not_harmful,0.424951
1493,"Sometimes a war drum is a war drum.

Kim Jon Un may well have been beating his war drum to whip up the North Korean population's patriotic fervour....certainly President Trump  cannot be accused of that , the US population is unstirrable in that regard, anti patriotism seems to be the prevailing mood amongst the elites, the self styled inteloigencia.

One cannot take the promises of tyrants such as Jon Un seriously, but one should take their threats seriously....President Trump is...and if Jon U",not_harmful,not_harmful,0.176959
1494,"Over? Over? As that great American ranted, although one may be discounted and outnumbered and beaten and...psychotic...

https://www.youtube.com/watch?v=ep-xgd_eETE

Hugh Massengill",not_harmful,not_harmful,0.448042
1495,"The book and channel detail true stories and actual videos.

But enjoy the sand.",not_harmful,not_harmful,0.114053
1496,"I'd missed you, SirJohn. Great to see you back. I need a daily dose of irrelevance.",not_harmful,harmful,0.878725
1497,"Nope I dont. the Legislature has been spending far too much for about 40 years and nearly all of the out of control spending has been on social programs and education.

The giant oversize government we have today took decades to build",not_harmful,harmful,0.584066
1498,"IMAGINE

Imagine that the Palestinians and Arab allies

did NOT invade Israel

after the United Nations Partition in 1948 of British Mandate 

It's easy if you try

No hell below us, Above us only sky

Imagine all the people living for today

Imagine there would be a two state solution today

With no more invasions to wipe Israel off the map

It isn't hard to do, Nothing to kill or die for, And no religion too
.
Imagine all the people living life in peace",not_harmful,not_harmful,0.220209
1499,"Sorry, don't agree.  Lisa Murkowski is already a democrat.  She has voted with Obama 73% of the time.  She needs to go. Vote Joe Miller.",not_harmful,harmful,0.898323
1500,"Angela Merkel singlehandedly destroyed European civilization by welcoming hundreds of thousands of aggressive immigrants, who are  mostly without any usable qualifications, openly unwilling to do any work, with criminal and terrorist tendencies denied by or ignored by her thought police and represent an alien value system incompatible with European traditions. On top of that, she pulls the wool over peoples' eyes by declaring that she is doing it out of a deep humanistic impulse. 
If she is said",harmful,not_harmful,0.267561
1501,"so in your delusions we have to always vote left and pay off any amount demanded by unions in the public sector to avoid strikes??? god help us with lunatics like you in charge,",not_harmful,harmful,0.846140
1502,"""It did force us to respect adults.""

I'm not sure that true respect can be forced on anyone.
Perhaps you mean, ""It did force us to obey adults."" 
Obedience isn't necessarily a bad thing... but there's a difference between compliance and respect. I don't always comply with traffic laws but I certainly respect our need for them.",not_harmful,not_harmful,0.015724
1503,"Well, the easter egg in the penultimate sentence was...it's [sic] own reward.",not_harmful,not_harmful,0.133249
1504,"Maybe the cops should all just hand in their badges and quit. Let these feral bandits prey on each other, and let all the pampered, effete white liberals fend for themselves.

PS I wonder:  Did the Globe report on the kidnapping and torture of the disabled Trump supporter by the four young black people? If not, does that mean that the story is fake news?",not_harmful,harmful,0.504421
1505,"garycrum defines ""ad hominem"" as any comment that disagrees with his world view.",not_harmful,not_harmful,0.115016
1506,"Sounds like the Dems are the ones in fear...with all that Rioting......er...I mean ""Protesting"" they do by destroying their own neighborhoods.",not_harmful,harmful,0.767960
1507,"Relax folks.

Trump  is not the first. Remember Joe Clark?",not_harmful,not_harmful,0.099539
1508,These are not the first to make the flight fro Nome to Russia.  A number of years ago a group of private plane owners  made the same trip.  I'll have to have my friend who made the flight post some information on his experience on the journey.,not_harmful,not_harmful,0.059444
1509,Please Kimo don't make it sound like it's more than what it really is.  A/c is the same wherever you go.  If you are talking a hotel ok maybe something different.  But a classroom?   Just stop it!,not_harmful,not_harmful,0.433987
1510,Good.,not_harmful,not_harmful,0.132468
1511,"come on! russia will drill where it wants! and trump will be getting this overturned since the law obama used was never written for this , the  courts will kill obama;s order asap",not_harmful,harmful,0.786083
1512,"No, he listed her crimes, and then gave her a get-out-of jail-free card",not_harmful,not_harmful,0.417642
1513,So now what? You want a list against HRC?,not_harmful,not_harmful,0.318130
1514,"So can I assume you have a similar problem with those who took donations from the NEA voting against DeVos? How about Lisa herself, she received donations from the NEA, would you have a similar issue if she voted against DeVos?",not_harmful,not_harmful,0.088940
1515,"Parents probably take their kids out of state outside of the normal holiday windows because nobody could afford to travel otherwise. If you've ever searched the airfares during school breaks, you'd see just how much the prices are inflated. I'll be one of those parents doing that.",not_harmful,harmful,0.746171
1516,"Democrats have been holding protest rallies, parades, and riots since Trump's election in November, and I have not read or heard of one of them being disrupted by Trump supporters.  What is it with Democrats that they must resort to violence and criminal activities to express themselves?  Democrats always talk about the values for which the Party stands.  Unruly and violent protests appear to be one of them.",not_harmful,harmful,0.588515
1517,"Soon we won't have to worry about global warming.  Thank you Donald Trump :)


From The Guardian:

Donald Trump is poised to eliminate all climate change research conducted by Nasa as part of a crackdown on “politicized science”, his senior adviser on issues relating to the space agency has said.

Nasa’s Earth science division is set to be stripped of funding in favor of exploration of deep space, with the president-elect having set a goal during the campaign to explore the entire solar system b",not_harmful,harmful,0.544259
1518,"Well I have ""deigned"" to answer.

Just in case you missed it: The answer is that the ends do not justify the means. Rape does not justify murder. Go after the rapist and give him the death penalty if you wish--but the child conceived did not rape the women. Therefore the child does not deserve to die for something he/she had nothing to do with.  Incest does not justify murder.  The health of the mother does not justify murder.  Doctors should do all they can to save both.

Now, sir, do you care ",harmful,not_harmful,0.081691
1519,"Uh....without unreformed racists in the South, the GOP would be a small minority political party unable to win a national election. 

Birds of a feather..........",not_harmful,not_harmful,0.160820
1520,Agreed.  That would be FAR more valuable than money,not_harmful,not_harmful,0.096989
1521,You sound like a real nice guy. And would not want you as a neighbor.,not_harmful,not_harmful,0.357796
1522,"Many of us did, he was excellent at trumping Trump's BS. LOL  
And that was always good for at least a smirk.",not_harmful,harmful,0.624139
1523,"Every NFL scout knew that Paxton Lynch was going to be a project coming out of college, as he did not play a pro-style offense, had not taken snaps from under center, etc., etc.  This is year 2 of that project, thus it is not beyond the original realm of thought to think that he would need still more experience and still more practice/classroom training to be ready - especially with the change in offensive scheme.  There's still time in 2017 to let things progress on their own pace, but any hint",not_harmful,harmful,0.672532
1524,"Ok, so hapagay, answer this. Is it possible that your posts reflect that you are completely biased and ignorant to comprehend that you might actually be wrong? Yes or No? Be very careful with answer.  It would be very easy to single out all your posts as being anti-trump.",not_harmful,not_harmful,0.216721
1525,"Bureaucracy is self justifying, expansionist and confomist, as a rule any government should look to trim it during their mandate but that doesn't mean that it does not employ some highly ethical and fair minded employees. Like all human institutions it reflects the society it comes from.  Describing it as pure good or pure evil is an act of ideology.  
That being said, there are occasions where the premise of the bureaucracy itself is wrong and should be abolished. Historical examples would be t",not_harmful,not_harmful,0.456472
1526,Why would a broken taillight necessitate taking a Police Officer's gun?,not_harmful,not_harmful,0.275120
1527,"Budget deficits AND interfering in other countries business. The latter is asking for trouble. 

It invites similar intervention by other countries in Canada. 

NO to trying to influence other countries on THEIR way of life.",not_harmful,not_harmful,0.123441
1528,"“Pro-Hillary gloaters doing end-zone dance again when still on 50-yd line, You must get it in your head Trump is gonna win and act accordingly!” -Michael Moore",not_harmful,harmful,0.746618
1529,I'm still waiting for your mea culpa.,not_harmful,not_harmful,0.474369
1530,Excuse me. You weren't there. I know they were illegal. Until you have been affected by them you have no idea how they affect Americans. By the way I am hispanic!,not_harmful,not_harmful,0.200459
1531,"I think Helen is in a similar situation to the one Maggie Thatcher was in. Maggie had changed the UKs political landscape for the better, but had also started to become a liability.",not_harmful,harmful,0.509696
1532,"The 40 million is after 1973.  But my point is not so much about abortion as the fact that the ease of obtaining an abortion is a symptom of the devaluing of life.  Since guns have always been in abundance in our country, they are not the reason for the increase in mass murders.",not_harmful,not_harmful,0.097837
1533,"Agreed. My wife and our three kids live in the DTE and celebrate the junkies, indigents, drunks, petty thieves and low lifers that populate the streets, the alleys, the parks, public washrooms (always up for a surprise when the girls come screaming back from the Trout Lake public washrooms) in our hood. We never say boo about Nimby because we want our kids to grow up street smart and tough so they can live any where in the world and have no fear of the criminals that hunt them on the streets. 

",not_harmful,harmful,0.653481
1534,"""Unnamed US official"" = Obama Administration leaking intelligence reports to further their political agenda. The plan: Destabilize the Trump Administration so that the Democrats can take back the Senate in 18, the WH in 20.",not_harmful,harmful,0.538768
1535,"The uptick in crime is probably related to the mile-long line of scumbags that just got let out of prison after Coghill / Walker passed SB91. 

Pretty soon, everyone will need to pack heat at all times as our leaders decided that protecting the community is way too expensive.",not_harmful,harmful,0.899252
1536,"You might want to read a couple of stories, 

One is called, ""Chicken Little""
The other is called, ""The boy who cried wolf""

You should be able to find either in your local public library.",not_harmful,not_harmful,0.038849
1537,"The total spending by unions was in excess of $7.5 million in the 2014 Election.  Unions or union-affiliated groups were the only ones to spend over $100,000.

Unions will just spread around the limits and coordinate amongst themselves.  This is why the legislation doesn't go far enough.

There are already rules out there the Liberals could have followed (like just about every other Province and the Federal rules that strictly limit this spending).  But they chose, for OBVIOUS REASONS, to put so",not_harmful,not_harmful,0.418511
1538,"i agree with all of this, especially the part about millennials. since i am one myself, i should point out that i am a millennial who is embarrassed by trump and i left the republican party because of him. i am still a conservative but i agree with you that a lot of people don't know much about what conservatism is and will associate it with populism and white nationalism. trump is doing damage to conservatism and the republican party, especially with millennials.",not_harmful,not_harmful,0.156441
1539,I have to ask. Where is all the money going the borough takes in. I know what my taxes are and I sure do not see anything close to the same service in Palmer as we have in Valdez. The borough does not have a police force. That's Palmer and the State. Trash and water is Palmer or a private company. Snowplowing our streets is Palmer. Just what does the borough do? I'm really interested because I have lived in Valdez almost my entire life and now that I'm paying taxes in Palmer to the borough Im  j,not_harmful,not_harmful,0.190373
1540,"Judging a city by a name on a building is the same a judging a man by the color of his skin.   Suggesting we need to change the name to ""Chief Robert E. Lee"" is like asking a man to wear a shirt that says, ""I am not like other people who look like me"".",not_harmful,not_harmful,0.406405
1541,"The headline is misleading IMHO. It vastly oversimplifies the story to perpetuate the myth that Freehand lied. Peter Kent had the decency to stand up for the Minister, I would expect the same from the Globe.",not_harmful,not_harmful,0.111559
1542,Nothing underground about AirB&B and the other online sites offering accommodations. Look for traffic jams in residential areas and crowds in lobbies of condo building were off the book rentals are available.,not_harmful,not_harmful,0.207407
1543,"“What I think this council needs to do is decide what are appropriate behaviors that we expect downtown and what are inappropriate behaviors that we are wiling to enforce and put the resources behind and mean it,” he (Clark) said.  At least Clark is willing to acknowledge and address what one of the key issues is - BEHAVIOR. Absolutely maddening to see some of the Councilors continue to just dance around this issue. Yes, it is a complex issue, but at least show that you care! Show some outrage a",not_harmful,not_harmful,0.459349
1544,"I know it's a high hurdle to clear, but this may count as the most ignorant Globe editorial I've read.  It drips with partisan animus.  And no, the bulk of UKIP voters did not switch to the Tories; if they had, the Tories would comfortably be in a majority.  Try again, and this time try to inform yourselves first.",not_harmful,not_harmful,0.071238
1545,"""Federal takeover""? Imagine who the beneficery would have been from that in the 2016 presidential election.",not_harmful,harmful,0.719867
1546,"Ah yes, the best lawmakers money can buy. Wonder who financed this guy's campaign?",not_harmful,harmful,0.587815
1547,"And the State's piggy bank gets much, much fatter and every Alaskans' piggy bank gets skinnier.",not_harmful,harmful,0.689247
1548,"These progressive radical leftists have to stop the insanity!  You all lost!  You lost because you did want what was best for America! Trump wants what's best for America and so do the good patriotic people of this country, and that does not include the left!  The left wants division, open borders, mass immigration, socialism, Sharia Law!  How is that good for America?",not_harmful,harmful,0.780783
1549,Fine..... take the 10.5 million.  But renounce his citizenship and kick him out of the country.,not_harmful,harmful,0.590370
1550,"What's breathtaking is that you somehow equate the post of one person with the ""Left"" as a whole. And that's before we event start about the simplistic thinking that separates people into right and left. The real world is far more complex and shaded grey.",not_harmful,not_harmful,0.111926
1551,"Hilarious...Trump's brain came from Breitbart, the worst fake news website on the Internet.",harmful,harmful,0.919852
1552,"First let me say that I completely agree with your comments about the important role individuals play in their own healthcare. The more we take care of ourselves the healthier we'll be and consequently not require expensive medical services.

However, lets remember that all the angst over ""Healthcare"" the ACA or Obamacare, is about the insurance coverage cost of delivering healthcare. It is no different than debating the high cost of auto insurance vs. poor driving habits. They certainly relate ",not_harmful,not_harmful,0.142070
1553,"yeah we've got great jobs in this country what's their problem?!  Well paying jobs w/great medical benefits and a comfortable retirement...........why aren't they working?

reality:  service jobs are minimum wage w/o anything else.  Swoosh, you must appreciate that our job market is pretty bleak: either you're gov or service.  That right there is enough for a revolution sir.",not_harmful,harmful,0.918007
1554,"Mckinsey will your internal investigation take into the account the views of ex employees who per Reuters spoke of deep and long term internal concerns re your business partners and how the employees could not understand how you were winning so much great business?

Do you really expect us to believe that Sager went completely rogue (presumably to help Mckinsey win contracts) and then in the same breath you tell us that you deserved to win them ?

And this contract was for most of your S.A profi",not_harmful,not_harmful,0.226187
1555,"Why should the delegation be forced to respond to each and every comment that Trump makes?  I have yet to see a letter by Mr. Strait requesting comments from Democrats on Hillary Clinton's emails or her repeated lies on the topic.  The fact of the matter is that you can be a member of a political party and not agree with everything that another person in that party says or does.  The delegation has condemned those comments, move on.",not_harmful,not_harmful,0.084341
1556,Correct. And as soon as I can write off my home and car as work deductions things might start to even out.,not_harmful,not_harmful,0.078314
1557,"No...Nic was suspended awhile ago.  He is desperate to try to say I was, but I was not...never.  I suspect he is embarrassed, and is trying to cover by falsely accusing me.

I however have proof...Emails from CC.  And if he doesn't stop his character assassination, I will be forced to report him.",not_harmful,harmful,0.554383
1558,"I've heard that management numbers increased from 400 to 7000.  I'd be interested to know how true that is.  

If she could have, Dudu would have got rid of those pesky pilots.",not_harmful,harmful,0.705066
1559,"Not really.  

""He also said he believes his court-appointed lawyers are partly responsible for causing delays.""

The Right to a Speedy Trial only applies when the government is not ready to go to trial in a reasonable time (generally 180 days).

Motions for Continuance by the Defense, are standard tactics, and do not apply.  Defense Lawyers long ago realised that it is in their (client's) best interest to delay things as long as possible.  Wtinesses forget things, and even die.  It is not unusu",not_harmful,not_harmful,0.304813
1560,"What's the connection between the article/possible policy and ""sunny days""?

(If it's a Trudeau jab, realize his phrase is ""sunny ways"", not ""sunny days"")",not_harmful,not_harmful,0.056574
1561,"I'm also grateful not to be living in a cave, but that doesn't mean I can't take issue with home affordability.",not_harmful,not_harmful,0.022713
1562,"Just to be clear, WigandFakeNoise, that's exactly where I feel it is needed.  In higher grades, students might well specialize elsewhere without further programming or computer knowledge.  My concern is at the level of developing a basic aptitude in logical thinking and in problem solving skills.",not_harmful,not_harmful,0.049079
1563,"Some years ago, the Queen was getting off a plane in Ottawa, when his ""Mansbridgeness"" was broadcasting with someone ""in the know""

Mansbridge specifically pointed out that she was a Canadian citizen, and it was confirmed by the other speaker. He also said that while she specifically doesn't present a passport to a customs officer, she has documentation that does state here relationship to Canada (and Aus, NZ, etc.) that is presented and filed each time she is in the country.

And as a non-resid",not_harmful,not_harmful,0.127038
1564,"Coaching loss this game plain and simple. Poor special teams coverage plan, time out management, play calling at critical moments and the utilization of personnel at key moments all cost Hawaii this game. To pull Dru Brown out of the game in the most key moment of the game was a crazy thing to do, and then they run a play that didn't work all day.",not_harmful,harmful,0.875457
1565,Since when is Zero Hedge an  unimpeachable source? It's basically a Russian propaganda outlet in same vein as RT.,not_harmful,harmful,0.891064
1566,"Well, here is ONE person absolving Justin of any involvement in creating and or exacerbating this mess, first with his irresponsible tweet, then with his irresponsible lack of foresight and preparation. 

As PM, this is Justins problem, whether he created it or it was handed to him, you have to agree he's handled it exceedingly poorly, yes?",not_harmful,not_harmful,0.137522
1567,"One 2018 NBA mock draft has Brandon McCoy going at No. 18 to some team in Portland, right after Milwaukee takes Troy Brown at No. 17. Another mock draft doesn't mention McCoy at all and has Brown going mid-second round. Arranged marriages are nothing new, unless you believe that Malik Hairston dreamed as a Detroit schoolboy of playing in Mac Court and couldn't wait to get to rainy Beaverton . . . um . . . Eugene.",not_harmful,harmful,0.765808
1568,"The question I would like asked is""How much of my tax money goes to pay for Nanos polls ?     As an aside I would like to know how much Nanos and his related companies donate to the Liberal Party of Canada ?",not_harmful,not_harmful,0.095085
1569,"OMG, Ivanka Trump meeting with a foreign dignitary.  This calls for the appointment of a special prosecutor to investigate collusion between the UN and the US.  Oh, wait, that applies only when the foreign dignitary is Russian.",not_harmful,harmful,0.546372
1570,The 3% increase in ship traffic is the straw that'll break the camels back?,not_harmful,harmful,0.708432
1571,"Let's just chalk another one up for dear old 'Uncle Vlad'.
http://www.cnn.com/2017/06/06/politics/russian-hackers-planted-fake-news-qatar-crisis/index.html",not_harmful,not_harmful,0.407998
1572,"Good news for JB -- he'll leave Toronto with a BA of .200, unless he goes oh-for-five. After being hitless in 10 of last 11, with 3 for 39, 3 RBIs and a lone 2B for XBH, he's batting .077 since September 12.

What a clean-up hitter performance, amidst all the gushing praise and overwrought emotions. Collecting $115K per game for nostalgia makes zero business sense, other than the club's ego-stroking to its own 2017 detriment.",not_harmful,harmful,0.900563
1573,Hopefully some of this hatred for the provincial Liberals is projected onto the federal Liberals by the people of Ontario in the next federal election.,not_harmful,not_harmful,0.228931
1574,Fools and their money are soon parted.,harmful,harmful,0.679066
1575,"Blumstein, Alfred, and Kimonori Nakamura. “Redemption in the Presence of Widespread Criminal Background Checks.” NIJ Journal, Issue No. 263 (2009): 10-17. 

The BJS does include recidivism based on technical parole violations, so this would make it appear that new crimes were committed when they were not. Further, the BJS has at times in the past mixed the results from first-timers to seasoned criminals. Everyone already knows that there is a small component of recidivists who commit the lion's ",not_harmful,not_harmful,0.048612
1576,"Hi Curious, not sure what you are saying here the US populations is and has been on a rocket ride up we are in no shortage of people or in a decline. Every year we have ""added"" humans to the United States in extreme numbers like entire major cities worth of people and thats only counting fully documented individuals. 

https://en.wikipedia.org/wiki/Demography_of_the_United_States",not_harmful,not_harmful,0.319646
1577,"I doubt they have support for a  corporate tax. Just seven months age 60% of the voters said ""NO"" the roughly the same thing. 
Legislators know voting for that now will put a death sentence on their political future in the state of Oregon.",not_harmful,harmful,0.827742
1578,"It's not bogus. I would hazard a guess most Canadians would want this type of access and preferential treatment to stop, no matter what party is doing it.",not_harmful,not_harmful,0.076476
1579,"If you repeat yourself it does not make you correct. I am sure that policy is not to ignore the Constitution and arrest someone that had not broken a law. The officer was wildly negligent, I am not sure why you would defend that.",not_harmful,not_harmful,0.141283
1580,"With all the rending of garments by the pro-abortion side, they have reaped tons of PRIVATE funding. Besides, PP does not offer much in the way of pre-natal care, and they don't do mammograms, contrary to the lie pushed by the MSM.",not_harmful,harmful,0.568149
1581,Don't you have Canada to move to?,not_harmful,not_harmful,0.235529
1582,"It would just become a dusty and noisy ATV trail along a boring right-of-way road for tourist. Long road pretty much next to a highway.

Other trails need the maintenance $$. How about better trails into wild Alaska, not along an industrial zone.  D- on the idea.",not_harmful,harmful,0.781934
1583,"Do you suppose she has a point?
Just askin'",not_harmful,not_harmful,0.028339
1584,"Bannon was right and said so.

And the Catholic right pummelled the USCCB's facebook.  Wow.  That was fantastic to see.

It's indisputable that the Federal government has doled out billions to the Catholic Church.

We're hooked on gov money.  Hooked, like a crack addict. 

The Obama admin saw it as a way to buy their support, and corrupted the USCCB over the last years....but it began before that. 

No question.

The USCCB will go 'gun shy' now, fearing the loss of both Fed gov money, now contro",not_harmful,harmful,0.770082
1585,They should be worried.  He is draining the swamp and hopefully neutering the lying liberal media.,not_harmful,harmful,0.705482
1586,"Careful where you put it.  If you keep it as retained earnings in your corporation Trudeau may tax them.  Dividends to family - potential new tax.  Salary to yourself - new higher payroll tax.  Run out of TFSA room now that they have been slashed?  Potentially higher capital gains tax.

Choose wisely in 2019.",not_harmful,not_harmful,0.223840
1587,"Wait you think this prove Clinton was doing illegal shit?  Thank god I have brain, I would hate to be you.",harmful,harmful,0.910775
1588,"How do business taxes work in terms of realizing gains?  If they are realized only on disposal like personal investments, this will create all different sorts of perverse incentives, because if a business has a buy and hold strategy for passive investments it could easily hit the 50k figure if it decides to reallocate its savings.  

As a result, this could both force lock-in to allow for longer compounding and in the hopes of these tax changes being fixed by a future government (which is frankl",not_harmful,harmful,0.597650
1589,Given that Kevin was born in Montreal and spoke French until he was 'seven or eight' his French may be better than most give him credit for.,not_harmful,not_harmful,0.132554
1590,"ZAhra Kazemi was raped, tortured and murdered while Canada had diplomatic ties with Iran under the Chretien Liberals.

So obviously having diplomatic ties doesn't make the task any easier.


Or are you saying that Chretien intentionally left Ms Kazemi to die?",harmful,not_harmful,0.352992
1591,"This is a variation on the old notion of a small band of believers that has access to esoteric knowledge and revealed wisdom that sets them morally apart and superior to the majority of people, and for which they are persecuted. It is as old as civilization and mother to innumerable conspiracy theories. 

Just how is ""the left"" managing to control the huge, fiercely competitive profit-oriented media?",not_harmful,not_harmful,0.263192
1592,"The idea is to trade with China, not ""allow unfettered access to our economy"".  IMO, Canada should explore trade opportunities in every direction.  Catering too much to one single customer, e.g. the USA, is never healthy for a business, as we're very quickly finding out.",not_harmful,not_harmful,0.381774
1593,Who says what is criminal? Every day they invent new crimes. What is illegal today was legal yesterday and vice versa.,not_harmful,not_harmful,0.442957
1594,"Awww JT. you're right!!   Man up, grow a set and stand behind what you say, especially when you are right.  The Oil Sands need to be shuttered....of course not tomorrow, not even remotely, but ultimately we need to get off fossil fuels.  California is leading the world currently in moving away from fossil fuels, Ontario is leading within Canada.  The future is fossil fuel free....get your head out of the [oil] sand!",not_harmful,harmful,0.863030
1595,Doesn't anybody see the nonsense of a law prohibiting blood being drawn from an unconscious patient? what if he has poison in his blood/ Wouldn't you want to know so the right  treatment can be made?,not_harmful,not_harmful,0.160652
1596,"Trump is the one who belongs in prison:

11 counts of sexual assault.

Bribing the AG of Florida to drop a lawsuit against Trump University.

Trump University

The Trump Institute, another get-rich-quick scheme in which Trump allowed a couple of grifters to use his name to bilk people out of their money.

Trump Model Management, which reportedly had foreign models lie to customs officials and work in the U.S. illegally, and kept them in squalid conditions while they earned almost nothing for the",not_harmful,harmful,0.761613
1597,"The motive, sadly, will remain forever unknown. #WeAreLondon #StopIslamophobia",not_harmful,harmful,0.618680
1598,If a kid brings a gun to school to threaten or actually do harm to others...it's a mental health issue that has yet to be diagnosed. Period. Stop blaming guns.,not_harmful,not_harmful,0.345394
1599,"We've not in the twilight of American democracy - America has never been a democracy.  No, what we're in the twilight of is American conservatism, at least in the form in which it has existed for the past 4-5 decades.  We're in the initial death-throes now, which I believe will be the most violent convulsions for conservatives, because they are still a lot of them, but they can sense their time as a power movement is ending.  The ultra-wealthy, supply-side economic folks at the top of the GOP ca",not_harmful,harmful,0.873238
1600,Maybe alternating between too high regular prices and excessively cheap sales wasn't such a brilliant business model after all?,not_harmful,not_harmful,0.287360
1601,"When someone, in this case, Sierra Club’s executive director, Michael Brune, purports to predict what our grandchildren will be saying, that someone has to be in the running for the greatest fool on earth.",harmful,harmful,0.940158
1602,"In the one year since then, over 80,000 rapes have been reported in the US. How many reports have you read about those 80,000 cases? They were American-on-American crimes. No migrants involved.",not_harmful,not_harmful,0.289598
1603,"what is needed is for the GOP to set this aside and focus on REAL issues that can be solved. 
For example, it is long past time for them to phase in e-verify, and deal with who is going to be allowed to remain legally. 
Likewise, we need to deal with dumped imports, tax reform, spending issues, etc. 

The GOP has controlled first the house for the last 8 years, and CONgress for the last 3 years. And they have had total CONtrol of DC for the last 6 months. What has been accomplished? 
NOTHING. Ab",not_harmful,not_harmful,0.335966
1604,The people may deserve better but they won't get it without campaign finance reform. America's system of quasi-legal bribery is a disgrace and you cannot expect politicians to refuse to accept this money and still run competitive races.,not_harmful,harmful,0.639427
1605,"My numbers are correct, according to the FBI. Sorry.",not_harmful,not_harmful,0.058508
1606,"The world is badly and unsustainably overpopulated. Not having children is a responsible thing to do until the world's human population drops back down to fewer than 3.5B souls. Remember, all things in life should be about quality and not quantity, and we should behave as though we care about the survival of civilization on the face of the planet. Every single environmental problem we face is only made worse by unsustainable patterns of overpopulation. We can't grow enough uncontaminated and nut",not_harmful,not_harmful,0.224921
1607,"You buy it. 4 ways, ESOP buy of privately held companies, union pension funds buying it, Social Security employer contributions shifted to buying it and if there is none available, issuing new stock directly to employees with pay.",not_harmful,not_harmful,0.181560
1608,"Just in case you were not aware of it, your exchanges are not private.

Everyone can read them.

That means they don't have to be ""in it"" to ascertain what the discussion was about.",not_harmful,not_harmful,0.048953
1609,"This will crash around him when such loathers of free enterprise as Ontario/Quebec's family dairy farms rally to smack some sense into our smiling PM.  

Imagine that, the CPC and the supply-management coddled dairy farmers protesting gloriously in unison. Now that, Mr Trudeau, is truly an achievement you can be proud of.",not_harmful,harmful,0.749518
1610,"I must have missed that; the Donald did not ""win the election""? I guess Hillary will soon be filing an eviction notice to get him out of 1600.",not_harmful,harmful,0.924950
1611,"How's that... 737-800: 130' length, 112' wingspan, 110,000 lbs. B52: 160' length, 185' wingspan, 423,000 lbs. http://planes.axlegeeks.com/compare/269-377/Boeing-737-800-vs-Boeing-B-52-Stratofortress",not_harmful,not_harmful,0.149393
1612,"Housing bubbles aren't in the mandate of the Bank of Canada. Poloz's only responsibility and objective is to maintain inflation between 1-3% per year. Nothing else. He need not worry about housing, jobs, whatever. This isn't the Fed with the dual mandate.

There is little to no risk right now of inflation exceeding 3% in the medium term, and with the huge labour force dislocations still present in the western provinces, it would be completely irresponsible and outside his mandate to hike rates n",not_harmful,harmful,0.574820
1613,I hope his yoga classes help,not_harmful,not_harmful,0.090364
1614,"Don't you just love the prophets of unbridled capitalism circling the wagons to protect their industries?

Canada and the US are each other's largest trading partners.  Each market is important to the other.

Why don't we just tell the US to shove it, and live on what we can actually produce ourselves or obtain through genuine free trade with more reasonable countries?  Sure, the cost of imports would be higher due to transportation costs, but the products we already import from non-US companies",not_harmful,not_harmful,0.402643
1615,perfect comment,not_harmful,not_harmful,0.144985
1616,"It's not about a veteran wanting to place a flag at the grave of a veteran? Actually yes, tomorrow is about him and all of my brothers and sisters.",not_harmful,not_harmful,0.027318
1617,"Exactly...such poor reporting. Pathetic really, no wonder everyone in Eugene and Springfield get their news on line.  Way to go Jack.",harmful,harmful,0.859295
1618,"I originally thought he was just being willfully obtuse to avoid admitting he was wrong, but now I'm not so sure it's willful.",not_harmful,not_harmful,0.021417
1619,"Dear Quebec Leaders, please draw up a budget with 8 billion subtracted from it.  That is about what you siphon off of Alberta through the equilization bribe.  Share with that ####off Montreal Mayor, the amount they will subtract.  Tell the public how this""win"" will impact taxes and services.   All that was asked was to run a safe and managed pipe to the East coast.  Lost jobs and no impact on C02, since this would do nothing to increase consumption.  What a bunch of malarki from some real idiots",harmful,harmful,0.951351
1620,"I still get a kick that the RG is no longer calling what happened ""an alleged romantic relationship."" 

I guess $8,000 paid for proof of nookie, anyway.",not_harmful,not_harmful,0.484152
1621,He's smarter than that. He faked an offer of $25K for a gold star parent to shut up. MAGA,not_harmful,harmful,0.945314
1622,We are living in a cesspool.,not_harmful,harmful,0.821121
1623,"If this report released from the 14 Native tribes is any indication of the degradation that has already occurred, and the open damage to the land, and tundra is harming the area..........  Just imagine what conflagration would happen when the actual building of the mine begins?   You can kiss the Bristol Bay Salmon and other game fish goodbye, because once gone, they will never return.  Think about it.  I don't want ""FRANKENFISH"" on my plate, do you?",not_harmful,not_harmful,0.403316
1624,60.5% of Canadians DID NOT vote for these dimwits but we're still stuck with them and the massive debt load they will create much like the feckless liberals in Ontario.,not_harmful,harmful,0.780180
1625,"Are the oil companies hiring H1B Visa holders instead of Alaskans?

This from a Texas worker...

""I work at a major oil and gas company. Majority of the people I work with and for are H1B visa holder. Its a huge embarrassment to be working under immigrant management since they tend to bring their culture and values to the company. They will exploit you,disturb you during your lunch hour and expect you to meet unrealistic deadlines. Please abolish this program""

https://www.petition2congress.com/",not_harmful,harmful,0.565422
1626,"Trump too chicken to pull out during the conference, has to run home first.",not_harmful,harmful,0.885015
1627,Applies and oranges. Try to think and write logically. This kind of claptrap only makes you look bad.,not_harmful,harmful,0.956554
1628,"I am afraid I do not agree with your definition of intolerance.  Disagreement with a viewpoint does not constitute intolerance.

Denying basic rights because you disagree with a viewpoint does.

The federal government showed intolerance toward homosexuals during the sixties sweep, for example.  Many show intolerance toward Muslims when they say they should not be granted asylum based on their faith.

I dispute that humans need a moral law giver, though.  An educated and compassionate person shou",not_harmful,not_harmful,0.058601
1629,We should be dealing with real l problems like jobs not stupid statues.,harmful,harmful,0.747350
1630,"CSIS interrogated him WITHOUT a full 8 hours sleep, oh the humanity!  Keep it up Allan, sympathizing with a convicted terrorist and murderer.The Supreme Court never ruled on compensation and they never ruled that Canada had an obligation to repatriate Khadr under the Charter. The Supreme Court never ruled that Canada was responsible for Khadr's treatment in any way. Khadr is a traitor and is owed nothing.",not_harmful,harmful,0.920785
1631,"He is a politician for sure, you can not trust him any further than you can throw him.  It is called the layup, wait for the big U-Turn before the election, more money to Quebec, more French speaking workers in Canada, frankly I think it is time to give Quebec the boot. Look on Monday this week the liberals ( we have 8 MP's from NB) and Justin passed an immigration law update, to give extra points to someone who can speak French when they immigrate to Canada an English speaking country. Maybe JT",not_harmful,harmful,0.537921
1632,"Studies were done a long time ago, and they should have been heeded.  This little rock simply does not have the infrastructure, the population density (although we are doing a real good job displaying how ""dense"" we really are by continuing to vote people in that don't represent our best interests) or the consolidation of workplaces, to justify a rail.  Do we have a lot of people here? Yes.  Do we have a major traffic problem that is only getting worse and worse? Obviously.  Is rail the answer? ",not_harmful,harmful,0.898259
1633,When does this stop?  It's time for each ward to stick up for their rights and tell these idiots downtown to go to h$ll.  It's now up to the property owner to fight back. We are not going to except Obama's  exponential homelessness.  Just remember this is not a Trump thing this is an Obama thing,harmful,harmful,0.680472
1634,"As for me, I am sick of billionaires with their purchase of Congress and giveaway tax bills from either the left or right.  They have no right to tell us what to do.  Get lost and stuff your money in your face.",not_harmful,harmful,0.959831
1635,Divisive.  What does that mean?,not_harmful,not_harmful,0.061729
1636,Absolutely NO!....,not_harmful,not_harmful,0.158331
1637,"Let's see. Part of the reasoning behind building the new school, was to use monies to pay for capital improvements which to date has been zilch for said project or any other. Almost half a million is gone out of pocket to heirs (which would not have had to been paid out if the property was retained as a school) for 1 acre in Kent? We've had 9 years to either maintain the property at some unknown cost, while it lays dormant, or up to 9 yrs of neglect devaluing any worth of the buildings. The KSD ",not_harmful,not_harmful,0.155893
1638,"AkCal wrote, ""Let's all hope his license will be permanently revoked (as well as the certifications of those who worked in his office). A sad end to years of medical education.""
.
Loosing his license to practice in Alaska would not be a career ending event.  He would probably just go practice in another state.  That's one of the downsides of not having a National Health System.",not_harmful,not_harmful,0.420947
1639,"I would have done it if I could have, sounds fun for a year or two and then move on with life knowing you hard a shot.",not_harmful,not_harmful,0.361505
1640,"""We have a different vision. We believe that government should stand between corporate interests and the people. We believe government should provide essential services for the common good of all. These services include health care, housing, education, jobs that pay living wages, infrastructure and social safety nets.""

Sounds like what Democrats call a party platform and what Republicans call socialism.",not_harmful,harmful,0.710214
1641,"India too, the list goes on, basically any country that doesn't get all its MSM news from fake news sources like we do.",not_harmful,harmful,0.548313
1642,"Yes FOX news needs a makeover. They have way to many people watching them. 

And yes the GOP needs a makeover. But in reality, it is in the process of doing that. The splintered factions within are looking for a center. I only hope that when the smoke clears that conservatives prevail. But I think the point jennifer was trying to make is that she wants the liberals to prevail.",not_harmful,not_harmful,0.349101
1643,"The interesting part of this is the way Monsef has been charged by the right that she is to blame for being born in Iran.  It is her mother who is to blame (if that is even the right word). The fact is that Monsef and her family are refugees who have made the effort to become outstanding examples of succrssful migration, despite the xenophobic fear-mongering that continues to exist in this country.",not_harmful,not_harmful,0.262497
1644,"This just in:  CNN Reports...

The White House is warning that if this rogue communist state fires another missile at it's homeland that it will ""leave all options on the table"" in terms of retaliation.

Oh, wait...where's Alberta???

Well the same thing goes for them too!",not_harmful,not_harmful,0.173837
1645,"Trudeau's explanation is every bit as plausible as was Mulroney's about the ""bags of cash"".",not_harmful,harmful,0.553645
1646,"""Taxpayers can barely afford our county, state and federal governments.""

If so, a result of the skewed distribution of wealth and incomes in the US today.  The 99% are squeezed way too tight nowadays.",not_harmful,harmful,0.769774
1647,"Last year I saw on TV an interview with Dr. Clayton concerning the matters addressed here, that primarily being a dissconnect bewtween supply and demand over single family homes.  I was quite taken back at the passion of the esteemed professor over this matter.  It was obvious that he was in the corner of the developers in trying to convince the public that it was in alls best interest to push forward at all costs to construct enough single family homes to accomodate all at demand out there.

I ",not_harmful,harmful,0.707982
1648,"I am not trying to destroy your faith. I'm trying to point out that you don't ""know"" and thus cannot stand on a pedestal in which to judge me – or anyone – from.

The pythagorean theorem is true and doesn't not require faith to confirm it. The Bible is not true, it requires faith in order to accept it. All of your justification for why the Bible is ""true"" is quoting people who were speaking before there even was a Bible. What you actually believe is doctrine from your specific sect of Christiani",not_harmful,not_harmful,0.165181
1649,"Hey, neither I nor you define ""essential part of faith"".
After extensive examination of the individual cases of ""apparitions"", the Church sometimes (not always) will offer its desired opinion that if you want to believe in these apparitions, then it is not against Catholic belief.
That means you can be fully Catholic and not believe in the Lourdes apparitions, the Fatima apparitions ...
For all that precedes, I am merely stating facts. 

(Total transparency: I have been to Lourdes three times, a",not_harmful,not_harmful,0.059849
1650,"Ahh, so we are back to where did it come from, rather than whether or not it is true.  Lovely patriotism there.",not_harmful,not_harmful,0.128814
1651,"Just FYI - Insurance rates have gone up since they first existed.  The FACT of the matter is, is that insurance rates went up at a lower rate under Obamacare, than in previous years.  Look at how much the average insurance plane went up between 1990 - 2000.  Or 2000 - 2010.  Then look at the rate of increase between 2010 - 2016 and let me know what you find.  

Obviously, there are issues with it, just like there are issues with every single bill passed in a non-bipartisan way.  The goal should ",not_harmful,not_harmful,0.346094
1652,"""Merkel, that overrated do-nothing drone, didn't have the courage to intervene and get Cameron the concessions he needed to win the Brexit ""

Boohoo, poor old UK - couldn't blackmail the EU into making any more concessions - perhaps if  the unelected functionaries in London had done their job properly, Cameron might not have been hoist by his own petard. ROFLMAO!",not_harmful,harmful,0.926500
1653,"Anyone have some popcorn?

Or, can we possibly start talking to some of these right-wing fanatics and REMIND THEM its THEIR PEOPLE getting busted for sex with kids, not gays or transgenders.  Wasn't there just a high profile pastor busted for not one, but TWO kids who he started at the age of 13... And then Focus on the Family... And then Christian magazine editor in Minnesota with little girls.

I'm still looking for the story of the drag queen who molests little boys or converts them to the ge",not_harmful,harmful,0.513421
1654,"Venus has class and dignity, on top of talent.",not_harmful,not_harmful,0.068055
1655,"I've heard the term, ""insourcing"" labour. Sounds about right.",not_harmful,not_harmful,0.034462
1656,"Jim,
The proposal does allow the City Auditor to audit EWEB, LTD, LCOG and any and all City contracts and franchise arrangements. 

Compensation for the auditor position is high. We came to that figure so that the Auditor would have equal standing with Department Heads in the City organization and attract good qualified candidates from anywhere in the U.S.   Those of us working to put this on the ballot will transition, once successful, to identifying and encouraging good candidates to run for t",not_harmful,not_harmful,0.054351
1657,"Pull down your pop-up blocker on FF.  Blockers work differently on different browsers. On CBC's website, for instance, you still have to have Flash allowed for some of the site to work. It's a real pain, but I won't go into detail. Flash now crashes more than ever with the latest updates to most browsers and systems.

Now I have to press as many green buttons as I can in as short a period to continue reading the rest of the comments.",not_harmful,not_harmful,0.077487
1658,"Yes, this is exactly what's happening nowadays. Every day we get to hear a new story or allegation against guptas",not_harmful,harmful,0.516103
1659,The problem is that Scalia was not a moderate and therefore to appoint a moderate would be to move the court to the left which is unacceptable to most conservatives.   Many feel that the court was already to far to the left.,not_harmful,not_harmful,0.394433
1660,"Moonbeam logic....

1) Pray for rain. 

2) Blame ensuing flood on global warming. 

3) Build more bike lanes. 

4) Ban gasoline in Vancouver.",not_harmful,harmful,0.716641
1661,Sale versus Liriano on Canada Day.,not_harmful,not_harmful,0.119834
1662,but there are many who would get off on that!   they are quite pricy in the adult toy stores I'm told.,not_harmful,not_harmful,0.290280
1663,"That was my thought as well. A friend (85) recently bought a Chevy Trax because it is small, gets good mileage, but easy to get in and out. I'm considering getting one myself.",not_harmful,not_harmful,0.026133
1664,"hey brian ! ""NOT my senator !""",not_harmful,not_harmful,0.334655
1665,"That is because you are speaking purely from ignorance whereas I am speaking purely from experience. I've spent 3 years on the streets overall. I know these people well. as for your studies they are purely delusional and take lies, damn lies, and statistics to an art form Piling Higher Deeper BS. Panhandling is not looking for work, it is looking for a fool, and their money shall soon depart.",not_harmful,harmful,0.937856
1666,"""And as Secretary Zinke said just a few weeks back in Alaska, the path to energy dominance goes through Alaska.""
( ...just as long as we continue to subsidize, severance-tax free, the largest conventional oil and gas fields on the continent, right Zinker?)..",not_harmful,harmful,0.700738
1667,"Let's revoke all the special rules for the special groups and put an end to Identity Politics.

Let's start at the top with the French, the Christians and the Natives.",not_harmful,not_harmful,0.240391
1668,"First, these are not illegal immigrants they are illegal invaders.  I defy anyone to go to Mexico and squat and demand food stamps, housing and schools  with medical care.  Second,  exactly how many people go along with this nonsense of sanctuary?  Let's leave it up to a vote and see how far it goes?  If people want to lose federal funding and increase their taxes then so be it",harmful,harmful,0.770138
1669,I'm guessing it's because it is beside the point. A woman (& others) are out to celebrate the New Year and are murdered by a crazed zealot instead.  Comments on here focus on her looks and whether or not she has had botox.  People have lost reverence and empathy.,not_harmful,harmful,0.686925
1670,Dumb racist slurs have no place on the G&M or any other Canadian publication. You will be more comfortable on Breitbart or one of the Russian controlled outlets.,harmful,harmful,0.821258
1671,A junior Republican is better than a senior RINO,not_harmful,not_harmful,0.496386
1672,Lifeguards are useless.,harmful,harmful,0.601139
1673,Bernstein a professional Journalist now an Oncologist calling  the President has Cancer.,not_harmful,harmful,0.759722
1674,"Who cares if universal health care is considered a ""right""? 

If health care costs are pooled and shared equally among us (to the extent possible), it is simply the most sensible, workable and cost effective way to go. 

The people living in most other advanced countries figured this out a long time ago, and enjoy better and far cheaper health care than our ridiculous patchwork.

Stephen J. Remington",not_harmful,not_harmful,0.315208
1675,"""My sources"" = a guy who works with someone who's related to the uncle of a former roommate of the cousin of someone who works in the Vatican.",not_harmful,not_harmful,0.355821
1676,"no, of course we won't see you protesting, you're far too busy keeping up with rhe Kardashians and other really important stuff; by all means carry on trooper",not_harmful,harmful,0.597812
1677,"When I was a kid in the 70's we lived off of Hamburger Helper, KD, Capt Highliner Fish and chips, pizza on Saturdays and a healthier Sunday dinner, Roast or pork chops. Cragmont cola was in the cold room as well. 

My mom cooked like this for her 4 sons because we were always on the run from, playing road and real and shinny hockey, baseball, bike riding, football, basketball, swimming, walking to and from school and running from ticked off neighbors who's gardens had just been raided. We played",not_harmful,harmful,0.857840
1678,"Morneau is missing the mark by targeting the middle class. He and the government should be looking at earner of $500K, $750 or more. That's where the tax loopholes benifit the rich.",not_harmful,harmful,0.861067
1679,"So, Trudeau will be creating two new cabinet positions:
1) The Ministry of Apologies 
2) The Ministry of Telling-Gays-They-Are-Doing-Nothing-Wrong",harmful,harmful,0.600319
1680,"Nonsense! This is akin to saying it is okay to mutilate a child to curb his or her ""unacceptable"" behavior. Not to mention that declawing often leads to other, even less desirable behaviors--like litter box avoidance. If you aren't willing to deal with the responsibilities of being an animal guardian, then you shouldn't bring animals into your home. Don't try to justify declawing by telling yourself you're saving the animal's life. This is not a noble act.",not_harmful,not_harmful,0.195888
1681,"Is pushing Friday prayers in most Toronto public schools an example of failing integration or example of a beautiful  diversity??
p.s
it was a rhetorical question....",not_harmful,not_harmful,0.022970
1682,"So does Chicago, but neither have a border guard to prevent them from coming in from elsewhere.",not_harmful,not_harmful,0.299442
1683,"I’m with the now Emeritus Pope on how he described the process:

“I would not say so, in the sense that the Holy Spirit picks out the Pope…I would say that the Spirit does not exactly take control of the affair, but rather like a good educator, as it were, leaves us much space, much freedom, without entirely abandoning us. Thus the Spirit’s role should be understood in a much more elastic sense, not that he dictates the candidate for whom one must vote. Probably the only assurance he offers is t",not_harmful,not_harmful,0.091287
1684,have you read the koran ?,not_harmful,not_harmful,0.269611
1685,"Grunwald is ""privileged"" because he had a family that cared far more in comparison than the thugs he ran with. He also had wheels that they stole from him...all they had was weed and alcohol to drown their sorrows in... until he smoked it all. I don't believe the author is referring to race whatsoever.",not_harmful,not_harmful,0.033590
1686,"Wishful thinking. Those who use examples such as slavery, usury and democracy have not understood what the Church's teaching in the past has been.
The main complaint was that neither the Church nor Christ Himself ever condemned slavery. The Law of Moses permitted charging non-Jews interest on loans which means that usury was never considered to be absolutely sinful. As for democracy, the Church does not canonise any particular form of government. Pope St John Paul defined democracy as a means to",not_harmful,not_harmful,0.123501
1687,"""result of compromise""? "" with the Republicans and is based on the Mass. ""Romney Care"" Hardly, I suggest you go back and Google the WHOLE STORY that lead up to this erroneous notion that Obamacare is somehow merely a geographical expanded version of Romney Care, it most certainly is not. And what could possibly cause you to believe Republicans/their Party outside of Massachusetts were/are in anyway obligated to Romney Care beyond the borders of Massachusetts?

Gary this is the direct quote from ",not_harmful,not_harmful,0.445298
1688,They brought tiki torches but they have arsenals of guns at home waiting for the S to hit the fan.,not_harmful,harmful,0.650917
1689,I don't often see eye to eye with Mr. Mason but he is spot on with this article. Trump giving any authority to the anti-vax movement is extremely concerning. Robert Kennedy Jr. is a clownshoe.,not_harmful,harmful,0.937575
1690,You have any data to back up your claims?,not_harmful,not_harmful,0.166784
1691,"So they want to deregulate the industry that plunged the entire planet into recession just 8 years ago?
Is this really what Americans had in mind when they voted?",not_harmful,not_harmful,0.233583
1692,I like that Comment,not_harmful,not_harmful,0.040688
1693,Guess you feel a little foolish now. If only you'd known in the 50s and 60s that the Russians would one day put your hero in power... all those wasted years.,not_harmful,harmful,0.822073
1694,"Some day,if it is not happening already.We are somehow kneeding effective cyborg police.Too much of that and isis recruiting our people over the internet.There hasto be a way to dismantle and or track down such things on the internet.",not_harmful,not_harmful,0.257285
1695,Isnt living off the tax payers the founding principle of the democratic party?,not_harmful,not_harmful,0.183490
1696,"Yes, and with guns they can kill a lot of people quickly.  Is it hard for you to comprehend that?",harmful,not_harmful,0.047856
1697,"""The highest rates of gun homicides occur among people younger than 35, with the highest rate occurring in the 15-24 age group.""
C'mon people, forget about race and politics, the real issue here is parenting (or the lack thereof) and the failure of parents to prevent their teens from becoming thugs in the first place. Race doesn't matter. Nothing will change until parents (black AND white) start taking their roles seriously and preventing their teens from turning to a life of crime, drugs, and g",not_harmful,harmful,0.888397
1698,Thank you for the public service you perform. You deserve better and we stand with you!,not_harmful,not_harmful,0.026798
1699,"Moosie: the defensive zip and hustle seem to have dropped in their game: I am sure that, that is Babcock's major concern, among others, right now. However, the three goals against is somewhat of an improvement.  These kids have a great deal to learn about winning hockey games. Overall, a win is a win. Good luck to your Leafs.",not_harmful,not_harmful,0.037178
1700,"""It's just an opinion there my angry young snowflake.""

-

Irony alert.",not_harmful,harmful,0.585835
1701,Not getting the front page is hardly an abrogation of free speech. Typical logic-challenged TLDS sufferer.,not_harmful,harmful,0.897601
1702,"Rsdwanski loves communism so it is fitting for him to talk up Obama and talk down Trump. Fitting for him also to love our communistic Prime Minster with his talk of ""basic dictatorships"". Radwanski, your parochialism is showing.",not_harmful,harmful,0.907967
1703,"Please show me in this Civil service oath of office?
I, [name], do solemnly swear (or affirm) that I will support and defend the Constitution of the United States against all enemies, foreign and domestic; that I will bear true faith and allegiance to the same; that I take this obligation freely, without any mental reservation or purpose of evasion; and that I will well and faithfully discharge the duties of the office on which I am about to enter. So help me God.",not_harmful,not_harmful,0.041424
1704,"What may come out of this, is any hacks of the Republican campaigns prior to the election may come to light.  Especially any information that would make things tough for them.",not_harmful,not_harmful,0.350660
1705,"You should always include a link to the original source when quoting. I't's easy to do:
http://www.people-press.org/files/2016/09/09-21-16-campaign-release.pdf",not_harmful,not_harmful,0.085144
1706,"Doubt I'll have to, seems Mueller has a handle on the corrupt Trump ""regime.""",not_harmful,harmful,0.638387
1707,"Are you from Dixie Andree? Many states spell OUTSIDERS, just like you. They forgot a little 8th grade civics class, when Thomas Jefferson and George Washington etc, etc. tossed the Articles of Confederation in the ditch. Remember 8th grade. A constitutional government was formed. And Thomas Jefferson bought Louisiana, just like Seward bought Alaska. It's not your State; it's everybody's. Spell Dixie? OURS? 

Flunk 8th grade, and run for office.  And do tell Andree, how did Bill Egan make valedic",not_harmful,harmful,0.871240
1708,"It's a long way to howl from Idaho, given the prevailing winds and topography, among other challenges. It also explains why the subtleties of upper and lower case are lost on her. She's not alone.",not_harmful,not_harmful,0.063915
1709,You aren't going to find what you are looking for here.  Even a blind brain damaged squirrel would have moved on by now.,not_harmful,harmful,0.936345
1710,"The right has always leaned toward the autocratic type. With Trump, it's more like a cult following. It seems like whatever damage he does, a certain percentage will follow him.",not_harmful,harmful,0.501391
1711,So are you claiming the GI bill is unconstitutional?   SCOTUS has quashed that argument.   They have also quashed the argument that just because an organization is religious it can be discriminated against when applying for funds for a specific purpose outside religion.,not_harmful,not_harmful,0.096128
1712,"There were many Kanaka e (non Hawaiian) that were full subjects of the Hawaiian Kingdom, enjoying every benefit afforded to Kanaka Maoli. We will protect the rights of those Kanaka e who were also injured (including their descendants), but are not qualified according to the State because they are not ""Native Hawaiian"". This includes a naturalization process to allow for other Kanaka e to become subjects of the Hawaiian Kingdom.",not_harmful,not_harmful,0.113133
1713,stop yelling.  your comments are obnoxious,harmful,harmful,0.758684
1714,He wants Obamacare to fail.  For what purpose?  Spite?,not_harmful,harmful,0.842480
1715,"If people in the media cannot decide whether they are in the business of reporting news or manufacturing propaganda, it is all the more important that the public understand that difference, and choose their news sources accordingly.

And that is the certainty of her article, Ms Moore is so bias and seemingly bigoted in her ideals and comments it is hard to read completely. We all have our opinions but at least keep them civil!

""Never tell the truth to people who are not worthy of it.""    Mark T",not_harmful,not_harmful,0.161555
1716,"Rubbish.
Lie and deny....",harmful,harmful,0.723849
1717,anyone in the GTA can just sell the house and rent.  today's $1M house in TO will provide 50+ years of rent @ $1500/month,not_harmful,not_harmful,0.344510
1718,Absolutely brilliant Richard - spot on.,not_harmful,not_harmful,0.157020
1719,I hope he wins. ASK Calvin what Taylors Team does to even close friends.,not_harmful,harmful,0.635497
1720,"Since the NKs see their nuclear and missile programs as essential to their survival, let them keep one missile but no nuke warheads.  They can display it in their big parade grounds as an example of how they beat the USA.  So now, who cares, right????",not_harmful,not_harmful,0.108540
1721,"""to the moon Alice, to the moon!""",not_harmful,not_harmful,0.412145
1722,"<<President Obama also championed the right to choose to abort.>>

That right happens to be enshrined in law.

<<If the maternal death rate went up by some and the innocent fetus death rate went down by a lot, Texans should be pressing PP not to perform abortions.>>

I take this to mean: Who cares about the maternal death rate?",not_harmful,not_harmful,0.415100
1723,They did in Walkerton...,not_harmful,not_harmful,0.146289
1724,"As a former parent of Astor Elementary school, (both my kids went there) I got an opportunity to know Principal Walden. I can tell you from a parent standpoint, that he is the best principal that I have ever had the opportunity to know. He knew all the kids by name, took the time to talk with parents and really cared about the school. His door was always open and he always had time to talk with parents and address any concerns we may have had. Since he moved to Harrison Park we have missed his s",not_harmful,not_harmful,0.188928
1725,You are saying that Trump's racist views are what makes him so appealing.  Now that is very frightening.  That makes it even more important to oppose him and his supporters.,not_harmful,not_harmful,0.433429
1726,"Canada should officially put the Super Hornets on hold until such time as both the NAFTA issue and the Boeing challenge to Bombardier is settled.  The number of airplanes on order is inconsequential - no matter what the Liberals say.  As such, the delay can be accommodated.  Once everything is settled, we can proceed with an open competition based upon the resultant trade agreement language.",not_harmful,not_harmful,0.130004
1727,"Hard to ""buy"" a player when there are only 4.5 scholarships for 20 players.",not_harmful,not_harmful,0.208873
1728,"The fishermen stop all sorts of projects that will bring in revenue to the State.  I think each time they get one of these projects stalled or killed, the taxes on the fishing industry should go up to help offset the loss of revenue from the projects they killed.",not_harmful,not_harmful,0.290557
1729,"Maybe airlines should be forced to show their pricing as:
a) Ridiculously low base price determined by unrelenting market pressures including customer propensity to choose airline based on $5 price differential- $XXX
b) Government mandated Sanity Surcharge, to restore amenities to levels consistent with maintaining human dignity and respect - $YYY
c) Fuel, security surcharges etc.",not_harmful,not_harmful,0.431605
1730,When is he going to learn that he can't run his mouth anymore?,not_harmful,harmful,0.812514
1731,"""Why then did Palestinian leaders rejected 'two-state' solutions when it was offered""

Because you're peddling ""alternate facts"", or lies as most people call them.

All Israel has ever come to the table with had no grounding in the law, and contained conditions that would have legitimized the status quo and left Israel in de facto control of all Palestinian land. Olmert's process was just a smokescreen to conceal his preparations for the first mass bombardment of the prison Israel has made of Ga",not_harmful,not_harmful,0.416157
1732,Allie is a real problem for Hawaii. PT cashier at Pizza But criticizing the President? Lol.,not_harmful,harmful,0.889160
1733,I do use my truck as a truck on occasion.  That would no stop me from owning one in any case.,not_harmful,not_harmful,0.100601
1734,"One other point to make here.  If it is legal to use, but, employers should perform drug tests with frequency.  It probably will open up more jobs and possibly more pay for those that choose to stay clean.",not_harmful,not_harmful,0.099123
1735,His ties to Putin.,not_harmful,harmful,0.564983
1736,"Anyone wanting to commit suicide, here's an idea. Hold your breath until Donnie shows up at an inner-city graduation or Arkansas wedding. 

Trump is doing two things here: First, spending taxpayer cash promoting his private business interests, and, second, gratifying his enormous ego. Neither have anything to do with his purported job, in which he's flailing about.",not_harmful,harmful,0.945101
1737,"i say it again, the speculators putting up towers in kakaako can fund towers for minimum wage earners, which will free up thousands of low rent apartments for ige to fill with the homeless. if a speculator can pay three, five or twenty million for a condo, they can pay six, ten or forty. the state gets nil from these deals but our leaders are so busy trying to get rich themselves they forget why they were elected.",not_harmful,harmful,0.756829
1738,"Don't forget Hunter Tootoo, asked to step aside by Trudeau for having relations with both a staffer and her mother, as well as Liberal senator Colin Kenny, also accused of sexual harassment  by a staffer.

And then there were  Massimo Pacetti and  Scott Andrews,  accused of  allegedly harassing young NDP MPs.",not_harmful,not_harmful,0.278010
1739,"""You know, I never heard Trump say that Obama was not born in Hawaii...he said, 'not in America'.""

Ye Gad!  Trump is a Monarchist!  

The locals advocating for their kingdom would totally agree.

This is astounding !!!",not_harmful,harmful,0.815531
1740,"No Billboards, ever!",not_harmful,not_harmful,0.298793
1741,I just visited on Saturday and they have a great selection. The homemade pretzels and mustard were worth the visit.,not_harmful,not_harmful,0.117839
1742,The notion that at this stage in its development China will do anything but look after itself is wrong headed.  The politics of control requires that for the foreseeable future creating jobs & economic growth will be the Gov't priority.,not_harmful,not_harmful,0.173414
1743,Mortified: Apologize.  Now.  Telling yourself you're doing it to spare this other woman further embarrassment is an excuse to spare *yourself* having to face her.,not_harmful,harmful,0.908641
1744,"""biface""?     Took me a minute to figure out whether they were talking about arrowheads or Hillary.",not_harmful,not_harmful,0.450046
1745,Like anyone's going to read all that nonsense.,harmful,harmful,0.717547
1746,"As you know, the devil has many faces, so I would not be so eager to point fingers who is 'sleeping with the devil'.",not_harmful,not_harmful,0.291728
1747,What happens? Same as happens with every other intoxicant. An individual who breaks traffic laws or regulations gets the appropriate response. Nothing in this change would affect that.,not_harmful,not_harmful,0.033254
1748,fail this one,not_harmful,harmful,0.627708
1749,So many obnoxious things with this article. What % of people who are under 20% down payment are at 19% (likely it's negligible and most are 10%-range). Also can you just find some stats on the average mortgage rate for mortgages in the past year for those in the over- and under- 20% from a few major lenders. Regardless his whole example hinged on being 1% below 20% (which most aren't) and the bank giving you a whopping 0.45% preference (which in my experience they don't if you shop around). And ,not_harmful,not_harmful,0.121213
1750,"That was my reaction as well. If the police were looking for her, why wasn't the information passed on to the airlines serving Bethel? It's not like you can jump in a pickup and drive out of Alaska.",not_harmful,not_harmful,0.210772
1751,Your so smart I can barely type.,not_harmful,harmful,0.563845
1752,"When I saw his picture the first thing that came to mind was his inevitable rendezvous with ""Bubba."" Couldn't happen to a more deserving guy.",not_harmful,harmful,0.771963
1753,"I suspect it will be like slavery, or usury, or democracy - all condemned by the magisterium of the Church during former epochs - in that the teaching will never be formally revoked.  They'll just learn to live with the zeitgeist.  That's essentially happened with artificial contraception.",not_harmful,harmful,0.860710
1754,"Good point. The boys who started the civic stadium fire were younger, though they likely knew they were starting a fire that would torch the old stadium. In the case of the Gorge fire, the 15-year-old (freshman or sophomore year) must have known, and perhaps intended, that an incendiary firework would start a fire. At best he may not have imagined it would blow up so big and so fast.

I assume those kids had adults drive the van or vans, and they should have had adult supervision on the trails. ",not_harmful,not_harmful,0.209316
1755,"It only takes a few bad apples to ruin the bunch, especially when that bad apple has a loaded gun and the authority to use it on you.  Cops, since they have those weapons, need to be held to higher standards.  

Now, if the cop didn't have that gun and I was allowed to hit back and allowed to win the fight if he was wrong, then I wouldn't care.  Maybe some good Samaritan would've knocked that cop out when he was doing that to the nurse.  Trouble is the goons are allowed that loaded gun. (which i",not_harmful,harmful,0.764467
1756,"Trump is turning out to be every bit the sociopath he appeared to be during the campaign.

Lawsuits against him and against this needless, vicious attack on the healthcare of millions of Americans (including a lot of his hapless voters, who don't understand how Trump has attacked them) will be filed by the dozen, starting tomorrow.  Trump is not a king, despite his delusion that he is.

Trump must be removed from office as soon as possible.  Tillerson is right - Trump is an f-ing moron.",harmful,harmful,0.967921
1757,""" “I think at this point we desperately need accountability,” she said.""  Yikes, only now she is saying that?  Where was she $billions ago?",not_harmful,harmful,0.781007
1758,You don't know what I prefer. And who told you it's the only path? Al Gore who has become a multimillionaire because his global warming inspired businesses? Or Elon Musk whose near bankrupt solar company  (which received millions in gov. subsidies) had to be bought out by his Car company which has never made a profit while also receiving millions on gov. subsidies? The United States has cut emissions by tremendous amounts without being in a climate accord. You are naive to believe there is only ,not_harmful,not_harmful,0.496978
1759,"I think he was being sarcastic.  There has been plenty of assumptions by the white community that black men are 'by nature' more violent than whites are.    If you like, just gooogle ""Black race is more violent"" or something like that.    Ask yourself how safe you would personally feel walking into an almost all black neighborhood. 

Charles is just saying that virtually all the mass murders in this country have been by white males, but you don't see any 'studies' about the predisposition of whi",not_harmful,harmful,0.507086
1760,"So when CSIS catches sniff of an imam preaching hate and snoops in on his private conversations using the help of an external contractor, is CSIS uttering hate speech or committing a hate crime?",not_harmful,not_harmful,0.410936
1761,"These acquisitions are such a joke.  There wouldn't be a peep about this if the democrats had won the election - obama is just being a sore loser AND spiting Trump by fostering damaged international relations because of all this.  So a few emails got leaked...emails that should have been leaked anyway, and show the true character of the democrats.  And blaming the 'Russians'....how pathetic.  Of course they monitor US activities, just like the US monitors Russian activities.",not_harmful,harmful,0.906540
1762,"I keep seeing ""Why were you shopping at 10am"". Because the store opens at 10am. Any later and the parking lot is ridiculous (even handicap is full) and the store is packed with massive line-ups. Her dad probably always shops during the week right at open (like I do) to make the trip a 30 minute endeavor rather than 1hour and 30 minutes. Given his mobility issues the time of day makes sense. Someone else pointed out she probably had this day off as a stat. So he picked the one week day his daught",not_harmful,not_harmful,0.097485
1763,"Luther was was a man of him time, no better or worse than those on the other side.  And he was justified on most of his complaints.",not_harmful,not_harmful,0.235081
1764,"They're paying a Swiss Bank - not even a Canadian bank.  A deal struck in Davos, perhaps.  This is really concerning, but not surprising.  The Liberals will sell off Canada way more than the Conservatives did.  And all with a ""sunny ways"" smile.  Canada will be little more than a banana republic if this trend continues ...",not_harmful,harmful,0.949528
1765,Keep on opting out until Colorado stops this testing/CC madness.,not_harmful,harmful,0.579057
1766,"It does indeed seem to be the Ivo way...cherry-pick comments from the few denialists with plausible-sounding credentials still out there..Bastardi being one. Then we have Ryan Maue, who it turns out is a adjunct scholar at the Cato Institute, that hyper-free-market flag-waving libertarian thinktank founded by mega-polluters and arch-conservative greedheads the Koch Brothers.

Then of course there's the selective cherry-picking of data. Vegter references Dr. Philip Klotzbach and quotes hurricane ",not_harmful,harmful,0.550825
1767,"Oh deep water keep on rolling
Minnesota moon won't you keep on shining on me",not_harmful,harmful,0.631848
1768,See my new comment above.,not_harmful,not_harmful,0.015884
1769,"""Lock her up"" ""Lock her up"".......memo to Dunthorpe......election is over...Trump won...the demonizing of Hillary Clinton is now superfluous.  

Indeed we have some major issues in public education today.  I'd be very happy to discuss them with you or anyone else who's interested in a CIVIL conversation.  Simply blaming the ""progressive left who slid under the door to our schools"" is rather silly.  You might study history a bit and find that the ""progressive left"" founded universal free public e",not_harmful,not_harmful,0.070405
1770,"You're arguing in a circle, Gary, because you just assert what was denied in yesterday's G&M comment on the pipelines--that there is no real trade-off in this pipeline deal.

We just can't afford to trade between the lives of future generations and those of the present generation in Alberta and Newfoundland. It's their lives not their trucks that are threatened.",not_harmful,not_harmful,0.342379
1771,I get this all the time. What is the protest about? .........JIM......no answer. Why isn't there an answer? Because it's a hoax. FBI stats don't back up the lies.,not_harmful,harmful,0.673786
1772,The most oversized ego is Don the Con. He should be the first to go.,not_harmful,harmful,0.868523
1773,"I also find it really disturbing that people are so willing to label anybody who disagrees with them as a *criminal*...and those who cite their right to defend themselves as *terrorists*. Seriously, you wouldn't be afraid if you weren't planning on attacking them....how does that make them the terrorists..and not you?",not_harmful,harmful,0.695864
1774,That would be the same police force that instructed its offices that they must make an arrest if they are called to a domestic dispute. Of course we all know which sex was going to be the one arrested no matter what was actually going on. Where was your outrage on that?,not_harmful,not_harmful,0.406830
1775,"Darlene misses a few facts... Trump inherited a 'negotiated' rocket man threatening a US Territory (Guam) with a ring of fire, and Trump threatened him right back. Now rocket man shoots missiles another direction. Negotiations continue with new tools in play...",not_harmful,not_harmful,0.243919
1776,"...I know,  not a single protest. They must've been too busy hoping for change. Now, for Obama its gone from ""Hope and Change"" to ""Make it out to  Cash!""",not_harmful,harmful,0.893125
1777,"Shill calling other people shills?
Is that you, donald?",not_harmful,harmful,0.872082
1778,"Oxfam, like many others, are intentionally trying to obfuscate the difference between wealth inequality and income inequality in order to confuse the naive and ignorant.  They are using a meaningless statistic on wealth inequality in order to make an argument in favour of something they hope will reduce income inequality.

Why?  Because if they used statistics on income inequality they would find that income inequality actually hasn't changed by any meaningful amount in Canada in more than 15 ye",not_harmful,not_harmful,0.398455
1779,"Apparently when a poster points out that many Globe comments show intolerance, bigotry and ignorance, Big Glenn claims he is a scary danger who ""wants to control not only what you say but what you think.""  He goes on to assert that comments like the one he has taken aim at are: ""why Canadians do not have free speech.""

Big Glenn is allowed to make comments like this one.  Others are allowed to call them ignorant and intolerant.",harmful,not_harmful,0.425288
1780,These people are not refugees.,not_harmful,not_harmful,0.111066
1781,Just listing some of Andrew Scheers promises with no commentary from me.. If you read the article you would see them .This is   pro gun web blog so they are enthusiastic about  his promises.,not_harmful,not_harmful,0.167568
1782,"More like thud, thud!",not_harmful,harmful,0.648822
1783,"I'm not sure why this is different, but for some reason it is. The  Alaska DOW is also supportive.",not_harmful,not_harmful,0.019334
1784,""" in marked contrast to the incoming administration of Donald Trump in the United States""

Does every article have to be about Trump in some way? I feel like if I look at a G&M recipe it'll say ""use butter because Trump uses oil"".",not_harmful,harmful,0.557401
1785,The Russians are out in force now!,not_harmful,harmful,0.567928
1786,"I don't know the attendance record of PM's to Inaugurations but snubbing the so-called childish Trump like Justin has just done, may impact our fiscal situation.",not_harmful,not_harmful,0.242552
1787,"Fairly unclear how one ""comes to brawl"" when you're a local resident who doesn't appreciate fascist scum stinking up your own town. 

The BEST APPROACH to fascists was pioneered by the U.S. military in the 40s. 

The only legitimate reason for a loyal American to be waiving a Nazi flag is if they took it off a dead Nazi.",harmful,harmful,0.861735
1788,"Do away with income tax and have a national sales tax.  Rich people tend to buy more and expensive things, therefor  they would still pay more tax.",not_harmful,not_harmful,0.411940
1789,"Trump voters care much more about being white than being humans or Americans. I learned that by listening to them. I take them at their word. Their white skins are the most valuable thing they have. They are terrified of losing the white privilege they claim does not exist. Just look at Kansas. That is what they want the rest of the country to look like. As long as they can look down on minorities, they are happy to die early and ignorant. They don't trust education either.",not_harmful,harmful,0.707349
1790,For a lot of DB pension plans you would have to take into consideration any attached health benefits that may be available.,not_harmful,not_harmful,0.114320
1791,"How can a banana know her heritage, let alone be proud of it? Does she understand the animosity between China and Vietnam? Would the Vietnamese youth get upset if a white teacher had told the same thing?
Why did she take the words from a politician (including the sincere Mr Trudeau) seriously?
But the Canadian government needs to review the sources of the immigrants and refugees. Otherwise, Canada will look more and more like a third world country.",not_harmful,harmful,0.931961
1792,"Reed, oh goodness, I will disinter your righteous remains for a moment.
I regret that those men did not ask themselves:
1) Is this really my battle?
2) if this is, or I make this, my battle, Do i have a Plan, Do I have the Training, Do I have the Weapon???
3) is my enemy concealing his capacity?
These questions can be answered very quickly.

Lastly, thanks ever so for your touching concern over my health.
My health is blessedly sound  and guarded by privately purchased private health insurance.
",harmful,harmful,0.589935
1793,Pragmatism and common sense....lacking in so many today.,not_harmful,harmful,0.547206
1794,"Because if our church ordains married men first we cannot avoid the result of complete gender segregation as all men will have all authority over all women.  Now only a few celibate men have authority over all other men and women.  

Since many of these married men also do not support women being ordained priests and their ordinations, if delivered first, will fill in the gaps within the priesthood which the church desperately needs to be filled, this will result in women perhaps having to wait ",not_harmful,harmful,0.747549
1795,"The foreigner tax was a cynical exercise by Christy Clark to make it look like she's doing something. The provincial and federal governments can  do more. 

For starters, the province could restrict the number of houses a non-citizen can buy to one.  How about implementing laws against flipping? How about a surtax on properties owned by foreigners assessed at over $1 million? How about allowing foreigners to buy property in Canada only if Canadians have reciprocal rights (China has restrictions)",not_harmful,harmful,0.694862
1796,"As they should.  Doing nothing was not the only  option, offering larger compensation to a  volunteer was one, leaving their employee behind and sorting it out at the other end was another.   They chose to beat up a passenger as well as delaying the other passengers by several hours. Sounds like you are happy with that!",not_harmful,not_harmful,0.081346
1797,"Tom maybe you could refer to a fake poll for us. HAHAHAHA!

When ever I see a post from you I still get a little chuckle.  You are the gift that keeps giving.",not_harmful,not_harmful,0.046377
1798,I think you are correct.  The status quo works well for China.  NK is a convenient buffer on the Korean Penensula.  They will never allow the country to collapse.  Nothing will change unless Japan or SK go nuclear.  That would change the regional balance of power.  Highly unlikely however.,not_harmful,not_harmful,0.200874
1799,"We are all hurtling along aboard a big coal-fired ship.  The people in an engineering position to know are ringing the alarms that on its current maintained course, the ship’s boilers will soon blow, sinking the ship and drowning all on board—believers of the warnings and pooh-poohers alike. 
On the deck are a banker, a pension fund administrator, a hedge fund person, a union leader, an elected official, and an Opinionista named Vegter all saying, The warnings are mistaken, the science is disput",not_harmful,harmful,0.885918
1800,"'
…you just confirmed he fooled you.",not_harmful,not_harmful,0.406656
1801,"Oh my, Blue Knox is just as out of touch with the ""ordinary"" Canadian  citizen as the fake news liberal media was down south with their people. Political Correctness , arrogance and name calling those who think differently will get you the same result as we saw with the election of Trump. People are sick of this kind of media bias and pompousness!",not_harmful,harmful,0.898042
1802,"Here's just a small snippet from the Liberal Senate report, 2002:
https://sencanada.ca/content/sen/committee/371/ille/rep/summary-e.htm

""Cannabis alone, particularly in low doses, has little effect on the skills involved in automobile driving. Cannabis leads to a more cautious style of driving. However it has a negative impact on decision time and trajectory. This in itself does not mean that drivers under the influence of cannabis represent a traffic safety risk;""

Otherwise, I would suggest y",not_harmful,not_harmful,0.056784
1803,"Islam and Christianity do not share similar values. In fact, Muslims will explain to you how they do not view the Trinity or the 10 Commandments or any other facet of Christianity as being the slightest bit true or factual. Allah is not our God, and God is not Allah, and it is Muslims who like to keep it that way. But, YMMV.",not_harmful,not_harmful,0.068669
1804,"Sorry, James, but one can walk into the P.A. Safeway store and purchase fluoridated Nursery Water without a prescription, not to mention toothpaste.

Why don't you contact the American Dietetic Association about their definition of fluoride?",not_harmful,not_harmful,0.401623
1805,"Stephen Colbert Stars As Donald Trump Jr. In Bond Film spoof 'Collusion'
https://www.youtube.com/watch?v=anAYFvvYO40",not_harmful,not_harmful,0.289981
1806,Get a clue.  Our governor is the coward.  Money coming in the door from oil revenues drops by over 50%.  So the state budget should be cut by 50%.  But our coward governor doesn't do the tough job of cutting state fat.  Instead he steals $1100 from every Alaskan to fund the fat.  And then he tours Assembly meetings playing the victim of the legislators.  Walker can't be recalled soon enough.,harmful,harmful,0.949439
1807,Great decision.,not_harmful,not_harmful,0.096725
1808,Who owns the properties?,not_harmful,not_harmful,0.168153
1809,a deal that will make us uncompetitive and foist more poverty onto the country is hailed as a great thing - gotta wonder why the left thinks it is so much smarter than the rest of us - guess subsidies will abound to keep people in office while the rest pay the freight for their intransigence,not_harmful,harmful,0.858065
1810,Themselves. They read to much of the garbage that the Post sports writers put in the paper,harmful,harmful,0.813546
1811,absolutely nothing except North Star makes it virtually impossible to do your job if you teach there!,not_harmful,harmful,0.667325
1812,North Star is a for profit organization. How much profit do they earn in Alaska?,not_harmful,not_harmful,0.367119
1813,"""I thought America was better then this.""

Sadly, you were mistaken.",not_harmful,harmful,0.506157
1814,Or by taxing your church!,not_harmful,harmful,0.555557
1815,A different kind of reporting?    Try honesty for once.,not_harmful,not_harmful,0.094928
1816,There is no right to bully and harass people on the mall or anywhere else. Hating cigarette smokers or anyone else on the mall and being a jerk to strangers isn't very nice. If haters are going to hang around on the mall causing trouble I'll do my business elsewhere. Rude haters are disgusting.,harmful,harmful,0.959760
1817,"Anderson lied through his teeth at the Carlson deposition and the only thing that allowed him to do it with impunity is that popular public opinion gave him carte blanche to do exactly that. Popular public opinion is rarely correct.....especially when that opinion is formed by preying on emotions. 

In case you did not know, the lawyer work pool in America is saturated to the point to where the law firm my mother works for turns down lawyers applying for paralegal positions on a near daily basis",not_harmful,harmful,0.823732
1818,I call em buffalo,not_harmful,harmful,0.577601
1819,"Oh good. I agree. I welcome supporting our education system with a very modest tax increase. I also think we are getting a good return for what we pay in property taxes: supporting our schools, law enforcement, emergency services, parks, roads, etc. What a great deal - truly meant.",not_harmful,not_harmful,0.021684
1820,"Short version:  Trudeau the traitor is trying to sell Canada to China.

Notice that the serial liar Trudeau never mentioned his ""sell Canada to China"" policy during the election.  Trudeau's a typical Liberal, he lies and lies and lies.  Then he lies some more.",not_harmful,harmful,0.904860
1821,"Restorationism: ""renew[ing] the renewal"" of Vatican II by bringing traditionalist approaches to liturgy""

What is being “restored”?
What did Jesus wear at the Passover meal? As a humble Jew, Jesus wore sandals, which were left at the entrance after the foot-washing, a head-covering, a Talith or upper-cloak,  a girdle, the Chalug or under-dress, and the Aphquarsin or innermost covering. When the soldiers crucified Jesus, they took his clothes, dividing them into four shares, one for each of them,",not_harmful,not_harmful,0.212251
1822,"Really scary to have an ex-journalist negotiating with the Asians on trade deals, or an ex-drama teacher for that mattter.  I can already predict now that we will lose on the deal which translates to more hardship for Canadians.",not_harmful,harmful,0.802146
1823,"Sounds reasonable me.

I don't know why Mexic-ohhh (and the rest of the world it seems) insist that they have ""rights"" within & outside the  US.

They don't.

I wonder what rights our new ""citizens"" expect from Canada?

Can you provide an answer Mr. Prime Minister???",not_harmful,not_harmful,0.118474
1824,"And oh so conveniently for the BC Liberals, Gregor Robertson has taken a disproportionate amount of blame over housing, which deflects criticism from the Liberals.

And that is not to excuse Vision Vancouver, but the same willful blindness engaged in by Vancouver, also happened under the watch of Derek Corrigan in Burnaby and Malcolm Brodie in Richmond and yet  Corrigan and Brodie get a media pass.

In fact the sins of Brodie and Corrigan are worse, and Vancouver cannot even come close to the ho",not_harmful,harmful,0.939317
1825,"""The first thing you do is ask yourself — forget about the law — what is a sensible resolution of this dispute?""

Translation: Forget all that stuff about our being a nation where we have rule of law and not rule of men. The law says what I say it says, no more and no less. <b>I am a judge!</b> When I hear a case, I rule! If the law disagrees with me, I will redefine it so it DOES agree with me. That's why I was in office. I was a legislator in a black robe, and I liked it.",not_harmful,not_harmful,0.453699
1826,"it was not an ""assault rifle""   I wish reporters would get the facts and report the news correctly.  its like saying he was wearing all black and had his face covered he was antifa.",not_harmful,harmful,0.791118
1827,"Dana, your fantasy is what would have happened if Hillary had one, it is the liberals that do not believe in free speech and tolerance.   True, they claim to believe in them, but when called to put them into practice, they always find ways to deny them.",not_harmful,harmful,0.835696
1828,Trump.,not_harmful,not_harmful,0.346159
1829,"Because they know they have no high ground on this issues, so it is deflected to another non-issue like Benghazi or email,9only in this case abortion.",not_harmful,harmful,0.649263
1830,I know. If it wasn't for Princes symbol I would have thought it was a swashbuckler. Looks nothing like the Tiny Prince.,not_harmful,harmful,0.845284
1831,"He has just admitted ""cash for access"" is a reality and we should ""trust his integrity"". Tell me again what was the sponsorship scandal about?
Liberals in charge of vast amounts of $$ and influence peddling as I recall",not_harmful,harmful,0.664861
1832,"Are you aware that there is a Protestant Separate School Board in Ontario as well as the Catholic ones? And the system can be eliminated. Quebec abolished school boards organized along religious lines in 1998. They are now done by language - French and English, not Catholic and Protestant.",not_harmful,not_harmful,0.212841
1833,"Compelling article about a courageous, honest politician. Just imagine where this country could be if we had an entire cabinet of the calibre of Pravin Gordhan and Mcebisi Jonas.",not_harmful,not_harmful,0.235995
1834,"Greenbelt legislation and regulation have some impact on house prices but the argument that it is the fundamental reason can be utterly dismissed by envisioning the scenario where no land-use legislation exists but the city-region population continues to grow and sprawl out from the core.  The greater the sprawl the higher land-prices will be closer to the center regardless of how much land is made available for development at the periphery.

On the other hand envision another scenario where int",not_harmful,not_harmful,0.289987
1835,"Because you're poor/homeless/indigent, that gives you a right to smoke in public? Clue: don't spend your limited funds on things that are clearly not good for you, and you will be less poorer by just that much.",not_harmful,harmful,0.757656
1836,"The game is over and the Republicans screwed up big time and lost (despite all the time they have had to design an alternative to ACA).  Now it's time to do the peoples work.

""Three more members of the House of Representatives have signed on as co-sponsors of HR 676, the single payer bill in the House.

Carolyn Maloney (New York), Adriano Espaillat (New York) and Nanette Barragan (California) — signed onto HR 676 yesterday, bringing the total number of co-sponsors to 72.""

http://www.singlepaye",not_harmful,not_harmful,0.140528
1837,"Dude said he was trippin, im not buying it.",not_harmful,not_harmful,0.450822
1838,You really think that Trump is through calling names ?,not_harmful,not_harmful,0.274668
1839,"If those rust belt jobs don't reappear; if a deregulated Wall Street authors another economic meltdown vapourizing retirement investments; if Trump turns out to be simply another politician playing on the hopes of those who put faith in him - what happens then? Where do those people go, and to whom do they turn? Do they return to traditional political parties, or do they find another Trump - or someone who makes Trump look mild? Or will they simply give up, and take matters into their own hands?",not_harmful,not_harmful,0.449846
1840,"Better than the NYPD, who manage to either hit bystanders or for that many rounds fired, would have gotten 4 or 5 hits.",not_harmful,not_harmful,0.222755
1841,"Don't you just love it!

As soon as someone works hard and pops his head above the parapet out come the local mob to cut them down. After 30 years in Alaska it never fails to happen that others too lazy to make a go of it themselves are falling over themselves to have imaginary gripes about people who make success happen. It looks like the Seward mob is no different. Next thing they will be griping that the Governor has cut their Permanent Fund Dividend.

Congratulations to him - he has made the",not_harmful,not_harmful,0.370866
1842,"Which would amount to pretty much ""nothing happening!""  As these countries would find other ways to market their products to rake in the ""big bucks"" by using dummy corporations, to trans-shipping products to a variety of different shipping companies and material handlers, that you would never find out, where they originated from.  Voting with ""your wallet"" only makes politicians fatter and more complacent.",harmful,harmful,0.614239
1843,"Woodward and Bernstein's reporting brought down a President. Interesting dichotomy that now, Woodward is urging the media to be cautious in its reporting and Bernstein is calling the President ""malignant"" before any high crimes have actually been uncovered.",not_harmful,harmful,0.692186
1844,Aintie:  great stuff sport!,not_harmful,not_harmful,0.243139
1845,If Trump cured cancer you'd complain that he's putting oncologists out of work....your anti-trump opinions are a joke and you're clearly a single-minded troll based on your name alone....,harmful,harmful,0.729517
1846,"I agree with you. So, when I don't pay my taxes, I expect to receive a stern sermon from the government, and nothing else. Same with speeding.  I guess ""I'll get the picture"" without any fines.",not_harmful,not_harmful,0.053944
1847,and start charging tolls on highways for BC products being shipped to the rest of Canada.,not_harmful,not_harmful,0.320180
1848,"Car tips on maintaining your first car ????

How about maintaining any car never mind your first.",not_harmful,not_harmful,0.115079
1849,"I see three weasels
Weasel words
Watch the vote, not what they say, watch how they vote
All three have already voted to move the Ryan budget before
Any one of the three could make a definitive statement but none of them do
They all dance around the questions, they all offer nothing but weasel words
These people are most concerned with protecting their own interests
They aren't standing up for Alaskans,
they're looking for an excuse so they can claim deniability when they vote yes
They're looking",not_harmful,harmful,0.738701
1850,"Alaska Constitution Party Candidates 2016 Contract With Alaskans:
*Restore & Protect the PFD.
*No Statewide Income Tax.
*No Statewide Sales Tax.
*Promote the sustainable ISER/Goldsmith Budget target.
*Restore Privacy Rights.
*Protect Innocent Life from Conception to Natural Death.
*Comprehensive Election Reform.
alaskaconstitutionparty.com",not_harmful,not_harmful,0.141069
1851,Odd that yesterday's comments are all gone....,not_harmful,not_harmful,0.050977
1852,"Juice! not going be fair.  Juice! da guy is one racist.  Juice, da news.  Oh, wait...who we talking about again???",not_harmful,not_harmful,0.180514
1853,"Canada IS enforcing its existing immigration laws. By the way, the correct word is ""dual"" not ""duel"" and even if people are allowed to stay, they are not issued citizenship on Day One, they have to wait a few years, apply and be accepted.",not_harmful,not_harmful,0.107917
1854,Huh?,not_harmful,not_harmful,0.321405
1855,Give present status which should have been in the 5:19 pm update!,not_harmful,not_harmful,0.063065
1856,Way to go Ozzy! Bellevue Police are the masters of the non-lethal takedown.,not_harmful,not_harmful,0.316646
1857,"My take on this, as a small-c conservative, is that this could be a good initiative but the devil will be in the details (what are the specific projects, the returns demanded, means of revenue generation, and perhaps most importantly the construction execution).  And of course hopefully Canadians are hired for the work, not TFWs.",not_harmful,not_harmful,0.055217
1858,"Even if one-half of what Mr. Burke was true (which it is not), it still would not be the end of liberal leaning bureaucracy, nor would it be disastrous at any level beyond the basis of over-funded government.  Our current state of regulatory control over the needs of the citizens is not sustainable.  Americans are not devoid of intellect as the overspending liberal think tanks believe.  Most are honest, well-meaning individuals, who, if left to their own devices, will find solutions to the world",not_harmful,not_harmful,0.061051
1859,.............. and none of the 9/11 terrorists came from Qatar........  (they were Saudis),not_harmful,not_harmful,0.248973
1860,"Hmmm.... my DPS ""boys of color"" certainly never exhibited that sort of behavior. Maybe because we taught them boundaries,respect for others and negative consequences for negative behavior?",not_harmful,not_harmful,0.145185
1861,"Tourism is our state's economic engine.  As a service industry tourism jobs are low paying.  Rentals are unaffordable to low wage earners, and many of these wage earners even with multiple jobs cannot afford available rentals.  For many, living on the streets is there only option.

Knowledge that the GET is regressive has not influenced public policy.   Rent control also needs to be considered.",not_harmful,not_harmful,0.157845
1862,"Sheila,
AMEN!!!
Almost none of these victims ever recover. I know of only two. 
Blessings --",not_harmful,not_harmful,0.031175
1863,"""He will not be able to tweet his way out of it.""
Wanna bet?
FAKE NEWS",not_harmful,harmful,0.795314
1864,If You drive drunk you will be blamed for an accident even if it is not your fault. Don't drive drunk.,not_harmful,not_harmful,0.279998
1865,"Oh, for the days of well-behaved professionals...",not_harmful,not_harmful,0.410661
1866,"Nate:  I thought that was the case as well.  However, the wording of the release was a bit ambiguous and I appreciate that Ms. Roemeling has clarified it.  regards, Gary",not_harmful,not_harmful,0.016361
1867,"it's really about the ""the grass is greener on the other side"" syndrome.  It looks pretty good until you get close... then you realize that it's really just concrete painted green.
That's all trudeau is... he looks good from afar but when you get close it's all an illusion, a mirage a cheap facade.
I hope he can make himself disappear in 2019.. now that would really be something to write about",not_harmful,harmful,0.795030
1868,"I don't remember the story quite that way. Debts  were accrued from running an unfunded war. I agree we overspent on social programs, but to not do so would have left people homeless and without social services and deepened the recession. From day one a gang of Republicans promised to obstruct Obama. For 8 years Fox and the right wing media attacked him daily. 
While I can accept our lack of involvement in more foreign wars may have been unhelpful, today thousands of families are with their love",not_harmful,not_harmful,0.162819
1869,"The victim-shaming comments on this thread sicken me. Clearly this man is a pro at deception with a lifelong history of fabricating for personal gain. He intentionally sought out to defraud the DAC and the Eugene community. The Eugene-Springfield community is better than wanton blame gaming of our long-time, upstanding business leaders. Save your vitriol and finger pointing for Brito/DiMaria.",not_harmful,harmful,0.900813
1870,"""How filled with spite and resentment must people be to see anything worthwhile in Trump?""
_Rob P.

Actually your question should be ""how fed up was the U.S. electorate with do  nothing government and life long politicians to consider electing someone out of the Beltway?"". You're confusing the cause and placing the blame on the wrong people.",not_harmful,not_harmful,0.129997
1871,"The comments regarding Laurie Adams are a mischaracterization that I am fully against.  ""Aunty Laurie"" is extended family to my Samoan/Hawaiian one, and has always been incredibly culturally and ethnically astute, interested, and loving.  I find the statements they investigated to be entirely out of  character for the woman I know, and I believe there is some ""stretching of the truth"" being performed by those concerned... Laurie is nothing short of an amazing, caring person.  Lets be very real h",not_harmful,not_harmful,0.329991
1872,"A recent scientific US study http://www.nap.edu/ 
""In the past, a typical climate scientist’s response to questions about climate change’s role in any given extreme weather event was, “We cannot attribute any single event to climate change.” The science has advanced to the point that this is no longer true as an unqualified blanket statement. In many cases, it is now often possible to make and defend quantitative statements about the extent to which human-induced climate change (or another causa",not_harmful,not_harmful,0.068156
1873,"Responding with force to a possibly empty threat is ridiculous. What will China do if the US attacks North Korea, General Mattis? Would Russia sit still or take advantage of the chaos to act elsewhere? Kneejerk at its finest.",not_harmful,harmful,0.892331
1874,"Hitler himself came to power as a supposed cure against crypto-Communists, so your analogy is completely off.",not_harmful,harmful,0.527562
1875,"Worked in IT development all my life. Nothing is 'secure', especially not with the technology that exists today. Embedded chips, iris scans,  facial recognition, fingerprints, voice prints can ALL be captured, stored and used at will. Hell, over in Scandinavia they even cut the index finger off of an employee to gain access to his company's location.",not_harmful,not_harmful,0.411420
1876,Trump and Trudeau are an interesting contrast especially when you compare what they achieved with their family wealth. I doubt Trudeau will be any match for Trump.,not_harmful,not_harmful,0.284422
1877,"Take a drive out to the area with your Verizon phone and see for yourself if you can find a dead spot, or even an area with poor reception. I did, and found good strong coverage throughout the area. Verizon's interest, like that of the rest of the wireless industry, is not about cell phone service, it is about challenging cable and DSL for market share of streaming entertainment services--not what the FCC cell tower regulations were originally written for. There is abundant phone service, and 91",not_harmful,not_harmful,0.221925
1878,"And that makes this right?   You Trumpettes will grasp at anything to deflect. 

Your boy is a moron and a draft dodger.",harmful,harmful,0.960604
1879,"Common opinion from fiscal conservatives, which I count myself as well. 
What many of that opinion fail to acknowledge was the 2008 global recession that we largely skated through.  In large measure because of a relatively short run of well done Keynesian fiscal policy (and proper banking regulation). The second order effect was that it nullified a lot of even more progressive, left wing economic criticism of the government.  It was , in fact, a very well played policy in terms of fiscal and pol",not_harmful,not_harmful,0.453888
1880,"i am sure the alt left lunatics, legendary for ignoring knowledge being the sheep they are, would be fascinated by the many articles that debunk every claim that mans carbon is doing anything bad to the climate, thus destroying the pathetic lying strategy of the climate cult lunatics,, would you like links??? here just a few , i know you will feel better.
https://www.youtube.com/watch?v=SXxHfb66ZgM
https://www.youtube.com/watch?v=2Lye5liWuZw",harmful,not_harmful,0.410357
1881,"Spot on Paparazzi !!!
Is there a Canadian national interest in sending troops to Mali? NOPE!!!!!
Their was a  keen interest in blowing the pants off ISIS, but  that doesn't suit the  needs of  a PM who panders to the UN for direction. 
Yes a body of un-elected blow harts who are on the wrong side of history.
Its enough to make you sick.",not_harmful,harmful,0.967024
1882,"There is no credible evidence showing that ""free trade"" benefits countries more than it harms. Examples from economics textbooks and the claims of ""economists"" do not constitute evidence.  Moreover, there is no such thing as ""free trade"" practiced anywhere in the world today.

I will concede your point on the ""proper solution"".  The problem however, is that not a single government has done this. They're had to close to 30 years to ""compensate the losers"" and they've done nothing and continue to ",not_harmful,harmful,0.891390
1883,Not anymore...Trudeau had this policy removed. It was brought into play by Harper.,not_harmful,not_harmful,0.365620
1884,Like Russians in Washington.,not_harmful,harmful,0.591615
1885,"These aren't hikes, these are walks. Still useful to know about.",not_harmful,not_harmful,0.024671
1886,Burning biomass is dirtier than burning coal.  Wind and solar are intermittent and require an equivalent amount of standby power from conventional power plants. Wind turbines have three tonnes of neodymium magnets (rare earth minerals) that are mined in China under deplorable conditions. The Chinese coal-fired energy used to manufacture and transport solar panels generates more emissions than they save over their lifetime.  Geothermal electricity...  where?,not_harmful,harmful,0.757710
1887,"I would much prefer a sales tax. I'm already tired of having to pay for a bunch of stuff I don't use - like ASD's bloated spending - and with a sales tax, that's controllable by the consumer.",not_harmful,not_harmful,0.097166
1888,"It's all about the money. Gonna be interesting to watch generations of kids, teens and the rest turn into stoners. Oh wait, anyone under 18 is not allowed to have it, like alcohol and tobacco. And parents will always keep it under lock and key. And did I mention the money?",not_harmful,not_harmful,0.241766
1889,Earth getting warmer? https://www.forbes.com/sites/peterferrara/2012/05/31/sorry-global-warming-alarmists-the-earth-is-cooling/#109825ef3de0,not_harmful,not_harmful,0.271605
1890,"So Mintz is the author of deep philosophical works like ""How to Host a Dinner Party"" and is mostly known for a newspaper food/restaurant column. He should probably stick to reviewing restaurants instead of philosophy and ethics. No wonder this article gave me indigestion.",not_harmful,harmful,0.793578
1891,Therump saved Canada's bacon by protecting us from tpp dissaster.,not_harmful,harmful,0.805958
1892,"It's not healthy to be waiting on and demanding an apology.  

We should be less noisy about putative offensives. 

Someone always seems to be seeking and claiming rights today, or new rights! (notice never new duties though!).  hmmm.",not_harmful,not_harmful,0.136434
1893,I haven't talked with anyone yet who didn't think that taco trucks on every corner was one good idea!   :-),not_harmful,not_harmful,0.068012
1894,"Yeah in fairness (?) though, its rigged that way. And we have to re-open the constitution to change it.",not_harmful,not_harmful,0.234574
1895,"Please see my reply to ""Live's under a bridge"". Patriarchy may benefit men in some ways but that is not its sole purpose. Its sole purpose is to benefit those with their hands on the levers of power (almost exclusively men) and perpetuate itself (make sure those levers are passed on to other men). That doesn't mean that it is out to make sure all men have a better quality of life than women. In fact, it often treats men, particularly working class men, as expendable. It raises men to treat the l",not_harmful,not_harmful,0.256855
1896,"I will give you odds on Trump being impeached, if you give me odds on the 2nd Clinton being impeached.",not_harmful,not_harmful,0.279184
1897,"The trend is clear.  

The story about our Science Minister wants to force gender-based hiring at Universities, using quotas?

Here at the G&M, it's a 'sensitive topic' and you can only post if you haven't been a bad, bad poster in the last 30 days.

At the CBC, there's no commenting allowed at all on that story.

It's pretty clear what the narrative is, and if you aren't going to toe the line and you're going to be awkward and point out the holes in that narrative, then they will find a way to ",not_harmful,not_harmful,0.472051
1898,"""the small business person, while complaining about the horrendous tax system and public expenditures never divulge their own benefits""

This sentiment, awash in ignorance, is why Trudeau and Morneau are going down in flames.  The vulgar assumption of gratuitous treatment by the tax code is like a knife in the gut of anyone who has sacrificed their assets, time, family and health to build an enterprise into one those thousands in canada that now employ over 5 million workers.  

You have no idea",not_harmful,harmful,0.928287
1899,"There they go again. Liberal dementia thinks people who do absolutely nothing to support themselves should receive food stamps indefinitely. These are the same mentally ill who think mandating looking for work when living off other peoples paychecks is cruel and immoral. What is hysterically funny is these mental midgets tell us how great the Obama economic recovery is, lowest unemployment numbers in 40 years, to then tell us how hard people have it finding a job working more than 20 hours a wee",harmful,harmful,0.936436
1900,Sterling wasn't killed while being restrained!  He was resisting arrest and fighting with officer's AND he had a firearm illegally.  He chose this path and now has to deal with the consequences.  Stop trying to justify people who make bad decisions.  I know this is not the case everytime but it was with Mr.Sterling.,not_harmful,not_harmful,0.039553
1901,"I don't think cars will ever be totally self-driving; there needs to be a human present able to correct a car's possible mistakes.

No computer can anticipate all that might crop up during a drive.",not_harmful,not_harmful,0.114562
1902,"In a brief two year period the Prime Minister has solved all of Canada's problems.

Now that that is a fait accompli, you just know he is going to fix all of the world's problems too.

Thanks Mr. Bronfman for bankrolling the greatest leader in the history of the world!",not_harmful,harmful,0.665192
1903,Can John McCallum crawl out of his bottle long enough to see what happens when you open the immigration floodgates only for the sake of political ideology. Justin: please turn away from the camera long enough to see what your policies will lead to.,not_harmful,not_harmful,0.411491
1904,"If Trevor has another sub-par game against the Chargers, he'll be benched.  The Chargers have been playing very well since we opened the season, but they won't have much of  a homefield advantage as that stadium only holds like 25,000, and there will be a ton of Bronco fans there.",not_harmful,not_harmful,0.463201
1905,"Or,  as Obama should have done is made a meaningful dialog and found the middle ground.....He made this a zero sum game and pushed people into a corner",not_harmful,harmful,0.765858
1906,"Speaking with one voice in dealing with a nuclear-armed North Korea is essential for the US and its allies in the region. Kim Jong Un is likely baffled by the decidedly mixed message he is receiving right now and a baffled, violent despot is not a good thing. The new economic sanctions are only beginning to be applied and achieving meaningful results may be months away if at all. There is a reason why only one conductor leads an orchestra.",not_harmful,not_harmful,0.220447
1907,"Given the high stakes involved in any SCOTUS nomination for a lifetime seat, perhaps it is time to consider a Constitutional amendment limiting any new Justice to a 10 year term. That might help dial back the over the top political games played and allow for a more reasoned debate and vote on any nominee. ""Life time"" is just too long for such a powerful office.",not_harmful,harmful,0.521328
1908,“Pharma bro” will soon become “Prison bro.” A brief stay in general pop ought to wipe that smirk off his face.,not_harmful,harmful,0.957665
1909,"Mr. Cox, talk about distorting reality, how can you use figures from 1975 , you better get real and understand it's not 1975 , the world has changed. And you wouldn't compare the number of deaths to the skittles , you would compare it to the number of refugees coming in and I agree even if there were 3 terrorists out of 10000 , well you can take your chances and eat some candy. I won't. And something not even talked about is how to check these people out, we can't in a lot of cases , and like so",not_harmful,harmful,0.502614
1910,"Then it follows that if Dennis from Walmart ran, they would elect him.",not_harmful,not_harmful,0.382186
1911,"Overlooked in this article was Conservative leadership candidate Kellie Leitch's gushing welcome of Trump's election as an ""exciting message that needs to be delivered in Canada as well"".
Gee, Kellie, there are some ""elites"" you not only like, but find exciting. How wonderful.",not_harmful,harmful,0.758061
1912,"So bitter, Martel.

When you can carry Saunders' briefcase, you might get a call.",not_harmful,harmful,0.819034
1913,"UBERALLES: Yes, I'm waiting for the BLM contingent to show up at the Caribbean festival to celebrate all the well-known LGBTQ-inclusive aspects of Caribbean and African culture.",not_harmful,not_harmful,0.123588
1914,"I guess you were just lying the weeds, waiting for a few of Your Js to go on the DL so you could pounce/attack the conditioning unit.  You are 1 sorry carbon unit.

Shapiro instituted this a year ago, I think, and cannot recall you posting last season anything critical back then.  Wonder why....oh yeah.

And, to further illustrate how visceral your contempt for Your Js actually is, you are foolishly including a blister and subsequent attempt at rectifying the problem through cutting the offendin",not_harmful,harmful,0.915965
1915,"No weapon. Come on JPD. At least Center Mass Hatch tripped backwards and found that a guy with a big knife got the drop on him. This won't play out well. 

Note to self.... "" Don't barricade myself unarmed in a car in Juneau.""",not_harmful,harmful,0.584018
1916,"Unlike Trump, Pence is a true politician. As such, he understands that there are some situations where silence is golden, and some others where it is best to blatantly deny the news. Obviously, he does not want to upset his current master at this stage of the game.",not_harmful,not_harmful,0.132364
1917,"As a matter of fact?

Yes.

Now.  Are you going to?",not_harmful,not_harmful,0.040026
1918,"The building has been around for 45 or so years and functional for the first 30 or so of those years.  While in business, it had a multitude of names and/or chain brandings.  ""Northern Lights Inn"" is the name which stuck more often throughout its operational history.

Mike Cusack bought it in the mid or late 1990s and also bought the Polaris Building in Fairbanks, so he had the idea to start a chain called Northern Lights Hotels.  He was in way over his head (bad investments plus personal proble",not_harmful,not_harmful,0.453021
1919,"If the City goes through with the dog ban, I'd imagine the service animal population in downtown is going to explode. 

And cue the complaints of the meters returning downtown. What most people don't realize is the majority of cars parked on the street downtown are employees of downtown businesses.",not_harmful,not_harmful,0.204246
1920,Canada is doing exactly what they should be doing. Negotiating firmly and in good faith taking the approach that all reasonable people on both sides are looking for which is 'do no harm' to the current agreement. Trump thinks he's still dealing with drywall contractors or painters. He's about as sophisticated as a tree stump.,not_harmful,harmful,0.955936
1921,"Buist: the BOG is lightyears away from ""the most democratic wildlife regulatory board in the U.S."" America's democratic core principle is fair representation of constituents. The BOG consists entirely of hunters and trappers. Not one has ever expressed a non-consumptive value of wildlife, yet 80% of Alaskans do not have a hunting/trapping license.",not_harmful,harmful,0.620506
1922,"Well done. Sadly she's young and doesn't quite grasp the big mean world yet. The Japanese camps of the WWII era is completely different than the ban. Also, 99.999% of the Japanese Americans were proud to be in America and valued what it stood for. They also would not place nails, screws and ball bearings in explosives and detonate at young people's crowded concerts. The banned countries not quite so, I'll garnish them a whopping 99% of not doing something like that, but that still leaves 1 out o",not_harmful,not_harmful,0.168340
1923,"More aptly, Pence dug the hole a little deeper for the GOP. America is not going backwards.",not_harmful,harmful,0.699015
1924,"But if you stay away from farmers markets, as you are advising, then you will miss the guy selling out of the back of his old pickup truck most of the time.  
Use your head at farmers markets.  If you are buying ""local"" cucumbers in February from the farmers markets you should know that they aren't local.  As for buying produce that is rotten one has to use their noses and eyesight to avoid those bushels or baskets or quarts just as you do at the grocery store.  
I know a few farmers who grow th",not_harmful,not_harmful,0.076205
1925,HoHoHo HaHaHa.  I'm very glad for this humour from the G&M. Well worth the price of subscription.,not_harmful,not_harmful,0.127291
1926,"PS: Never know, James...

maybe ""separate"" commencement was a safety precaution to keep the black students from being run down by a bunch of drunken white frat-boys.  Could happen, and if it did the frat boys would get away with it.",harmful,harmful,0.531597
1927,"thats my jumbotron picture! i am a professional photographer, ama",not_harmful,not_harmful,0.090206
1928,Why shouldn't we be entitled?  Wouldn't be surprised if Mr Quinn uses a far more polluting and potentially lethal means of transport. No reason cycling can't expand more in Vancouver; there isn't even much of a winter most years.,not_harmful,not_harmful,0.195171
1929,It's almost as though she wrote it herself great article,not_harmful,not_harmful,0.288204
1930,"Bulldoze the entire campus and let a developer build thousands of ugly, glass and concrete blockhouse apartments with no parking. Mayor Hancock and the City Council approves this plan.

Seriously - the State should buy this gorgeous and unique piece of land and find a use for it in the State college and university system that preserve the buildings and most of the open space. Perhaps some sort of ""think tank"" or research center.",not_harmful,harmful,0.743744
1931,Has anyone asked how true the Troopers bullet was. Maybe they are just getting up and walking away or maybe the zombie apocalypse has begun with ungulates,not_harmful,harmful,0.797494
1932,"Let me guess, you live in a condo without a sprinkler system. Or do you own rental condos without a sprinkler system? Fess up.",not_harmful,harmful,0.730082
1933,"You're speaking about your presidential wanna-be, correct? Because it's pretty clear Trump has no respect or love for our country--only for himself. He is a consummate narcissist and a danger to America and the rest of the world.",harmful,harmful,0.951663
1934,"I took a shot at daytrading back when the dotcom boom was happening in the late 1990's.  Bad mistake, and not because of the inherent risks of tech or the stock markets, but because Canadian regulators required all trades to be checked by a person before they proceeded in spite of my having signed up for maximum risk ( short sales, options, margin). Many times I wanted in or out of a trade, clicked the button then waited an hour or more for it to process ( or worse yet a call from the discount b",not_harmful,harmful,0.826885
1935,"actually, she could have kept the building, hired a property manager (hopefully an honest one), netted more money and still have had the building......",not_harmful,not_harmful,0.103432
1936,"Who am I but a jazz drummer, haha!

My comment from Feb. 11 2017: ""The gain of over 15,000 full time jobs is solid. Expect two rate hikes of a 1/4 point each this year.""

My comment from March 6, 2017: ""BOC will raise at least twice this year, IMO. Those that comment here will not see the train until it is upon them.""",not_harmful,not_harmful,0.459345
1937,But they had good intentions and deep pockets that needed filling.,not_harmful,not_harmful,0.492412
1938,I want to see Trump's tax returns. Signed the petition some time ago.,not_harmful,not_harmful,0.045160
1939,Both parties want your money they just do it in different ways for different reasons. Demopublicans want your money to give to others so all things are equal and government can socialize everything. Republicrats want to lower the rich's tax burden along with businesses so that the employed middle class can pay for everything. There really is no difference in either party just different methods and goals.,not_harmful,not_harmful,0.052765
1940,Where is this much vaunted  US balance of power betwwen the legislative bodies? Does Trump just have to sign executive orders for it to become law?? He also eliminated the requirement for corporations to disclose and correct serious safety violations. How does this help his base? When will they wake up?,not_harmful,harmful,0.589493
1941,One of my parents recently died. We tried to cancel her ticket and get a refund because she was in hospice and no longer able to fly. You would not believe the hoops that Hawaiian made us jump through to get a partial refund. It took multiple emails and multiple calls - they would never call us back like they said they would - until there was a screaming match on the phone and they finally agreed to a partial refund. Changed my perception of Hawaiian for eternity.,not_harmful,not_harmful,0.405741
1942,"Does Illinois not have an indemnification law, like we do?",not_harmful,not_harmful,0.052309
1943,I'm glad you can admit you are on welfare.,not_harmful,harmful,0.743185
1944,Sniping liberals of the world.... UNITE!,harmful,not_harmful,0.363184
1945,"Great column outlining why some of us on the left are wondering what happened to the Democratic Party. Sure, the Republicans have their own problems, but the Democrats have shifted so far to the right they don't even notice when they sound like spokespeople for the right. They seem to love the insane Middle East wars, and seem to have lost the ability to understand how the right has manipulated them away from protecting labor (NAFTA, TPP) and protecting the very poor. 

Loving the traitor Kissin",not_harmful,not_harmful,0.453060
1946,"It could be that they are doing this for one of two reasons:
i) there has been hacking from inside the aircraft into the plane's flight control systems that has either caused crashes or come close to it.   There have been some very odd plane crashes and disappearances the past few years.
ii)  authorities have figured out that the EMF radiation level from many laptops going at the same time in an enclosed space hugely increases the radiation levels to which passengers and crew are exposed within ",not_harmful,not_harmful,0.190012
1947,"the libs have bribed just about every public servant, teacher, union, police force and student with our money.  That is what she sees as a path to victory.  OntariOwe",not_harmful,not_harmful,0.184998
1948,"Think what you want.  I couldn't care less.  Really.

By any measure, Trump is a spectacular failure as President.  You can pretend that's not so, but it won't change the facts.  He can't get anything accomplished because he's unfit for office.",not_harmful,harmful,0.878140
1949,"The ole Republican fallacy of logic trick, where if someone is not urging infinite punishment for an infinite array of illegal conduct, he or she must be guilty of misconduct. Lead paint in your past? Brain injury? If I wasn't right, you could have, theoretically, proven me wrong. But I am right; you couldn't prove me wrong; so you resorted to a fallacy of logic.",not_harmful,harmful,0.730181
1950,The despair of the real estate organizations and those related to them in trying to deny the daily decrease in prices across GTA and further afield reinforces the clear evidence of the new reality of falling house prices. They just want people to believe in their lies so they will borrow ever more on the “guarantee” of increasing prices until debts catch up with them and they lose their life savings when they will be force to sell at a loss.,not_harmful,harmful,0.715532
1951,"Steve, thanks for showing us the subliminal side of driving cars - LOL funny!  Made my day;)",not_harmful,not_harmful,0.236215
1952,"Maybe they do and they support it. From my understanding of Islam, it is the ultimate ""stand by (or maybe behind) your man"" ideology.",not_harmful,harmful,0.541083
1953,I was extremely disappointed last night when Ernie Kent was not introduced along with his team. The crowd would have given him a nice cheer.,not_harmful,not_harmful,0.287424
1954,"Nonsense, the asylum seekers were forced to flee the RICHEST COUNTRY in history on account of their ILLEGAL IMMIGRATION BAN.

Montreal's democratically elected City Council has voted UNANIMOUSLY to today become Canada's fourth sanctuary city.

Good on them.

Ottawa, Saskatoon, Regina, and Winnipeg will be next.

True Canadians will not stand down to Trump's ILLEGAL IMMIGRATION BAN !

Not sure what country that most of you are even posting from.",not_harmful,harmful,0.802113
1955,"But was there any other party to negotiate with?  No.  Would the Feds have come to the table? Probably not.  

They can't strike, probably don't want to and so they negotiate in good faith and come up with a creative solution.  Good for them.

Feds/provincial politicians, who can you trust?  Few. 

Two of them and only one taxpayer to send up the money to those hungry souls in the halls of power in Toronto & Ottawa.",not_harmful,harmful,0.818114
1956,"As a value investor, I would like to say that you are 100% wrong.  I would like to....but I can't.

Merrill (in the US) has done a lot of work on just what works in the market (low PE?, high ROA?, low P/FCF?, low dividend yield?, high dividend yield?, under owned stocks?, high ROE?, Positive earnings surprise? etc., etc.  etc.).  

Different strategies work better at different times....but ""momentum"" works as well or better than most of the traditional value tactics.   Not something that I am pe",not_harmful,not_harmful,0.148635
1957,"My thoughts are with their loved ones.

Unfortunately this needs to be pointed out in order to prevent future fatalities.  There are some days you don't go into the back country.  The avalanche forecast for Wednesday was triple-high, meaning it was a 4/5 below, at, and above treeline.  These are days you find something else to do.

These two, being from Boston, maybe didn't realize how dangerous it was.  Maybe they felt comfortable because they had transceivers or maybe because they were on vaca",not_harmful,harmful,0.912527
1958,"Yes Lars. I know in another thread you said leftists were cheering and happy about the killings in vegas.

I know this means you are not worth my time and I ask that you stop responding to my posts. You have crossed a very serious line by even implying that anyone would take joy in the death of their countrymen.

Nothing you say has any value and I am not going to sit idle by while you claim anyone took joy in the killings in vegas.

Get a soul.",not_harmful,harmful,0.951442
1959,"Specifically, Canada should enhance its consulate offices in the US and actively encourage Dreamers (and other foreign nationals seeking to leave the US for Canada) to apply as prospective immigrants or (where an individual's circumstances warrant, as refugees).  Creative use of Ministerial orders and other fast-tracking should be facilitated where circumstances of individual applicants warrant.

In short, Canada should prepare to meet this challenge creatively through regular channels and means",not_harmful,harmful,0.841064
1960,"Maximus,  I don't think you understand native history very well. The founding fathers used the five tribes as a model example for creating a democracy here. Along with lots of other enlightened philosophies coming to light,  I don't think the natives fought more wars with themselves then Europeans fought wars by themselves.  That is a stupid comparison.   Also, I'm sure if you we're black and imperialists came wanting laborers, you would sell out the weaker tribe in your area...... racist prick.",harmful,harmful,0.952587
1961,Am out of town visiting grandchildren... But I think this is interesting. We kupunas don't see much hope for Hawaii without rail.,not_harmful,not_harmful,0.220680
1962,"I thought we somehow got rid of Jerry Ward?  But then a grifter administration would want regional grifters, too...",not_harmful,harmful,0.587469
1963,Hallelujah!,not_harmful,not_harmful,0.199367
1964,"williams is an idiot and a coward. If he cared in the least, he would push a phase-in of e-verify with stiff penalties. 
He is just as worthless as the rest of CONgress and the GOP.",harmful,harmful,0.942858
1965,String up this antisocial animal.,harmful,harmful,0.690488
1966,"""What is the weather like in your alternate reality?!""

Much better than the weather in your alternate reality!

LOL",not_harmful,harmful,0.589249
1967,"That's why I said metro Denver, which would include Aurora, Glendale, etc.",not_harmful,not_harmful,0.033589
1968,"If it looks like a duck,
walks like a duck,
and quacks like a duck,
but has attended film school in London and Los Angeles,
we must consider the possibility that he is ducking with us.",not_harmful,harmful,0.813092
1969,"Anyone in the Payday Loan business should not be trusted, let alone someone who has been divorced three times and has two kids out of wedlock with a country musician.",not_harmful,harmful,0.573837
1970,"Scotty does Know! This is the answer.  Not Police out of Pride or as above,  ""a code for racism"".  We are a decent society.",not_harmful,not_harmful,0.056503
1971,"Duvernay shale oil is about the same size as the Eagle Ford in Texas. It could be in for huge development over time and most certainly will require a pipeline over and above the TransMountain Expansion. Yes it will be another competitor to oil sands production, but as other shale, will face high and occurring development costs.",not_harmful,not_harmful,0.324109
1972,"Such nonsense. Entitlement is having a personal automobile and an entire economy built around it, when it is clear the petro-chemical industry behind the personal automobile is destroying the planet. 
Yes, cyclists are demanding more infrastructure and more priority, and they are doing so loudly. However, it is only in direct response to the entitlement of the petro-chemical industry and its dependents, who have completely monopolized public funds and infrastructure dollars since the end of WWII",not_harmful,harmful,0.870447
1973,"No hacks, just leaks.

http://alexanderhiggins.com/wikileaks-hillary-clinton-emails-leaked-by-pissed-bernie-backer-not-russia/",not_harmful,harmful,0.769863
1974,"Can't rule it out.  Gingrich is a charter member of the Conservative Council on Family Values (Trump, Gingrich, Guiliani, and Bannon), and he brings one-fourth of the twelve wives and ex-wives of the Council members -- and God-only knows how many girl friends, mistresses and victims.  An ocean between him and the current Mrs. Gingrich may seem like a good idea to Gingrich if not to Trump.",not_harmful,harmful,0.518492
1975,"I returned last night from Houston, Texas. The devastation can not be fully appreciated unless personally experienced.
Last Wednesday I had planned a relaxing 3 day vacation in the area, and instead, experienced the most awful event of my life. Not even the earthquake of 1964 prepared me for scale of the destruction. The unrelenting rain and almost hourly flash flood and tornado alerts were overwhelming . And while I was finally able to return to my safe, dry, warm home yesterday (airport reopen",not_harmful,not_harmful,0.125732
1976,"Much like their is substantial evidence that China hacked into several Canadian government sites over the last few years, yes, the same China Justin is now very cozy with, (some pundits have argued that represents treasonous behavior by Justin), there is also evidence to substantiate that Russia hacked into the DNC and released damaging HRC secrets.  

This hack was in the same vein as Bradley (Chelsea) Manning and Edward Snowden releasing damaging secrets on the Bush and Obama administrations..",not_harmful,harmful,0.688763
1977,Another dummy spit from those who lost the vote........pastors have been sacked for less........1 years grace is unprecedented in dealing with rebel employees........amazing.......,not_harmful,not_harmful,0.224709
1978,"Yes. Let's look the other way and let a tyrant do as he wishes ---  because that worked out so well in 1938. Oh, I think you Canadians will be fine. When Russian community whose rights are so obviously threatened in Canada will ask for Putin's protection, you Canadians will be gloriously embraced by Mother Russia. Nobody will be hurt. Just look at eastern Ukraine or Chechnya. And Russian is not such a difficult language after all to learn.",not_harmful,not_harmful,0.418038
1979,"They're not actually Conservative anymore. They're referred to as right of centre opportunistic, disingenuous hypocrites, the lot of them, especially Pat Brown.",harmful,harmful,0.837401
1980,"You are wrong on multiple points, OU.

Teachers and principals are not strangers to students, nor can they inflict violence on anyone.

Expulsion is usually the least desirable outcome.

Everyone has the right to lay hands on someone else if that person is likely to harm themselves or someone else, is clearly out of control, etc. As a teacher who spent at least 6,000 hours on the playground, if I saw an aggressive kid/bully going after another kid and I failed to intervene, I'd expect to be faul",not_harmful,not_harmful,0.065522
1981,This must be Meggsy after she/he calmed down.,not_harmful,not_harmful,0.419553
1982,"Wars and the tens of millions of refugees they create  are now the most profitable business on the planet.
    If folks truly care to help the 65 million displaced people in the world. we need to work on stopping the wars, creating world peace, so they can all go home, rebuild their own country, and live happily ever after.
  War is essentially the root of all political, social and economic evil. Think what Americans could do with the six trillion dollars that went down the toilet waging these f",not_harmful,not_harmful,0.352005
1983,"Great, just Great.  We have  giant child in the WH -- someone with the ability to start a world destroying conflict.   If Trump tries to bluff with a guy like Putin, we are all dead.

Trump needs to exit.",not_harmful,harmful,0.932407
1984,"I was surprised to read that there's a father in the picture.   Hopefully, he has the sense and the means to obtain full custody.",not_harmful,not_harmful,0.103927
1985,$9-10 billion worth of oil pumped this year with zero benefit to the general fund.  $200 billion worth of easy lift oil remains on the North Slope.  There are 20 billion barrels of heavy oil in proven reserves.  GCI wants to pump every last drop and wants the permanent fund to pay for it.  Do not be deceived.  The oilies want every drop of oil and every dollar of the permanent fund.  Every single nickel taken from our dividends this year will pay for oil tax credits.  Our oil tax policy is not j,not_harmful,harmful,0.930959
1986,N Black is yet another troll. Ernie's cousin.,harmful,harmful,0.934497
1987,Open most any closet door....and you'll find squeaky clean doesn't exist. For Andrew to suggest otherwise is merely another lie. We're used to them in BC politics.,not_harmful,harmful,0.729611
1988,"And, of course, no response from Pan...",not_harmful,not_harmful,0.188235
1989,Yes more like Trudeau and giving flying elbow smashes to women MPs.,not_harmful,harmful,0.703668
1990,"good thing you are not name calling cause you are being played. So its better to have a mortgage that doubles every 6-9 years than one at 3% that doubles it in 30 years? 
my point is a move from 2 to 3% is in percent terms large, but in  absolute terms  is minor. matter of fact affordable.
in the end its about net formations and personal discretionary monetary availability.",not_harmful,not_harmful,0.129479
1991,"Our new President had another meeting today with successful business leaders.  Stock market, gold and oil all up. Looks like the economy and real money  are having another good day. All is well and eight great years ahead. Thank you President Trump.",not_harmful,not_harmful,0.063948
1992,"I had it once.  Total nightmare.  Nothing at all like a common cold, closer to the flu in severity.  You'll have painful stuff coming out of you at both ends, for days!",not_harmful,harmful,0.905005
1993,So What ?!?,not_harmful,not_harmful,0.183605
1994,"When you ACTUALLY read and study what Ratzinger actually wrote come back.

Brian Johnstone isn't the only theologian who pegged Ratzinger as a man who is afraid of the present [and forget about the future].  

""You party lost, your candidate lost, abortion cannot be supported.""  Blow it out of your ear!",not_harmful,harmful,0.951027
1995,"If Loretta Lynch, Eric Holder and  Janet Reno are the standards for Attorney General, Sessions is just the latest politician to hold the job!

Lynch:  Tete-a-tete on the tarmac with the husband of someone under investigation by the FBI.

Holder: Fast and Furious gunrunning and death.  Contempt of Congress. Approval of drone strikes on US citizens in Yemen. 

Reno:  Elian Gonzales.  Waco killings.  Richard Jewell false Olympic attack accusations.

If that's what you wanted, you lost!",not_harmful,harmful,0.874693
1996,"Another cause of the sewage spills rather than ""human error"" could be better attributed to stupidity, Incompetence, negligence.
I suppose it is kind of late in the game since Capt Kirk well into his second and last term as Mayor but maybe not too late to
fire the environmental services director who seems to be a prime example of the Peter principle, you know rising to the level of
your incompetence.",harmful,harmful,0.783374
1997,These fires could have been put out several months ago.  The Forest Service or whoever is calling the shots on our Forests is  Playing Games.  Call in the SuperTanker to put these fires out.  The Forest Service is Slowly  Killing Us with the Smoke.................,not_harmful,not_harmful,0.468372
1998,My guess is he understands much more than you have shown the capacity for.,not_harmful,not_harmful,0.259890
1999,"I believe that it is important for a reporter to get the facts about a story and not write a story that is poorly written. Sorry about the salacious word, a mistype and then an auto correct popped that one in. The word should have been atrocious. This reporter often misses parts of a story. It does make a difference about age, seventeen would be a sex offender, five would have been a pedophile.",not_harmful,not_harmful,0.250314
2000,I'm taking action! I'm getting out there and fighting the ozone with CO2. Maybe there will be enough ozone to fix the ozone hole!,not_harmful,not_harmful,0.162604
2001,"he said; ""What are the Canadian values"" ?
 “Québec Values” what are they really ask so many time Anglo Canada ?

“Québec Values” are defined and listed in 
""The Treaty of The Great Peace of Montréal"" (1701)
https://en.wikipedia.org/wiki/Great_Peace_of_Montreal
And
-Québec Charter of Human Rights and Freedoms (1975)
http://legisquebec.gouv.qc.ca/en/ShowTdm/cs/c-12

One of the most progressive Charters in the world.
The Québec Charter of Human Rights and Freedoms is unique among Canadian (and Nort",not_harmful,not_harmful,0.331591
2002,"I'm surprised that Friedman showed that much animosity.    I think he went too far to compare the environment in Turkey to the current environment in the US.  For one thing Trump has not won the election, nor is there a plan to have him 'installed' as we see in less developed countries.     The American democracy is stronger than Freidman gives it credit for - I hope.    

Nothing Friedman says here is more exaggerated or, convoluted, than the angry talk we've heard from the Trump convention flo",not_harmful,harmful,0.804239
2003,"It would be a mistake to lose him for nothing. They need to show him off for a bit to make sure they find a good trade and then ship him out East. I like his game a lot and would hate to see him end up in the West. They don't need to hang on to an unhappy player, but make a smart trade. If they can't trade him for an equal value starter type player, then they need to get a first rounder for him.",not_harmful,not_harmful,0.312698
2004,for your tribe its always about anyone else but canadians! your hate for canada and its traditions!,not_harmful,harmful,0.863897
2005,"Wear some really bright red lipstick, Meghan.  That way Whoppi can show her audience how many times you will kiss her rear end.",not_harmful,harmful,0.956289
2006,"Fort hood was labeled a mass shooting.
San Bernardino also a mass shooting.
Orlando nightclub....mass shooting.
Chatanooga...mass shooting.  
U.N.C. ...vehichle assualt.
Seattle jewish center....mass shooting.
Little Rock recruiting center....drive by shooting.
Vaughan food beheading....beheading.

There are many more and they are all classified in similar ways with two exceptions, the Boston Marathon bombing was considered  ""lone wolf terrorism"" and the beltway snipers, ""domestic terrorism"".",not_harmful,not_harmful,0.203024
2007,"Agreed. He's forgotten how many people out in Salcha didn't shake his hand at the one meeting where the FNSB announced they were going to do a 25 square mile land grab for a drone airstrip. The Land Management people didn't do their homework. None of them had a clue how many masters' degrees and pilots were sitting in that audience, esp that night.",not_harmful,harmful,0.661494
2008,"This is EXCELLENT is summing up one of the big problems Sanders supporters have with the DNC:

http://www.cnn.com/2016/05/19/opinions/mr-president-fire-wasserman-schultz-jonathan-tasini/index.html",not_harmful,not_harmful,0.204340
2009,That really hurt.,not_harmful,not_harmful,0.201429
2010,I guess the G&M can no longer afford employees with good editing skills. Was the article's title a deliberate attempt to confuse readers?,not_harmful,not_harmful,0.192708
2011,So you're encouraging the woman to not have the baby that  you don't want to care for?,not_harmful,harmful,0.623824
2012,"Everyone here ""opposing"" Obamacare, or suggesting in any way that health insurance, or access to healthcare, should somehow be limited to some Americans, in ANY WAY, really need to look in the mirror, and into your hearts.

""Some people should go without healthcare.""  That is what you are saying.

I don't get that.  I don't get where that comes from.  I UNDERSTAND it comes from a place of greediness and heartlessness.  But I don't get it.  Never will.",not_harmful,not_harmful,0.073778
2013,"""So will the new chief make a difference? Not unless he can change the behaviour of Donald Trump himself…""

And there is the reason that Kelly will fail to bring order to the dysfunctional circus as surely as day follows night. Trump is so full of himself and has such a colossally  misplaced belief in his own infallibility that he is pathologically unable to listen to others. 

The sooner it all crashes down for Trump the better for America and the world.",not_harmful,harmful,0.914451
2014,Tool alert,not_harmful,not_harmful,0.241136
2015,The government needs to seriously look at curbing spending before it looks at any further taxes.  My suggestions would run to these:  No level of government should be able to set their own pay.  There should be a formula for pay increases and it should be set before the election.  We should seriously look at the benefits of corporate handouts ie Bombardier etc.  I do agree with higher taxes on stock options if they are a large part of your income.  They should be taxed as income as this is being,not_harmful,not_harmful,0.439786
2016,Let's lower our State taxes.  Hawaii's state income tax is among the highest in Hawaii!,not_harmful,not_harmful,0.331251
2017,"Exactly. Given how much Obama and the Democrats had to give away in order to get enough Republican votes to pass the ACA, the Dems are hardly going to be in a rush to give away even more.",not_harmful,not_harmful,0.208493
2018,Someone let the alt-right trolls out.  Time to use the ignore button.,harmful,not_harmful,0.354859
2019,"Very good.

But regarding: "" The evil still prosper in that world we are wont to leave behind.""

We shouldn't shrink an inch from this world...in fact, we should cheerfully lean into it all the more because Our Lord ""allows the world""...it's our tender and intimate ""meeting place"" with Him each day.   He is with us.  He provides a way for us to sanctify these events of the world, including the evil ones, just as He did on the Cross. 

That's one of the most powerful messages we celebrate this we",not_harmful,not_harmful,0.051380
2020,"Ahem. Nancy Reagan - ""Just say no"" Now there's some spousal policy for you.",not_harmful,harmful,0.839154
2021,Hope 2017 is an even better year for this guy and his family.,not_harmful,not_harmful,0.039006
2022,"The UK is delusional and still thinks of itself as a major power. It doesn't have that kind of influence. And if it thinks that Donald Trump is going to take a stand against Boeing, the US's largest exporter with over 100,000 employees in the US than its delusion is strengtheneing. 
The days when anyone pays attention to MPs standing up in the House of Commons are long over. 
The UK retaliates against Boeing at its own peril. Trump will retaliate and the UK will wind up shooting itself in the fo",not_harmful,harmful,0.962057
2023,And they announced the date today. So what's your point?,not_harmful,not_harmful,0.030291
2024,"""whites commit more murders than blacks.""

That is not correct.  FBI table 3 (Murder Offenders by Age, Sex, Race, and Ethnicity, 2015) clearly shows...

White: 4636

Black: 5620

Other: 283

Unknown: 4787

I'm sorry you're having such a hard time understanding all this.",harmful,not_harmful,0.022334
2025,"Before you MSW and others start gushing all over the new cardinal electors, let's see if they will do their duty and their real ultimate jobs in the next conclave and continue the ""jubilee of mercy"" started under Papa Francesco?

Maybe next time they could elect another John, a genius of the human heart?  Maybe someone like a Joseph who when we ""tread the desert's way will take Mother and Child into the Egypt of each day?""",not_harmful,not_harmful,0.399915
2026,Oh - so it was the 'frigid air'....,not_harmful,not_harmful,0.277545
2027,Lock her up next to HiLIARy.,not_harmful,harmful,0.830273
2028,There is no excuse for this happening!  Who was in charge in this building? That person should be facing criminal charges.,not_harmful,harmful,0.836169
2029,"We need to go ahead and double or triple property taxes to help fully fund the DOE bureaucracy that oversees the education of our most important resource....our kids. It should not be an issue that for every dollar spent on maintaining the bureaucracy that only a dime actually makes it down to the level where it really matters and helps our kids. Since the kids are not going to be able to afford to live here when they grow up, the least we can do is to set them up for success when it comes time ",not_harmful,not_harmful,0.430875
2030,"I'm against spanking too, but if and when children need discipline (and they sometimes do), there are effective ways to do it that don't involve assault.

Screaming at a child and/or making empty threats only makes an ass of the parent.  So does trying to reason with a 4 year old as if he or she is actually 40. Children NEED to know that an adult is in charge and that they are EXPECTED to behave in a respectful fashion.

An example of an alternative to spanking:   Banning a favorite activity (i.",not_harmful,not_harmful,0.065438
2031,"What a great idea. It's time to stop yelling at each other and listen. 

""I may not agree with what you have to say, but I will defend, to the death, your right to say it.""",not_harmful,not_harmful,0.053754
2032,"The ironic bit being is the state has had a whole movie filmed here about saving the whales, but whaling still goes on in villages.  I am surprised there wasn't a whole big debate/argument when they were here filming.",not_harmful,not_harmful,0.204304
2033,"Ahhh Google, my favorite 4 letters of Alphabet.",not_harmful,harmful,0.617777
2034,"Nonsense, you're making up information to support your claim.  Milk costs money, fruit costs money.  A costco membership costs money.  Gas to drive a car to Costco costs money, along with insurance payments.  Your costs are so onesided, I can only hope you don't earn your ""better than 6 figure salary"" giving financial advise.  By the way, shouldn't you be working for that money right now?",not_harmful,harmful,0.755081
2035,"And watching and waiting for the beer, wine and spirits lobbies to go after cannabis.",not_harmful,harmful,0.591617
2036,"The Free Market or as you call it the Black market will continue to thrive,  Cannabis on the Free market is already dropping in
 price",not_harmful,not_harmful,0.496047
2037,"Well fortunatley this so called tax reform is far from passing.  If it does pass will just go to show how fiscally responsible republicans are.  (They are not!)
Come on Donald, release your taxes so that all your followers can see how your family will benefit.  Of course most of your followers won't get any such benefit.",not_harmful,harmful,0.845612
2038,"Niagara Resident Quote:
""Not the case here, as a decidedly personal vile comment was directed at me. If that poster did not have the opportunity to hide behind the shield of anonymity, no doubt that person would not have had the guts to post such trash.""

A little hypocrisy perhaps?  Too funny.",not_harmful,harmful,0.764687
2039,More proof that an armed society is a polite society?,not_harmful,harmful,0.633396
2040,So a man can't masturbate on a phone call to a coworker and threaten her career if she complains?  The PC Police have taken over at Fox News,harmful,harmful,0.763777
2041,"I've lived in Springfield for 15 years now, and during all of that time my SUB bill has been a fraction of what it would have cost if I was still living in Eugene and was an  EWEB customer.   Sorry, but your argument here is totally without any merit whatsoever.   SUB has a proven track record of consistently beating EWEB's prices, and by a significant margin too.   This is not just a temporary advantage as you so falsely claim, but something that I have enjoyed now for 1 1/2 decades.

And you f",not_harmful,harmful,0.673407
2042,"I understand the job she has in dealing with ""A Ship Of Fools"" {Nimrod is the grandson of Noah}!...I was a Ward of the State of Oregon Welfare Homes (13 foster homes) & the women that mentally & physically abused me & my siblings sound & act exactly like JudgeJudy. This started at the age of 4. I flinch every time she snaps at a person in court. I have been in court & it is real easy to get ""bullied"" not only by the proceedings, but by the ""Officers of the Court"". We do not have a ""Justice Syste",not_harmful,not_harmful,0.090646
2043,"That's a cute distinction to make, but if you ask the majority of infantry riflemen in modern armies about how often they use the automatic setting on their rifles, the answer will be rarely/never. 3 round burst is also very rarely used. For suppressive fire a fireteam will have an automatic rifleman with an M249. The overwhelming majority of use rifles on the M16 platform see in combat is semi-automatic fire. Their combat advantage over other long guns is magazine size (compared to a bolt actio",not_harmful,not_harmful,0.169135
2044,Says the unemployed.,not_harmful,not_harmful,0.167955
2045,"Without a lot of thought it is possible to identify the other, but unnamed  person, the author does not want to be prime minister of Canada. Two statements from the article:

1) ""men who have never lived a life in service to others yet believe themselves entitled to power"".  A perfect description of Justin Trudeau.

2) ""ensuring Canadians have leaders who serve their citizens and not their egos"".  Has there ever been a more ego-serving prime minister than Justin Trudeau?",not_harmful,harmful,0.647978
2046,Times have changed.  Used to be the cops wanted to actually help people.  More and more all they want to do is control them.,not_harmful,harmful,0.776486
2047,"This is an idiotic article. Top flight Canadian universities (Toronto, UBC, McGill, Montreal, Alberta) compete internationally to attract faculty, administrators, and academic leaders. We have two Canadian universities ranked in the world's top 35 (Toronto, UBC). Do you really think that's possible paying ""public sector"" wages?

Bottom line ... if we want world class universities, we need to pay competitive wages. $500,000 plus for a President is not remotely out of step with what the competitio",harmful,not_harmful,0.298491
2048,"Political campaign industrial complex - if you don't own a radio station, ad agency, newspaper, tv station, campaign consulting or media consultancy.....the law as it stands looks reasonable.",not_harmful,not_harmful,0.060549
2049,This was fascinating--thanks for reporting on science in Alaska!,not_harmful,not_harmful,0.042002
2050,Awwww the times they are a changing. Thankfully moving in a better direction for more then just the good ole USA! More then just us Americans have had it with what has been going on. A bright new day is dawning. Might take a bit but its coming.,not_harmful,not_harmful,0.093270
2051,"Dear Watching Alaska Die

Your Choice E's outcome is pretty clear.  Governor will not cut the State operating budget by another $430 million.   Ball is back to you.   Do you choose  B  or   D.  Remember you need to be in the three-quarter majority for Choice D to happen.

Thanks for the response,  but I want to know what My Senator is going to do in the special session starting next week.",not_harmful,not_harmful,0.099661
2052,"You are entitled to your opinion, but you are not entitled to claim that your opinion is Catholic, or that the Catholic Church must employ people in gay civil marriages.",harmful,not_harmful,0.174605
2053,"Another step in the process; vet the vetters:

""Police also arrested a Malaysian woman, who worked as an airport immigration official, on suspicion of helping individuals without valid travel documents, including Malaysian and Indonesian Islamic State followers, to enter and exit the Philippines through Sabah.""

http://www.reuters.com/article/us-malaysia-security-arrests-idUSKBN16K0EN

Now before all y'all start saying, ""Well....that's over there!  Not from the 6 nations in the EO!""  Yer right. ",not_harmful,not_harmful,0.031752
2054,Why?,not_harmful,not_harmful,0.126628
2055,"Read MSA National Standard 1
http://safmc.net/Portals/6/Meetings/Council/BriefingBook/Sept09/SG/SGCmteAttach26_National-Standards.pdf",not_harmful,not_harmful,0.243436
2056,"Yes, the intolerant left..... and news that is decidedly biased....... I laughed watching CNN last night. Don Lemon highlighting ""fine people"" as Trump said on both sides.... (and undoubtedly there were on both sides - not everyone who wants the statues to stay is a Nazi) So, what does CNN highlight? The worst scum you could ever imagine.... They just twist every single thing Trump has to say.....",harmful,harmful,0.510209
2057,Trudeau is pretty good with an elbow.  Just ask Ruth Ellen Brosseau.,not_harmful,harmful,0.639616
2058,What you want the police officer to be killed by the 'wounded' armed suspect?,not_harmful,harmful,0.557627
2059,"We need massive a public investment in infrastructure (charging stations) before a significant number of people will buy an electric car.  For now, a Eugene resident would need to own two cars, one for local travel only and one for long distance travel, i.e. a weekend trip along the Oregon coast.",not_harmful,not_harmful,0.395839
2060,"The ANC themselves have a quaint and rather apt term - ""factory faults""",not_harmful,harmful,0.534829
2061,"A third term for Obama?  Yeah!  More Muslim prayer rugs and transgender dressing in the military, more national debt--let's go for $50T.  Fewer to no Christian crosses and crèches anywhere.   More inedible school lunches,.  More unemployed and underemployed.  More bypassing the U.S. Constitution.  More freebies for the masses supported by more taxes for working people.  More tribes--class tribes, racial tribes, generation tribes, gender tribes, gender identity tribes.  More big government contro",harmful,harmful,0.908946
2062,"PBS, NPR, the Irish Times, the Guardian, the New Yorker.

Anything but Fox.

That show, ""The Simpsons,""  they did wasn't bad for its first five seasons though.",not_harmful,not_harmful,0.232939
2063,I find many comments on this site Funny when you are attacking liberals. I'm a liberal and I beleive we should send all of these people to Nennana and Fairbanks so they can be with the Conservatives that keep voting in the same idiots that are creating the swinging door in our prisons.,harmful,harmful,0.894052
2064,"Taking account:

""to take into consideration; allow for""

That's a very far cry from parallel negotiations; says me, who's first language isn't English. As mentioned before, at times it is an advantage not to be a native English speaker. Having to learn all ""this stuff"" first helps with the retention. ;)",not_harmful,not_harmful,0.165579
2065,The wikileaks document dumps haven't even provided smoke.,not_harmful,not_harmful,0.285319
2066,"What is the root reason behind the terrorists reasoning behind 9/11 anyway? And why hasn't our government told Anericans what was, and is, behind the creation of terrorists, and against whom, and what for, and who is supplying them, or their foes?
I typed ""Is the CIA running guns and opium in Afghanistan or Iraq""? I also typed ""Who is making profit off Americas occupation of Afghanistan and Iraq""? I see Cheneys conglomerate made $39.5 $billion off Iraq. Remember the Iran Contra Affair that got c",not_harmful,harmful,0.769636
2067,"DOD's Health Care Expenditures in 2014: $49.3 Billion
Est. cost to provide transgender related services $2.4-$8.4 Million (per CNN)

MAGA one penny at a time...",not_harmful,not_harmful,0.082256
2068,"Hate to nitpick but the article itself has a chart that says 26% of our GDP is tied to US trade - not 35%

Seems nitpicky but 10% of our GDP is a big diff",not_harmful,not_harmful,0.237175
2069,I read the studies yesterday and found the Berkeley study was a CYA for Seattle. The study used data from around the country because data from inside the state did not prove their narrative. Figures lie and liars figure.,not_harmful,harmful,0.903865
2070,"""Well, if you admire white nationalists, if you’re anti-immigrant, anti-trade, have a bigoted backstory and prefer an antediluvian judicial system, you too might want to join in on the tear-shedding.""

The Globe editors are involved in Hate propaganda now.  Now anyone who doesnt agree with ""big L"" Liberalism or the Liberal party is automatically labelled a racist, a bigot or a as some who cuddles up with white nationalists ie. nazi skinheads.  

Next time when someone shoots a Conservative polit",harmful,not_harmful,0.472579
2071,"You should fault him for being wrong, as you are, in your allegations.",not_harmful,harmful,0.506060
2072,"How's that ""no evidence"" canard working out for you?  John McCain seems to disagree with you ... just saying.",not_harmful,not_harmful,0.028738
2073,You should edit this article or change the title as you have not included codiene or carfentanil to this. Otherwise it would be a great piece for anyone to understand.,not_harmful,not_harmful,0.062075
2074,"Very true! It is great that we as immigrants can keep best of our heritage, on the other hand  it is important to make choices  appropriate  and acceptable  in this culture!  On the other hand it is great that there are alternative  options available. We can pursue various paths in life. It is a great privilege and responsibility in a same time:).  Key is to chose wisely  and be open to a new views and ideas , rather than stick to old  racism, segregation, discrimination  etc , etc  There are so",not_harmful,not_harmful,0.151526
2075,Why didn't they confiscate the boat as well? They'd grab my truck quick enough. Any thing used in commission of a crime is fair game.,not_harmful,harmful,0.688087
2076,"C'mon, people, this doesn't need to become some sensationalized thing...
No one is trying to infringe on the rights of costume-wearers or limit free expression, they are merely opening up a discussion about the effect that mimicking or stereotyping the culture of others (especially those who don't occupy the same position of power and advantage in our society) can have on those whose cultures are misused for a cheap Halloween laugh. We're more grown-up than this... use a little sense and choose ",not_harmful,not_harmful,0.455967
2077,"Where do I begin to parse your comments? First, 'sociopathology' is the study of sociopathy, not sociopathy itself. You misused the term three times, but somehow we'll get beyond your misconstruction of a crucial abstract term. Second, one doesn't 'endure' an education, except possibly in Catholic schools, where the brothers or nuns rap your knuckles for sins, real or imagined. Third, sociopathy doesn't 'always contain a refusal to endure education with a lifetime of creating chaos.' Some sociop",not_harmful,harmful,0.541304
2078,"Does it really matter ?  Trump is never going to win the state of Oregon,  so who cares ?  This is a  democrat one party rule state.  Until the people wish to walk off the plantation it's never going to change.",not_harmful,harmful,0.916074
2079,"That should have read ""Doesn't get what exactly?""

Sorry 'bout that.",not_harmful,not_harmful,0.027761
2080,No.,not_harmful,not_harmful,0.155955
2081,"D
I
P
W
A
D
i
c
k
h
e
a
d
o
o
r
k
n
o
b",not_harmful,not_harmful,0.292042
2082,"Canada and the other Western countries facing the waves of populism threatening to destroy their democracies need to understand that many people have been left behind over the past 30 or 40 years of social and economic changes. The responsibility is only in part on government. Businesses, corporations, large institutions and some individuals have benefited greatly by limiting social services and social protections in order to transfer as much wealth as possible to themselves, and abandoning thos",not_harmful,harmful,0.660412
2083,Stay home and do some work. Is increasing your carbon footprint to deliver more hot air what our carbon taxes are now paying for??,not_harmful,harmful,0.704355
2084,"Like electoral reform, the F-35 fighter procurement and now with healthcare, the PM has painted himself into a corner trying to meet his election promises that were made solely for political gain. None of these promises were properly thought out and the poor results are obvious. This will not end well.",not_harmful,harmful,0.827277
2085,"Been a long road trip, Friday they are home, things will change and get back to winning.",not_harmful,not_harmful,0.151813
2086,".

Kevin O'Leary as COC Leader?

Oh, please!!!!!

Twelve more years of Liberal majority governments.

He'll get zero seats in Quebec.

That will give the other parties an immediate 78-seat head start on the CPC.

And just think of the fun that the Liberals will have pointing out O'Leary's abandonment of Canada for the last twenty-five years.

""Boston is my home, I moved down here in ’92 and had my kids here""  - Kevin O'Leary.

Kevin O'Leary....just visiting.

O'Leary as CPC Leader?

I love it!!!",not_harmful,harmful,0.690127
2087,"That's OK Lawrence, Trump has been giving crippling hits to the MSM's credibility for some time now...",not_harmful,not_harmful,0.070244
2088,"Yes, I'm willing to adapt to a more sustainable lifestyle - using all the technology we have - with R&D focused on making our lives better (instead of just making more money for the very wealthy).

There are a lot of us who aren't ready to be car free - but think that gasoline should be a lot more expensive than it is.  Consider the global resources that we waste supporting a government that seems to regularly be killing civilians in far off places.  For God's sake can't we have some balance in ",not_harmful,not_harmful,0.089914
2089,"Just great. Our American-owned depleting Canadian oil flowing through an American-owned pipeline to benefit the economy of China, and not us. Alberta is screaming about how much they need this, but they take no responsibility for what put them there. The royalties that they charged the oil companies were some of the lowest in the world, which was okay by them. We, the rest of Canada, were paying subsidies to the oil companies...and they were making windfall profits, from their cheap oil and our ",not_harmful,harmful,0.891421
2090,"Want to know how these thugs are even able to afford to live in Anchorage with the notoriously high housing and rental costs?  These aren't people living on their own, and if they even pay rent, they probably aren't listed on the lease. They're freeloading off of family and friends who wouldn't be living here at all if not for government assistance. This is the new norm. It will keep getting worse. The road to hell is paved with good intentions, and it's government funded too.",not_harmful,harmful,0.937350
2091,I thought Toronto had a Punjab TV station which broadcasts Maple Leafs games? I understood that it was a huge success?,not_harmful,not_harmful,0.038645
2092,Failure!  Absolute Failure! It's embarrassing to have him as the POTUS!  I understand those who will not come to believe the truth about this POTUS ..... please seek help with someone who can be kind with you.,not_harmful,not_harmful,0.071213
2093,Kinda funny how this all started with kneeling protests...Gotta be a lot of dissagreement among players and that carries over to the game..,not_harmful,not_harmful,0.137756
2094,"Many travel insurance policies do not cover acts of terrorism, so if this incident in Vegas is classed as such, tourists, the lifeblood of LV, will loose medical coverage.",not_harmful,not_harmful,0.449721
2095,Sounds just like the last eight years .,not_harmful,harmful,0.629329
2096,Neither have anything to do with the killings!! It's these punks who are solely responsible,harmful,harmful,0.893268
2097,Is it really so unreasonable to ask for one actual example of the stuff that I am being accused off? :) Or are you subscribing as well to a 'higher' order of truth that is verifiable only by hate? :),not_harmful,harmful,0.515838
2098,"So a former shill for Fr. Maciel and the Legion is now a shill for Breitbart!  Birds of feather.

As for Ray Burke, see above.",not_harmful,not_harmful,0.255580
2099,"Yep, same here. I doubt his experience, being famous and ""tweeting coordinates"" will bring the same experience as being unsuccessful for days in the middle of nowhere trying to get a ride, dealing with all of the self doubt, hunger, boredom, etc. that comes with real long distance hitching.",not_harmful,not_harmful,0.407202
2100,There is one sure bet..... Trump and his Band of Billionaires in the Cabinet will use their positions to make more billions off the rest of us.  I'm also willing to bet that the DJIA will close at a lower level the day Trump leaves office than it will close when Obama leaves office  on Jan 20 2017 - just as I'd did for his Republican predecessor GWB.,not_harmful,harmful,0.745001
2101,"You have no idea what she knew, only what she tells you. That doesn't cut it. We do know her application contained bad information.",not_harmful,not_harmful,0.272067
2102,"I could easily have read what you've just written in the New York Times and Washington Post.  I'd suggest strongly that you inform yourself of all views before you repeat the United States narrative, verbatim.  If you truly believe that events in the world happen exactly as the United Stated presents them, then you are part the problem, not the solution.",not_harmful,harmful,0.788894
2103,"""Jordan described the resident who confronted the suspect as someone who would do anything for anyone. He said he watched the resident shoot at the suspect while taking cover behind a vehicle.""

White lives matter.",not_harmful,not_harmful,0.099756
2104,"We have a Garmin GPS Dashcam and it works great.  We also have a 2nd dash cam mounted out the back of our vehicle.  Hopefully we will never need the cameras to record an accident, but we have it just in case.",not_harmful,not_harmful,0.103378
2105,Move in ready new LIO! The legislator bums would fit right in.,not_harmful,harmful,0.933958
2106,Thank you zand for your letter. You must be a CPA eh?,not_harmful,harmful,0.691823
2107,Dear ADN: Can you update this article with a more substantive explanation of what the rule actually was?,not_harmful,not_harmful,0.056639
2108,"My family & I flew on your aircraft.  NY to Dhahran, 17 hr flt, all 1st class.  History again;  from Dhahran Kristofferson went on to boarding school, college and then I think he became a Rhodes scholar.",not_harmful,not_harmful,0.442163
2109,"Saturday Synagogue Service and Sunday Mass do not take place on school grounds and do not take up state resources.  

Why not simply pray a little later on Friday so that they aren't performed on school property?",not_harmful,not_harmful,0.084408
2110,"Well, then, you should be cheerful, rb, since that would mean long term prosperity for Alberta as global reserves of lower-cost light crude are depleted.

But that hardly explain why capital-intensive oil and gas projects around the world are being shelved, and multinationals are dumping their stakes in the oil sands and frontier areas such as the Arctic.

When demand begins to drop as a result of permanent structural change (as opposed to recessions) the oil business will turn into a trillion d",not_harmful,harmful,0.919777
2111,"Not to nit-pick... OK, yes, to nit-pick.  Guiness is beer, but an ale not a lager.  I do like Guiness' flavor, but prefer the higher ABV stouts like Olvisholt Brughus (spelling?) imperial stout.  I won't fault you for being a Guiness fan, however, it's a classic.",not_harmful,not_harmful,0.046362
2112,"Ha. Gregor Robertson is a stooge of US Tides and Rockefeller foundations, which provide funds to foreign NGO's at the direction of a US State Department  sub committee .  The laws against such sedition against Canadians should be enforced.",not_harmful,not_harmful,0.460797
2113,"In lonely times of desperation do 'Ad Hominem' attacks  appear, for that reason I have flagged your post. 

I would venture a guess that anyone who can't simply use Google is most likely to ill-equipped to offer a substantive  rebuttal on about any subject.",not_harmful,not_harmful,0.466016
2114,"What a stunning lack of internal controls, would be interesting to understand what systems they were using that could be so easily manipulated?",not_harmful,not_harmful,0.334816
2115,"You must be kidding me!
All of the sudden the liberal government wants to have a moratorium on immigrants who fraudulently obtained citizenship. 
In the other hand they will tell us, this decision has nothing to do with Ms. Monsef, this was already on the works and now is the time to apply it. Once more, only this government and its supporters  can be that immoral.",not_harmful,harmful,0.904070
2116,That should be the last we hear of Mr. Pettit.,not_harmful,harmful,0.622934
2117,"How widespread does the abuse have to be? One should be the limit. 

"" Officials at the school, which is part of the Cherry Creek School District, maintain they didn’t know about the allegations from March 2016 when they made the controversial decision not to tell parents about the May 2017 arrest of the guard, Broderick Lundie, citing a belief that the alleged abuse was not widespread.""

Private school is the way to go , folks.  Parents have more influence, as opposed to the ridiculously  polit",not_harmful,harmful,0.526979
2118,"""... it will expose once again persistent questions about its own environmental-assessment process, which failed to see what the federal review found. ""

The major difference between the assessments is that the provincial one also considers economic benefits but the federal one doesn't.",not_harmful,not_harmful,0.211374
2119,I hope so! Chicken sh— coward!,harmful,harmful,0.933768
2120,"I do not like them,

  Hmmmmm.
    I don't expect electricians, engineers, contractors, plumbers, shirpas, stockbrokers, or golf pros to work for me free of charge. But in a democracy, justice is as essential as free speech. Lack of justice can cost you your life. Further, first responsibility of government is to protect all citizens, not only the rich.

Seems the times are changing again.
Used to be a Canadian could depend on fellow Canadians to agree lawyers are the most deplorable of all the ",not_harmful,harmful,0.692038
2121,Are Russia-like fingerprints much bigger than those on Trump tiny hands ?,not_harmful,harmful,0.770685
2122,"Also remember how fast the airlines drop the change fee in areas where a hurricane is coming, people need to get out fast.

If they did not drop the fee public outrage, investigation by government bureaucrats would be all over them.

SWA offers no cost flight change change and does fine. Fact is the legacy carriers have such a crushing overhead, deadwood bureaucracy draining fliers of their money. Hardly ""Lean and mean"" as SWA is.",not_harmful,not_harmful,0.475370
2123,It's out of control. I had to grade the same post five times in a row before it would take my last comment.,not_harmful,not_harmful,0.299632
2124,Twitler continues to try and distract with his lies. Impeach and Imprison the Imposter!!,not_harmful,harmful,0.873940
2125,"The Newhall incident showed that none of the California Highway Patrol officers were not wearing bullet proof vests, used .357 ammo not .38 ammo, and all four officers had two years or less experience on patrol.

https://en.wikipedia.org/wiki/Newhall_incident

Reenacted video:

http://www.bluesheepdog.com/2012/09/28/newhall-shooting/",not_harmful,not_harmful,0.259582
2126,"The inanity of  your posts is astounding!    Yes, dearie, I do know about statistics and data.  I learned that in college and during my years in graduate school earning  a Ph.D. in a STEM field.  I also have been alive and politically and socially aware for many decades  You, in contrast sound like a recalcitrant, argumentative teenager with a lot to learn.",not_harmful,harmful,0.873571
2127,Funny how often sarcasm so often fails to translate in these formats. Here's another fine example for ya.,not_harmful,not_harmful,0.221929
2128,"uh, did you know him in high school? 
Because otherwise, you are libeling him.",not_harmful,harmful,0.656513
2129,"Did you want him to throw himself on his sword?

""I apologize"" works for Trudeau.

Should work for everyone.",not_harmful,not_harmful,0.046831
2130,Of course no prior presidents' speeches invoked God.  Right?,not_harmful,not_harmful,0.194494
2131,"That's it.  I'll dress as a fat, balding, one-legged white guy.  No, wait -- that'll offend my wife -- at least, it seems to.",harmful,not_harmful,0.264975
2132,"tough one for the governor. As Anderson says,  ""Stay tuned"".",not_harmful,not_harmful,0.045073
2133,"The earthquake has now been upgraded to a 7.8.

There is no Adventist church in the town, although I understand some Adventists do live there.

The relief effort has been comprehensive, with tourists removed by helicopter and navy ship.  Many nations have assisted, as they were in attendance to the north of the country for exercises coinciding with the 75th anniversary of the NZ navy.  U.S., Japan, Malaysia and Australia have assisted, among others.

The damage is extensive.  Gullies exist where",not_harmful,not_harmful,0.220213
2134,"My name is Angela Kaaihue, and I am the United States of America, Candidate for Congress, district 1. I believe that Takai is using his excuse, ""battling cancer"" because I scared him off. His resignation came 1 week after I submitted my papers as a Republican. ""Battling cancer"" didn't stop him from signing up, he's been diagnosed 8 months ago. It's time for Hawaii to represent Americans who live in Hawaii.  Vote and elect Americans only for the whitehouse. I came out of the Private sector to hel",not_harmful,harmful,0.655770
2135,"If all guns were to rapture and vanish from America , there would be less violence BUT  America has 300 million LEGAL guns in circulation, cities in chaos like Detroit, Baltimore, Chicago where dozens are shot every week. They share a very insecure border with a violent third world country AND they have a constitutional right to own guns, which almost 50% of Americans do. It cannot be compared to the UK or Australia. The starting point is very different. The UK, Australia, Japan.. they never had",not_harmful,harmful,0.756623
2136,"""Ms. Wynne argues – correctly – that nobody can live on $11.40 an hour.""

I know somebody on ODSB who probably lives on less than that.  Is Ms. Wynne >>really<< concerned about the welfare of the poor or just campaigning for re-election?",not_harmful,not_harmful,0.182434
2137,"As I clearly stated, you should be ashamed that you won with the help a communist dictator.",not_harmful,harmful,0.666832
2138,"BLM violated the rules on parade participation and should now be banned from next year's parade and prohibited from dictating who can and cannot march.
If BLM really cared about the gay community, they would address anti-gay violence and homophobia, and the absence of gay rights, in Caribbean and African countries. I look forward to seeing this happen at the forthcoming Caribbean Festival Parade in August.
The gay community has to wake up and realize that BLM is simply using Pride as a stepping ",not_harmful,harmful,0.939204
2139,The John?,not_harmful,not_harmful,0.412166
2140,"Some could say ""that's better..."" but don't you think Trump is ""a day late and a dollar short""???",not_harmful,not_harmful,0.200170
2141,How would dropping US channels put thousands of Canadians out of work?,not_harmful,not_harmful,0.304314
2142,I believe the initiative is a very needed step in trying to control a bit of what is now totally out of control and being pushed by those in favor of mass development. If you build it they will come-and wow are they coming! This might be good for the pocketbook but not necessarily good for the beauty and openness of our community. The Union corridor-which I also am a part-has become so crowded and the traffic so bad it is hard to fathom the construction of large apartment/condo/whatever building,not_harmful,not_harmful,0.053982
2143,"climate change sounds upbeat.  they spin those words, don't they?",not_harmful,not_harmful,0.172170
2144,"Answer:
The rest of the world (166 nations) have signed and ratified it.",not_harmful,not_harmful,0.029307
2145,"As usual, the MSM go out of their way to avoid identifying the perpetrator of this massacre. My guess is that he might be an adherent of an ideology/religion that is much in the news nowadays.",not_harmful,not_harmful,0.321523
2146,"Not a shred of actual evidence that a god in fact exists. ""God"" is often used to justify plain old human hatred. All the monotheist religions have and do support that.",not_harmful,harmful,0.706272
2147,"Run, don't walk away from the Trump stigma.  II either Trump or Hillary win people will clamor, plea and beg for the good 'ole days of George Bush the Junior. The people will bypass Mr. President Obama without hesitation.  President Obama would be to sane, sober and presidential for the masses.  No, we would want change the minute change happened and who better than mad dog Bush.",not_harmful,harmful,0.923003
2148,"Part of the problem at Punahou is a culture of kow-towing to parents, undoubtedly because they pay the big bucks. Lots of those same parents are into their own career to pay for tuition et. al. Think campus culture needs a change.",not_harmful,not_harmful,0.135978
2149,LOL... Louis VII... 900 years ago in the 12th century huh. You're probably thinking Louis XIV and that's still a ridiculous stretch. Stay away from history bud lol.,not_harmful,harmful,0.794254
2150,"In reality few of us spend much time talking up our own stocks.  Mostly we talk in fairly general terms and how perhaps a particular stock fits in..  Hardly the realm of talking up or stock promotion.

No one needs to join the club - if dividend stocks and holding investments for more than few days or weeks isn't for you move on to a column that fits your world.   Don't waste your time trying to understand dividend investing - and trying to disprove decades of evidence with your anecdotal ""facts",not_harmful,harmful,0.725115
2151,"BigOpu, have one from nearly 70 years ago with us kids holding ribbons for the May Pole at a Kauai Elementary School.  Yes, our teacher keeping us in order.  Fun days.",not_harmful,not_harmful,0.337569
2152,"Yes but for every player you name, I can probably name 10 that went thru major junior. Don't get me wrong as I am a fan of the BCHL. I attend about 30 games (playoffs included) each year.",not_harmful,not_harmful,0.047875
2153,it does no good to have one,not_harmful,not_harmful,0.313253
2154,Has he been talking to Maxine?,not_harmful,not_harmful,0.234192
2155,Thanks Comrade.,not_harmful,not_harmful,0.100675
2156,"Funny enough, those who do not like Obama's policies in the middle east have said the same things about him.",not_harmful,not_harmful,0.317063
2157,This story is a great example of why newspapers shouldn't hire j-school graduates.,not_harmful,harmful,0.645705
2158,I don't think Hogue or any woman is out to celebrate her abortion. I agree with the author that the vast majority of folks have no appetite for such a thing. The applause appeared to be directed at the fact that Hogue said she got the clinic care she needed--even in Texas.,not_harmful,not_harmful,0.054511
2159,"...raises from shared increase in UH profits. UH athletic director has to understand they are in charge of their coaches, especially those that are difficult to manage but cannot control them with an iron fist.  Herman Frazier made that mistake in that he wanted show JJ who was boss by purposely d#@king with JJ contract renewal. In response JJ bolted to SMU at the height of UH’s success & popularity.  Yes UH loss big in the Sugarbowl but that was their first time to reach that level.  Then the p",not_harmful,harmful,0.852230
2160,"""of destroying this country"" - mic cut out...",not_harmful,not_harmful,0.387904
2161,"Based on the descriptions of US dairy operations in this article, if we copied them there could ultimately be only one private dairy corporation serving Canada. Dairy production would become ""rationalized"" with some provinces having none.

There is a good chance this mega dairy corporation would attract foreign acquirers, putting dairy production in the hands of non Canadians. Do we impose foreign ownership limits like with banks?

In addition, rather than consumers paying the full price for mil",not_harmful,not_harmful,0.101855
2162,How do the Cons attract such horrible candidates?  He wants to auction off Senate seats to the richest Canadians.  Just a complete clown car at this moment.  I predict third place in 2019.,harmful,harmful,0.926612
2163,"This aren't lei's, those are lies!!!!!",not_harmful,harmful,0.760481
2164,I hope most of the good beams get recycled to one of those recycle companies. I sure could use plenty of it. Be a waste if it's just dumped in a landfill or burned up to make electricity.,not_harmful,harmful,0.834590
2165,"Good luck with your little theories.

Naivete is unbecoming in an adult.",not_harmful,harmful,0.858453
2166,"Cities ""who"" ranked higher than Portland?? Call the editor. 

I'm guessing there are a lot of people who would take issue with a yardstick that's all about how much money people have. Also where residents are employed seems like a relevant variable; are they employed in these cities or do they commute to other less highly ranked cities, like Beaverton, Hillsboro, and Portland where the jobs are? Is the unemployment rate so low because they have a lot of retirees who aren't looking for jobs?",not_harmful,not_harmful,0.088270
2167,100% cash in 2008.  That is laughable if he is only overseeing $100m now!,not_harmful,harmful,0.647664
2168,"The impact point was northeast of both runways, just off the northeast corner of the airport.",not_harmful,not_harmful,0.157839
2169,"Evan, what's next?  Going to speak badly of animals that eat other animals?  We're all animals, after all...",not_harmful,not_harmful,0.299093
2170,"It was advanced math in HS that was useful to students advancing into future studies and professions that required it, but for the rest of us who weren't planning on doing that, it was useless. 
Of course, I think all students need basic math skills, but grade 13 algebra to someone who won't need or ever use it, was a waste of time. 
Sorry if I stepped on your toes. ;)",not_harmful,not_harmful,0.238451
2171,"It's easier to blame the gun than to blame the person behind it....If the person behind it were to be looked at as intently as that of the weapon there would be far too much hard work for us to take the time and energy to look at the ""why"" and ""how"" someone could be violent, let alone kill someone that has/had nothing to do with him or his situation.  With that said....

Really nice post in the wake of a young man who lost his life and his family and friends who grieve for him, as well as those ",not_harmful,not_harmful,0.043393
2172,"Why the word ""immigrant"" to describe her?  Does that make her more special than a ""non-immigrant"" contestant?  What a joke Star Advertiser.  You are just a newlettrer for the democrat party.  Your subscribers are much smarter than you think.  Maybe they'll cancel their subscriptions.",not_harmful,harmful,0.950631
2173,"This $1000 limit is so silly. If they needed to take some it should be based on income. I realize that's a lot of extra work, but it would be worth it to spare the very poor the hardship this will cause them over the winter.
Take $1000 from someone making $500k a year and you've done nothing. Take that same $1000 from someone who makes $10k a year and you've done serious harm.",not_harmful,harmful,0.834427
2174,"Great idea!

As opposed to another p@ssy hat or antifa hate fest.",not_harmful,not_harmful,0.449532
2175,"""then the law of the jungle and survival of the fittest is the supreme law.""
A quick thought on this  ultimate mysterious question of how and why and  by whom we were created-- Paul, I like your letter and I guess that's how I saw the world back in Sunday School.  
But I 'd take issue with your belief that without faith in a creator we have only the law of the jungle.  While we humans tend to be born self-centered and tribalistic, we also have the potential of experiencing joy with the happiness",not_harmful,not_harmful,0.444470
2176,"“Don’t you think you should hand the job of managing the store back to people who know how to run it?”
-
Amen",not_harmful,not_harmful,0.183278
2177,"For starters, ""loathsome"" is any inflammatory/gruesome rhetoric about abortion. Some trolls here are obsessed with this one subject and it is offensive. When we  get serious about solving the abortion problem we will start with the premise that no one likes the idea of abortions, but demonizing women -- the only ones left with unwanted pregnancies --is cruel and sadistic and downright ""loathsome.""",harmful,harmful,0.775925
2178,"What appears to be happening is we have a lot of people hooked on drugs in Anchorage and they are out stealing to pay for their habit.   Making matters worst we as a community celebrate the drug culture in Anchorage. We think it's wonderful that pot shops are opening everywhere . Even local politicians are getting in on the action to make bucks as well.  When we have no one standing up and saying drug use is bad , how can we hope for or expect any other results ? Adults are teaching they're kids",not_harmful,harmful,0.784006
2179,"Get real. With a friend like her, who needs enemies? Their ""friend"" voted for and supports a man who poses a direct threat to them and everyone else in this country.",not_harmful,harmful,0.927095
2180,"Without wanting to get pedantic, the Paris Treaty was not ratified by the US.  To be ratified under the US system, a treaty must be approved by the US senate.  Obama noted that the previous climate change treaty (Kyoto) was defeated unanimously (98-0) by the senate and Paris would also certainly be defeated so he brought it in by subterfuge.  He made the ridiculous claim Paris was not really a treaty and so he could bring it into force by executive order rather than senate approval.  BO gave off",not_harmful,not_harmful,0.130621
2181,"Your lack of intelligence shows, you must be college educated beyond your intelligence
Spelling isn't everything, people like YU suck",harmful,harmful,0.951885
2182,You can see his ankle holster in th pic. You can see him circle around toward the police in the videos. What you don't see is him put his hands in the air. Bad guy got shot by good guy. Next please.,not_harmful,not_harmful,0.307117
2183,"Hey Richard, do remember what 8 years of W. was like? He ignored the warnings of 911. He let bin Laden get away in Afghanistan. He invaded Iraq based on lies about WMDs. He let New Orleans drown. His reckless spending and tax cuts led to the Great Recession. He is one of the worst presidents in history.",harmful,harmful,0.892189
2184,"""Parliaments are built for elderly white grandpas, right?” Mr. Trudeau said in a discussion with Ms. Gates."" Justin Trudeau
Obviously he does not practice his diversity religion and has no sensitivity for what this means to me – an elderly white Grandpa.  He's preaching to his choir of lovely young women and blind to the rest of Canadians. It's a blend of passive aggression and narcissism (Narcissus drowned admiring his own reflection [selfie] in a pool.) with a touch of Lysenkoism thrown in for",not_harmful,harmful,0.609480
2185,"85 dollars/person is too high.............................now if it was $8.50/per per person  or $25.00 per family with food on paper plates and red plastic cups bought at Costco, the place would be packed for sure.",not_harmful,not_harmful,0.378741
2186,"She's talking about decentralization of power in the DOE. Principals will complain to the Board of Education about how ""unfair"" she is with them. I predict that unless she has the support of Gov Ige and his wife, the Board will try to rein her in. She'll resign before that happens.",not_harmful,not_harmful,0.493484
2187,"The real variable here is getting the technology to work across the varied fuel supply and composition across the globe and even within a single country (eg:  the U.S.)     Gasoline can vary across quite a wide spectrum (additives, blends with alcohol, etc) - so the key to making any new combustion technology commercially viable is whether it will work across a wide market with the desired results.    For example - the HCCI may work great and be relatively non-polluting under ideal conditions, b",not_harmful,not_harmful,0.081903
2188,"""Ms. Notley claims (correctly) that blocking the pipeline would be illegal.""

Twaddle.",not_harmful,harmful,0.886794
2189,I'm not sure 600 Canadian troops were going to do much there anyway but I guess Trudeau will have to put his cape away til he figures out how hes going to move them all and their equipment without thumbing a ride from the US.,not_harmful,harmful,0.705348
2190,"Aren't all the Treks basically the same, though?",not_harmful,not_harmful,0.116843
2191,"Bill Li, If Matayoshi is doing such a great job, howcum student performance has stagnated?",not_harmful,not_harmful,0.348025
2192,"Nope, not a teacher. Known a few.",not_harmful,not_harmful,0.065557
2193,"Perhaps in theory, but practically speaking, there is no need to even begin to think about that limit in a world in which the year over year constant is that the rich get richer and the poor get poorer. When the trend line reverses, then we can have a chat about limits.",not_harmful,not_harmful,0.060849
2194,That sound you hear is liberals heads exploding because a horse was named Gun Runner,not_harmful,harmful,0.752896
2195,"Roman Catholicism IS Christian.
And one of the other religions you mention is called Islam, not Mohammedanism.
Your bigotry is showing.",not_harmful,harmful,0.800386
2196,"You should at least get the story correct and do your research.  Omari was never a caretaker of the property and in fact had been squatting on the property for years.  He was rightfully evicted by the courts and the house he was hiding in he left in such a shape that it will likely just be bulldozed because of Omari's hoarding.  It was filled with garbage waste high.  There was no bed, nowhere to sleep, eat, or cook food. It was simply one room of junk after another.  He also cut a giant hole in",not_harmful,harmful,0.609814
2197,"Lewinsky - Who cares.
Health insurance - Yep, stupid statement.
Benghazi - Still theorizing for the 26th time? Maybe YOUR committee will find something.
IRS - Now you're just making it up. The investigation proved the IRS action had been equal on both sides, not preferential or prejudiced.
Doctor - You are repeating yourself.
DNC - Oh my. Are you actually a disaffected Liberal in wolfs clothing? Seems non of your business. I""m sure you'll be taking what the Alaskan GOP has said against our seate",harmful,harmful,0.959332
2198,Quebec is the only place in Canada manufactures a power toboggan that can chase wildlife across a field at 200 kph while burning a litre per kilometer.  Ontario is the only place in Canada that makes a 707 horsepower car that gets this kind of mileage. When those plants were built no one considered downstream emissions - that test is just for Western Canada projects.,not_harmful,harmful,0.678242
2199,"For all that think Brock should start. What is the average time a QB should have to throw the ball. Between 2.0 to 2.5 seconds, or closer to 2.3 to 2.7 seconds. Siemian's time, at least last week, was closer to 1.7 to 2.3 seconds. So with this said, How would starting Brock buy more time? Brock would just take off and run, the Tebow offensive.",not_harmful,harmful,0.733181
2200,"Both the Office of the Super. of Fin Inst.(OSFI) and the OSC failed the consumer.

Time to ban both regulators. Sadly, OSFI has over 700 employees. I wonder what they actually do.",not_harmful,harmful,0.502762
2201,It depends on where you come from. Lucky you live in America.,not_harmful,not_harmful,0.214025
2202,"""In search of new revenue stream, for bloated government, Anchorage Assemblyman wants red-light cameras at intersections""

There, fixed it for ya.",not_harmful,not_harmful,0.253667
2203,"This article just reads as a press release from HIRA. Rail is not being financed by a sales tax, we have no such tax in Hawaii (yes I know it is similar to the GET tax). People pay for things they never use all the time, it is the very basis of government. I have paid lots in taxes over the years for other peoples kids education - not that I mind it. The roads are not nearly as bad as most say, and the county roads are in much better shape than state and private roads. The telescope didn't just ",not_harmful,harmful,0.669015
2204,"Well, she's an IDIOT, so it is expected that her comments are irrelevant.",harmful,harmful,0.926928
2205,"These ""youngsters"" should be treated as adults, names and photos published and sent to adult prison if convicted.  Of course, that will be a long shot in today's court system.  This happened on a main street and it should be safe to walk there.  I guess we need to personally take greater precautions to continue to enjoy that liberty.",not_harmful,not_harmful,0.072182
2206,Just a word of caution here:  There have been several hoaxes along these lines over the years.,not_harmful,not_harmful,0.099515
2207,"Kinder Morgan's marine terminal in Burnaby, has to be cancelled, because it is too close to residential areas.",not_harmful,not_harmful,0.272984
2208,"Do we really need an attorney as governor.  I'm gonna say ""No.""",not_harmful,not_harmful,0.033291
2209,How can it be fabricated when the Liberals are pretty open about what is taking place.  Put your pom-poms down and think.,not_harmful,not_harmful,0.413805
2210,">>""The Obama-era manufacturing renaissance""
.
Is this author trying to fill in Tabatha's void (and I don't mean her departure, but the void in her 'columns').
.
Different cookie cutter, nonetheless - same goal:
.
Trump bad, Obama good (for those of you who did not yet know).",not_harmful,not_harmful,0.315224
2211,"$11 million for Vietnam, despair and suicide for Alex.",not_harmful,harmful,0.626492
2212,"Hawaiians have understood that the moon, stars & planets were put in the sky out of our reach for good reason. We use them for earthly reasons such as navigation, divinity, and time keeping. Indigenous science does not necessarily share the same ideals as western science. The same is also true about Mauna Kea; it holds a sacred place for indigenous Hawaiians. This sacred place is also not appreciated in the same way by most westerners who refuse to understand this. Western scientists have to res",not_harmful,not_harmful,0.106875
2213,"Great article!
Wow, I don't expect that from the Globe.",not_harmful,not_harmful,0.027647
2214,Not taking a salary is cute and sounds good but you don't accept jobs like this for the salary.,not_harmful,not_harmful,0.204374
2215,"Oh brother... do the Chamberlin's know that their grant is going towards reporting these pointless stories? So a kid didn't get to meet Marcus Mariota, it sounds like the parents are actually the ones upset that they couldn't meet him.",not_harmful,harmful,0.787656
2216,"I know it's a stretch for you, but please stick to the topic. Slash Trudeau all you want, when commenting on articles or columns dealing with him. This one is about  gun control, Trump and the NRA.",not_harmful,not_harmful,0.176667
2217,"Go Peterson Go. I have watched a number of his video's and the common sense of the man is simply brilliant. The silly ones on Campus should be worried. His crowd funded financial independence ,not to mention his earned tenure at U.of T. has made the man a great white Shark. With all of the intended menace . Swim fishy's swim.",harmful,harmful,0.960754
2218,"Yet Sanders is utterly clueless to the fact that many, if not most, of the very social, political, financial and societal problems which we face are the result of too MUCH centralized control, namely from Washington but also from Wall Street and other establishment foci of power.  His solutions?  More centralized control!

As Britain and Europe are in the process of learning, we need to decentralize control and power, NOT continue to concentrate it in those places, and in those institutions, whe",not_harmful,harmful,0.633563
2219,"India and Pakistan, both members of the Commonwealth, have been at war several times.",not_harmful,not_harmful,0.354163
2220,"She may be getting dementia, but she's been like this since her 50s. I've contacted adult protective services since she outright refuses to move/downsize, and they can't do anything until she has a medical emergency or something else like a car crash/starts a fire/etc.",not_harmful,not_harmful,0.438793
2221,"I realize that UAA isn't a coach away from doing well , but something has to change. In hockey , and other sports , it's impossible to change the whole team , so changing coaches can sometimes jump start a team.  Hockey used to pay UAA's sports bills , and even in decline , it still routinely draws more fans than all the other sports. IF they can increase the number of fans / income , that can justify giving the team another season or two , or more .  The Sully isn't perfect by any means , but t",not_harmful,not_harmful,0.057415
2222,Progress will crawl to a stall if we do not learn to compromise.,not_harmful,harmful,0.776302
2223,Yes by sane people but not the people who count GOP politicians . They are controlled by the NRA.,not_harmful,harmful,0.731346
2224,"If Trump wants to totally reinvent the world political and economic order, I think he owes the American public some specific plans and proposed policies. Having ""lots of meetings"", and telling everyone what a great negotiator he is, is not a plan. The USA is already a great nation with great influence in the world, and we need to honor our long term alliances and commitments, or risk losing much financial and political power and influence. For Pete's sake, we owe these countries trillions of dol",not_harmful,harmful,0.903127
2225,The most aggressive Canadians are the most self-righteous ones.,not_harmful,harmful,0.656209
2226,Birth control is cheap folks.,not_harmful,harmful,0.619720
2227,"No, its' ""send the child to Washington day"" today...",not_harmful,harmful,0.744328
2228,"But Comey was a stand-up guy when he released his litany of offenses by Missus Clinton, and then finished by claiming she meant no harm and no reasonable prosecutor would prosecute this (presumably because no reasonable prosecutor wants to end up dead with two self-inflicted gunshot wounds to the back of the head in Fort Marcy Park). 

They were not hacks, they were LEAKS. Likely by the now-late Seth Rich and the missing Brian Pagliano (who set up the server in one of Missus Clinton's bathrooms)",not_harmful,harmful,0.909157
2229,"For the most part, I agree with what you posted as a response. I'm all for keeping firearms out of the hands of persons who should not have them.
We have background checks for all firearms purchases through a licensed dealer and we require the same for private transfers. However, there is no way, short of a gun registry, which I oppose, to enforce the latter. Also, the databases with which our NICS and state police operate are woefully inadequate.
By what means would you enforce any law that req",not_harmful,not_harmful,0.479310
2230,"Wynne....behind the scenes doing what she does best......destroying Ontario. 
She is absolutely the worst premier Ontario has ever had.",not_harmful,harmful,0.911484
2231,"Doesn't change the fact that he was dealt the worst hand of any incoming President ever. Besides the blatant racism he has faced and the disastrous economy he inherited, he has led the country with class and intelligence. Is he perfect? Of course not. But this Republican rhetoric that continually claims he has been a ""disaster"" is just ""trumped"" up hot air. Are we better off than we were 8 years ago? Without question.",not_harmful,not_harmful,0.067304
2232,"Fines will not fix this! I say that we chip them so that they can not start a car, and put a chip in the finger so they can't use a gun!! Maybe a chip in the uncivil place for you know what !!

peace.  V.",not_harmful,not_harmful,0.128829
2233,"Some of us believe in balanced budgets.  Not anarchy, but living within our means.   I am sure your great grandchildren will appreciate the debt you are piling onto them.",not_harmful,harmful,0.771820
2234,So when did Bombardier do anything in the best interests of Canada? Don't think too long.,not_harmful,not_harmful,0.022746
2235,"another tragic loss, prayers to the family and friends of this senseless ""crime""...",not_harmful,not_harmful,0.466053
2236,"That's President Bannon to you, boyo!",not_harmful,harmful,0.906793
2237,"""Trying to fend off the growing criticism, Trump’s top lawyer invited lawmakers from both parties to view classified information at the White House""
Fudge
How would the reporter know why he did this, he only knows what he did, and the context.
""Clarification"" could have been the motive and it is not he same as ""fending off"".
A better report might have been
""Amid the growing criticism, Trump’s top lawyer invited lawmakers from both parties to view classified information at the White House""",not_harmful,not_harmful,0.044754
2238,"With a third to half of all priests gay, their banning shrinks priesthood even more.  No married, no gays, no women.  Sick.",harmful,harmful,0.867181
2239,"Poor refugees, they are trying to escape war, poverty, and probably death.  Come here on Canadian expense, and find out that the economy sucks and they may have a problem getting a job.  Too bad our kids don't get a year free money when they don't get a job out of school.  Now they want additional free money at taxpayer expense (i.e. welfare or more handouts) without contributing once to the social fabric.  I suggest they stop whining and do something, they come and live in the most expensive lo",not_harmful,harmful,0.827130
2240,"Good people helping good people. 
I remember the days of the Presidency of John Kennedy, when he and others took it upon themselves to work to alleviate the suffering of many poor and powerless people, from Appalachia to South Africa. I was a kid but felt a pride at being an American.
I don't suppose Dan Bryant would consider running for political office. Humility and hard work really can work miracles. 

Hugh Massengill, Eugene Oregon",not_harmful,not_harmful,0.049505
2241,I wonder what type of gun the American Jesus would have packed?,not_harmful,harmful,0.626651
2242,It was a great day for Fairbanks. 2000 Fairbanksans hit the streets. This was the biggest demonstration anyone could remember. Somebody once said 'the government is the enemy' I suspect most of the marchers agreed.,not_harmful,not_harmful,0.175371
2243,Let's just hope he's not the LAST president.,not_harmful,not_harmful,0.321644
2244,"What a travesty.  The Peninsula Daily News should print the name of the judges who set the bail.   The alleged rapist has forever changed the lives of these four little girls. I, for one, expect our judges to protect the community.",not_harmful,not_harmful,0.398983
2245,"I am missing something here. If the capitol is in Juneau, why is this building needed at all? Do other states have 2 locations for offices like we do? It seems redundant. If the Governor wants to cut costs, streamline offices and cut costs that way.",not_harmful,not_harmful,0.104515
2246,"Will you ever return, pretty Peggy-O?",not_harmful,harmful,0.681388
2247,"Yea good luck with that ""mayor"" how about a more obtainable goal and one within reach by working with ICE to get rid of all the illegals in this city for a safer denver.",not_harmful,harmful,0.636759
2248,"Great story, good job, and the oh so right person. Congratulations Brendan and to the Municipality of Anchorage for creating the position.",not_harmful,not_harmful,0.044735
2249,"Bill Walker,

Sell your snake oil somewhere else.  First, you steal the election.  Than you steal my money.  This is to pay for your cronies having high paying state jobs before retirement, to give kick backs to the oil companies, and to pay for your black hole of a natural gas pipeline.  

I trust that the judges will look at Bill W's lawsuit and remind you who you actually work for.  We the People.  Not just your rich cronies.",not_harmful,harmful,0.686650
2250,"I had not thought of that, but you are right. My first thought, other than suppressing an urge to yell out 'Birds Love Bernie' was St. Francis of Assisi, whom I learned in grade school was a patron saint for animals and the environment.",not_harmful,not_harmful,0.067912
2251,"No they survive without a mother but with they thrive? Drug addiction, poverty, homelessness, angry, de- socialization etc.
In the village children had many aunts, uncles, grandmothers, extended family. The children grew with a community, well balance and not under massive stress to succeed.",not_harmful,not_harmful,0.135817
2252,"No sir it's actually the  Democrats who have become a malignant political party. And just like a tumor, they are being eradicated, state by state, election by election.",not_harmful,harmful,0.624313
2253,"Am I the only person that thinks this man behaved like a giant baby.
                                          -----------------------------------------
As best I can tell, yes, you are. Now you know. That makes you pretty unique.",not_harmful,not_harmful,0.245284
2254,The economic strategy for the Liberals (Onatario and Federal) is that the budget will balance itself... no matter how much they spend.,not_harmful,not_harmful,0.201586
2255,"CNN! You people are sociopaths! Bernstein did NOT help get Richard Nixon impeached. He wasn't impeached, he resigned!",harmful,harmful,0.707221
2256,"I believe it was Jeffrey Simpson who coined the terms the ""In party"" and the ""Out party"".  That was really the only of distinguishing between the Liberals and PCs 30 - 40 years ago.",not_harmful,not_harmful,0.149212
2257,Day drinking again?,not_harmful,harmful,0.547090
2258,Establish a new SA branch of Bell Pottinger?,not_harmful,not_harmful,0.184022
2259,Wrong. That's thinking more carefully about a rash promise. Income trusts were and still are a terrible idea. Politics requires reflection about the higher social good and Flaherty made the right call on that.,not_harmful,not_harmful,0.040195
2260,"And the house fire was in 2013. But hey, I'm not a lawyer, although I do work in that field andunderstand how the court system works.  I'm just saying there's probably a more logical answer then choosing to simply blame Walker.",not_harmful,not_harmful,0.017707
2261,"Unfortunately, there are no trusted news sources left after the mainstream media became the de facto propaganda wing of the Democratic Party years ago.  Unless you think CNN employees feeding Clinton debate questions in advance is unbiased?

Mika Brzezinski of MSNBC's Morning Joe, a liberal herself, says the Clinton campaign tried to get NBC to pull her off the air for the crime of actually saying something critical about how the campaign was being run.  Of course in retrospect she was right, bu",not_harmful,not_harmful,0.205597
2262,Thank you Ian for educating me on the ins and outs of this case.  Now I'll be better able to watch as the court case evolves.,not_harmful,not_harmful,0.028319
2263,You suggest an equivalence between political corruption related to finances and sexual predation of minors. Enough said.,not_harmful,not_harmful,0.238995
2264,"This article has contradictory statements. 

The author says, ""Trump is due Friday to begin his first extended vacation from Washington since the inauguration: 17 days at his private golf club in central New Jersey."" 

Yet the article quotes spokeswoman Lindsay Walters who says, ""The president’s going to continue to work and we all need to be relocated out of the West Wing due to these renovations that should have taken place before.""

So which is it?

In reality, Trump has not worked since he t",not_harmful,not_harmful,0.320094
2265,"I only have what you post to go on. Certainly nothing you post is from a particularly Catholic perspective.

Oh, someone ""butted in"" to an open discussion?",not_harmful,not_harmful,0.441812
2266,"My husband works at Sykes as an AT&T customer service representative, he's been there for two years! AT&T did not want to renew their contract with Sykes, so that's why they are closing.",not_harmful,not_harmful,0.048497
2267,"""Subsidizing installation upfront has to be the answer — help pay for it first.""

And why should my tax dollars subsidize someone else's private property?  When they bought the condo they knew it did not have sprinklers and assumed any risk.  The builders of the condo always had the option of installing sprinklers even though it was not required by law.  They chose not to.  The condo Board always had the option of making a special assessment to retrofit the condos.  They chose not to.  Any indiv",not_harmful,not_harmful,0.233740
2268,"if you park your prejudice for a moment, you would find that new Canadians are generally harder on their own than anyone else.  Second, it is not the Ministers decision, it is a Board.  And if you check you will find 2/3rds are deported.  But hey, why ruin a good rant?",not_harmful,not_harmful,0.145917
2269,"Rick raises a good point.  The best way to keep a ""comments"" section ""civil"" is to have a staff member monitoring comments for purely personal insults or other personal attacks. A staff ""professional"" is far more likely to be fair about differing points of view than a ""user group"" of reviewers especially if the writer being reviewed is taking a very unpopular point of view. This plan will ultimately limit not expand the marketplace of ideas on CB.",not_harmful,not_harmful,0.069836
2270,"Sounds good Greg, instead they are working on making both unaffordable. We have already begun the slide down the slippery slope where the only solution they can come up with to cover their behinds is to raise taxes.
California here we come!",not_harmful,harmful,0.910139
2271,"Yeah, because only Democrats do stupid things, right?",harmful,harmful,0.739297
2272,That may be true for buffalo also.,not_harmful,not_harmful,0.030983
2273,"Actually, that wasn't an 'implication'. 
That was a fact. My friend was one of those people supervising those linesmen as they restored service. Retired after 30 years.  
He was the one who used the word ""all"". 
He also owned a boat and replaced a propeller on it using overtime money earned getting you your precious electricity back in the middle of the night!
As far as squirrels and power outages:
https://www.washingtonpost.com/local/the-bushy-tailed-nut-loving-menace-coming-after-americas-powe",not_harmful,not_harmful,0.318337
2274,"Convenience stores should use extreme measures to protect their employees,customes and property. Punks like this should not have any right to be walking the streets.",not_harmful,harmful,0.832587
2275,"""Damore's memorandum became public August 6 when Gizmodo labeled it an ""anti-diversity screed."" Similarly inaccurate and slanderous characterizations were published by the Washington Post, CNN, Time, The Atlantic, Forbes, The Huffington Post, Vanity Fair, ABC News, Fox News, the BBC, NBC News, Fast Company, and Slate. ""

And the Washington Examiner. This very website published the following: ""Google fires engineer who asserted women not biologically suited for leadership roles By Josh Siegel | M",not_harmful,harmful,0.780229
2276,"Well, you would normally say that the ""rats are jumping ship"" with the CEOs, but in this case perhaps they are smarter animals like owls or maybe the Republican's symbol, an elephant, how ironic.  What a loser, as the tsunami backlash has just begun.  I  have made an observation, identify the most idiotic thing you can do with a given situation and unfailingly he will pick it.   For example, he will likely pardon the racist Arpaio soon to triple-down on his own prejudice.  Did you know his dad w",harmful,harmful,0.940615
2277,"Harm reduction does not apply to cannabis. Before you can have harm reduction, you need to have harm to reduce.",not_harmful,not_harmful,0.121376
2278,"Can you cite to something on the tax rate?  That sounds outrageous, but I haven't seen anything about it.  I admit that I don't care about vaping, so I may have just skipped articles with headlines about it.",not_harmful,not_harmful,0.045293
2279,or a mail room clerk....,not_harmful,not_harmful,0.166887
2280,Chin will not prevail in the higher Courts.,not_harmful,not_harmful,0.124738
2281,"Amazon.com is scouting NORTH AMERICAN cities

Warning shot, right across Trump's bow: Amazon isn't the only ""American"" company openly considering relocating some or all of its business out of the U.S. due to concerns over racist bias against their workforce.",not_harmful,harmful,0.599214
2282,and a ton of them are predators who purposely go into religious work so as to have unfettered access to little boys.  Thank you for making Nate's point.,not_harmful,not_harmful,0.029028
2283,"""...The suspect, who a classmate described as being obsessed with previous school shootings, was taken into custody. ...""

Wow.  What a darn shame some brave student had to suffer for this.  Where the heck are the culprit's parents?  Obsession with stuff like that does not go unnoticed in some form of bad or questionable behavior.",not_harmful,harmful,0.772445
2284,"Clearly there was a large incentive to make this trip happen, most likely authored by some members of the faculty,  for whom the idea of a paid vacation in Algonquin Park eclipsed their basic moral and ethical obligations to the children in their care, working within a system that blithely looked the other way.

Shameful is the only word.",not_harmful,harmful,0.821002
2285,"It couldn't possibly have anything to do with dams and massive clearcuts destroying salmon spawning habitat.  Nope.  No way.  It's the fault of sea lions who have been eating fish for eons, nothing we humans (and our bureaucracies and corporations) have been doing.  

Of course, if the State admitted clearcuts and road building might be a factor they might have to consider no longer allowing the destruction.  So the sea lions make a good scapegoat.",not_harmful,harmful,0.772621
2286,"Generally as far as monitoring goes in the IT business, if there is a known issue, repairs or something of that nature, those devices are not monitored to keep from opening tickets for no reason.  If the elevator was under renovation and the elevator company was told not to monitor it, that would be the reason.  It would be difficult to foresee someone with dementia getting into the elevator and getting stuck.  The bigger question would be why was the elevator left in service outside of the hour",not_harmful,not_harmful,0.184826
2287,"Scratch a Obama critic and Racism become evident.
Obama is terrorist? Where is the proof?
Obama is a Christian. 
Pro debt. Obama wasn't allowed by the racist republicans to present a budget to Congress that they would consider. It is republicans who drove the debt higher.
and so on.... Total nonsense!
Your head is up your derriere.",harmful,harmful,0.957865
2288,"The principle is the same; those with higher incomes should pay more in proportion, than those with less.",not_harmful,not_harmful,0.235962
2289,"LOL!!! America did not vote for Pence. They voted for Trump, warts and all. If  Trump is removed, the media will apply the same pressure to Pence. Of that there's no doubt. They can't win at the ballot box, so they try to subvert the democratic choices on TV. Yeah, they'll join the Dems. A party that can't raise funds, that will not fight, has no plan and actually rigged its own primary process. No, if the Republicans shed Trump, the Tea Party movement will make them pay a very steep price. The ",harmful,harmful,0.919075
2290,"It is true Alaska is challenged by less than $50 oil but it is projected to go to $70 by end of next year.  While that isn't great it still gets us in the range.  And for integrated producers who also own refineries, their overall profits, while reduced, are substantial.  The part of the article that is pure poppycock is the part about wind and electric cars.  Barack Obama's energy information administration projects that even with the most aggressive campaign and subsidies for renewable energy,",not_harmful,harmful,0.890015
2291,"The hypocrisy is sickening.
If morneau and Trudeau were credible, they should apply the same rules to family trusts and go after off shore accounts.
But that, of course, would affect their ""family fortunes""
What a scam....",not_harmful,harmful,0.913991
2292,"What do you think is going to happen to the price of McBurger when employers have to pay $15 per hour? What will happen to people making $15 now? I sure as hell will be asking for a raise even though I'm far away from minimum wage. Anyway, this is a separate topic from J-1 kids. 
J-1 is a federal program, just like H1-B is, and many others. If you think these are not fair to the american people, then go ahead and make your vote at the presidential election this fall. Build a fence, deport everyo",not_harmful,harmful,0.865755
2293,Then poor people don't lie? Bush and Cheney didn't lie about Iraq? Clinton didn't lie about Monica? I don't think all those people lied because of money and narcissism.,not_harmful,not_harmful,0.069904
2294,"""You have to faith in the people doing the work."" Are you kidding? What has the succession of people running this disaster done to cause us to have any trust at all in ""the people doing the work""? You don't have to think they have ""evil intentions wanting to stick it to the people"" to believe that their record of demonstrated  incompetence justifies a total lack of confidence in their ability to do the job. No more money down this rathole!",not_harmful,harmful,0.962534
2295,Interesting.  But I seldom use straws.,not_harmful,not_harmful,0.124739
2296,"Somehow, you knew I was right.",not_harmful,not_harmful,0.032583
2297,It may be to little to late but it is refreshing to see the CEO take some responsibility for his actions. Something we in SA are not familiar with. Hats off to the DA and Phumzile for a job well done so far.,not_harmful,not_harmful,0.043767
2298,"You've got to be (insert curse word here) kidding me! How soon you political know it alls for get the Conservative crap we put up with!  Uh Mike Duffy, Pamela Wallin and Patrick Brazeau for starters! How about when Harper was found in contempt of Parliament over the the F35 that Harper was refusing to share any info on, or the voter fraud and robo calls! Maxime Bernier leaving documents home for his Hell's Angels girlfriend to read! You're gonna hate on Trudeau no matter what he does!  "" Why is ",not_harmful,harmful,0.870632
2299,"The Gupta proxies are trapped in a corner. The biggest mistake we can make is to believe that their time is up. The reality is have the are not going to fight strongly and dirty. This is going to adversely affect the functioning of government as the ANC factions start turning on each other. Criminals and mudslingers are going to be brought into the fray. There could also be political assassinations. This might ""force"" the president to ""flee"" for his safety or an excuse could be created to declar",not_harmful,harmful,0.610012
2300,"I'm glad to find someone who will talk about the progressive movement in the early 20th Century.  Many liberals on this discussion site deny the long history of progressivism.  As for my point, CO has been more conservative, but never a conservative stronghold.",not_harmful,not_harmful,0.041278
2301,"Wasn't the biggest Tillamook burn fueled in large part by logging slash piles?

I don't know about the Silverton fire.

I do know that in West Virginia, which was the epicenter of eastern forest logging a century ago, they had a tree-mend-us statewide fire in the 1920s that was also fueled by logging slash.

Yes, heat and dryness is not new, but converting old forests into more flammable tree farms is a newer problem.  Not that old forests cannot catch fire, but sometimes they are more resilient",not_harmful,not_harmful,0.060436
2302,That's right.,not_harmful,not_harmful,0.018049
2303,"Your continual anti-Catholic commentary and posting of scurrilous anti-Catholic material speaks for itself.

David Kertzer never made the kind of money as an academic that he's making churning out propaganda.

NPR has gotten battered over its biases repeatedly.",not_harmful,harmful,0.814848
2304,Perhaps the costs are too high?,not_harmful,not_harmful,0.371964
2305,"I keep seeing all this ""Trump needs to..."" commentary. Trump isn't going to ever act like a sane adult or a proper president, so there's no point in spelling out what the fool ought to be doing. Just hold on tight, hope we don't get nuked, and wait for Republicans to do their job and get rid of him.",not_harmful,harmful,0.863891
2306,Thank you for parroting FOX news.,not_harmful,harmful,0.635673
2307,Guess they're stuck....,not_harmful,not_harmful,0.264818
2308,Compassionate capitalism is another political myth like clean coal. None of these big philanthropists you see in the world many who are also entrepreneurs or born into wealth do anything based on the kindness of their heart - it is all about legacy and leaving their presence well beyond their lifetime. They want to be idolized with their names on buildings and their movements and causes decorated in textbook and documentary portrayals. I am a capitalist myself and it is all a dog eat dog world a,not_harmful,harmful,0.885431
2309,"It will be interesting to see where the Donald takes the country.  I frankly don't think it will be good.  The exception migt be he might just end up pushing single pay health care.   Republicans have not been able to offer anything so the Donald just might make good on his promise to offer something better such as medicare for all.  

But on the whold I think the Donld will be like past republican presidents and soon will be pushing tax cuts for the rich, wasteful government spending, and restr",not_harmful,not_harmful,0.393318
2310,"It's OK to be paranoid.  It's not OK to broadcast made-up stuff with no basis in fact other than a couple of broadcasters that thrive on inducing hate.
THAT is what should concern people.  Do you really want your local laws based on what Fox News says??",not_harmful,not_harmful,0.275596
2311,The Hawaii Bowl is a JOKE.  Nothing more than motivation for a mediocre season!,not_harmful,harmful,0.706510
2312,"Just like the Harperites, Trudeau's kindergarten Liberals don't author or even get a chance to read these omnibus bills - these child MPs are just store-front mannequins, who are able to raise their hand to vote, 'yes' or no' as they are instructed.
The bills are written by the wealthy individuals and corporations that run the Liberal party.",not_harmful,harmful,0.881524
2313,"You're the one that started throwing insults, as anyone can see by simply looking up above.  If you can't stand to have them thrown back in your face, then you probably should start throwing insults in the first place.",not_harmful,harmful,0.811608
2314,"""There is no chance of ""numerous"" murderers, pedophiles and child abusers being released. ""A few"" certainly.""
I love these ex cathedra pronouncements. There are 800+ Jordan applications in the pipeline and many many more to come. There is every prospect pf numerous serious criminals being released without ever facing trial. Where do you get this stuff? And by the way, A FEW murderers released without trial  is far too many.",not_harmful,harmful,0.697673
2315,wait and watch grasshopper...,not_harmful,harmful,0.746485
2316,"Yup, who needs and stinkin' energy.",not_harmful,harmful,0.815427
2317,"How can you compare your dad and father-in-law to Khadr?  They were fighting FOR Canada, not AGAINST Canada!  (or at least I hope so!)",not_harmful,not_harmful,0.044104
2318,"And Trudeau became Prime Minister even though most Canadians voted for someone else or not at all. Sorry, but it's not kosher to pick electoral nits like that. Under the law of the most democratic country in history, Trump has a mandate from the American people. If you want to fix broken electoral systems, I suggest you start closer to home. At least U.S. congressman are allowed to vote their consciences and represent their constituents; in the U.S., there is no such thing as a whipped vote. Nor",not_harmful,not_harmful,0.156319
2319,"Canada did not fail this ""Canadian by Convenience"" that has spent most of his life, prior to incarceration, outside of Canada. He himself, his family and his religion failed him. The family had a long history of being involved in terrorist activities, returning to Canada only when in either financial need or for government medical assistance.

Who Canada has failed is the taxpayers which Mr. Khadr is not and the rest of its citizens. We need a clear defined policy on all citizens involving thems",not_harmful,harmful,0.862205
2320,"Chin, you're really haven't got a clue about what really goes on outside of your little circle, do you..",not_harmful,harmful,0.769594
2321,I used to hawk the NYT'S. They were 4bits. ( no they went up to 35 cents ).Sunday edition. Heavy for a 12 y.o. Mostly I read the Hartford Current. Delivered that too. 15y.o. then 14y.o. then13 y.o. then 12y.o. dies of heroin overdose headlines. 1970. Kept me of drugs.,not_harmful,harmful,0.677591
2322,"1)  Trump apparently is interested in ""saving"" only certain kinds of US jobs and does not mind causing the loss of others.
2)  Once these programs cut staff, it will take time for them to be able to get back up to capacity.  Grants are not approved overnight and it is not always easy to find qualified workers.",not_harmful,not_harmful,0.053071
2323,"Any CPA with a BS degree could have told your parents how to hold title in the house so that when they die it will transfer tax free.  The key is to not go through life clueless and unprepared for our transition.  (At any rate, sorry for your loss Boots.)",not_harmful,not_harmful,0.325859
2324,"Nah brah, I'm in the top tax bracket an I own a very profitable business and pay very high personal and business taxes. I'm here to FIX the issues and dethrone the (D)onkey party in the process as I don't like the way MY taxes are wasted on sheer stupidity and illegals rather than veterans that served our country and deserving Americans that fell on hard times. Trust me, you don't want me gone otherwise inept and lazy (D)onkey welfare recipients like you HIE won't get enough funding to get welfa",not_harmful,harmful,0.910646
2325,"You're a closet racist. You pointed out the Indian connection twice in two separate comments. You never once mentioned the lilly white connection. You never said disproportionate number in both your comments. You were finger pointing and turning this into a race issue.

I've seen your other comments and they all have racial undertones. I saw your response to Indian roots of calculus. You were quick to claim it was a European discovery without knowing the facts. That's proof enough. You're the re",not_harmful,harmful,0.871140
2326,"None of us here find the press (or you) funny. And Obama's roasting of Trump was an abuse of his office, childish, immature and reflective of his narcissistic personality.",harmful,harmful,0.917197
2327,This is the future............hope Hawaii learns from it?,not_harmful,not_harmful,0.495601
2328,"People can eat an edible and feel fine for a while but as the edible works its way through your system things can become not so fine. I ate an  edible  once and a couple hours later, while driving home, I experienced what I would call a panic attack and I barely made it home. Later on I ended up on my kitchen floor because my heart pounded so hard and  that night I ended up in the hospital.  The whole experience from a tiny edible (gum drop size) lasted about 6 hours.  Edibles are incredibly pow",not_harmful,not_harmful,0.149311
2329,"I go to Red Apple 3+ tines per week currently. It's my only grocery store. I'll never shop at Grocery Outlet. This article reads as if ROIC wrote it. What a joke. Thus is not exciting news, it's just bad, bad, news all around.",not_harmful,harmful,0.823320
2330,"Helmets are always on my head because I think those bones are nicer unbroken and hard., but is there a legitimate concern we'll see an upward spiral of injuries?
Not necessarily. 
Prior experiences with DC and elsewhere have some pretty burly-big data that show bike share customers are more prudent with their personal safety  than owners cycling are, and also that there's a tipping point of auto driver awareness caused by the critical mass of visibile riders and that conditions drivers to watch ",not_harmful,not_harmful,0.085061
2331,Identity politics at it's worst...Right out of the Obama playbook and one only needs to glance to the South to see how that strategy has divided and confused the American political scene. This bird will destroy Canada next if we let him.,not_harmful,harmful,0.927508
2332,And I always thought it was the reflecting pool that was the problem.,not_harmful,not_harmful,0.168165
2333,"buying a house is like an investment
it may go up or it may go down

if it goes down, well, you took the gamble

if it goes up, you win and will you share your profit with us - if not then why should we subsidize you if it goes down

enough of people who buy houses they cannot afford
and then cry ""Woe is us. we are poor. Let me make mortgage payments and then go to food bank. woe is us""

meanwhile they are ""house rich"" especially in Toronto and Vancouver",not_harmful,harmful,0.746719
2334,Exedus just give it up.   The sensible grown ups are laughing at you.   Justin is that you?,not_harmful,harmful,0.862765
2335,"Violence against women or anyone else is not a ""personal problem."" Just ask someone who's been on the receiving end. 

And fighting in the useless Iraq War, or any other, is no excuse. The ""veterans-can-do-no-wrong"" cult in America is disgusting. 

Yes, get him treatment, but do not spare him the public humiliation anyone, under any circumstances, deserves if they have acted against others in that way.",not_harmful,harmful,0.932267
2336,"Chuck Orr - yes, but ""intent"" only applies if you meet certain qualifications ... like, you're an elite running for President.

If you or I violate the law, even one we don't know about, all the lack of intent in the world will not protect us from prosecution. That's because you and I are merely subjects of the United States government, not rulers. Only rulers get to use the ""lack of intent"" defense.",not_harmful,not_harmful,0.308506
2337,He's too loud in the gym. Big ego. No thanks,not_harmful,harmful,0.942909
2338,"We were born here.

 But feel free to leave for a resource rich planet.",not_harmful,harmful,0.630556
2339,most of the costs in these examples are for the luxury of living with flatmates away from home while drinking beer and posting photos on your iphone. the vast majority of Canadians live within bussing distance from a University. pick one and save your money.,not_harmful,not_harmful,0.099748
2340,"""Mr. Lighthizer's list says Washington wants more opportunities for American firms to bid on public procurement in Canada and Mexico, but to keep the right to bar Canadian and Mexican companies from receiving contracts in the United States."" 

Heads I win, tails you lose. Only a creature who thinks that the peaceful protesters in Charlottesville are as responsible for the violence there as the neo-Nazis and KKK white supremacists who drove a car into them can see this absurd position as fair.",not_harmful,harmful,0.909595
2341,Betcha he doesn't have insurance.,not_harmful,harmful,0.745708
2342,Trumpers are all racists uneducated dooms day fearing inbreds,harmful,harmful,0.868084
2343,"Medicare and social security are  both on the path to bankruptcy.  I like the national parks, I am not sure they are ""well run""",not_harmful,not_harmful,0.119967
2344,No comments on the substance?  Wow.,not_harmful,not_harmful,0.085421
2345,"Well, actually, I was talking to Don, but since you never feel constrained to not jump in, your assessment is probably a little harsh, all things considered.",not_harmful,not_harmful,0.027337
2346,I'll wager that China buys more raptors.,not_harmful,harmful,0.635457
2347,Religious fanatics are righties. Anywhere in the world.,not_harmful,harmful,0.804638
2348,"Great idea! Why don't you just call the Coast Guard and mention it to them.  I'm sure they haven't thought of that one, yet!",not_harmful,not_harmful,0.047180
2349,"Oh yes, your priorities are clear. And as ugly as they come. Fortunately for you, society offers fundamental care to both people with bad habits and those with repulsive ideas.",not_harmful,harmful,0.852726
2350,"Yes, Middle politics is complex, and local. There is no single, united Muslim world, there are only some factions of Muslims fighting against other factions of Muslims (and non-Muslims).

Which is why the recurrent refrain from some quarters blaming terrorist attacks in the west to ""the West attacking Muslims, get out of Muslim lands and all will be well"" is so laughable.",not_harmful,harmful,0.524684
2351,"So, you ask, where do you draw the line between free speech and violence? Stupid question; free speech is allowed and violence is not allowed. The 1st Amendment protects speech that we might hate so it needs protection. Popular speech needs no protection. Bar hate speech and it will bubble up as hateful actions.",harmful,harmful,0.886633
2352,IMO that's the second biggest flaw with Mr Shore's post; the biggest being the implication that Left wingers aren't just as guilty of being bought-and-paid-for and who eschew facts as a result.,not_harmful,not_harmful,0.136445
2353,"""Government-subsidized solar panels that put people who hold jobs in generating electricity out of work.""

While putting other people to work in the field of clean energy. Try again.",not_harmful,not_harmful,0.030137
2354,"Trump ""checking in frequently"" means Trump asking what to do since he doesn't know his a*# from a hole in the ground.",harmful,harmful,0.938576
2355,"Trump and Ryan would not be eating crow today if they had followed what was the usual procedure. This debate should have been opened last Tuesday under an open rule. The legislative process working its will may have gotten a bill passed, possbily without the toxic Medicaid changes. The taxes on the rich could have been swapped for a more broad based value added tax which could have also funded a public option, which would have allowed the uninsured into a more subsidized pool, with insurance com",not_harmful,not_harmful,0.411583
2356,"So what?  What if a guy from NJ hacked into the DNC email server and sent the emails to WikiLeaks?  What if the guy/gal was from Romania, Uruguay or Fiji?  It doesn't matter where the hacker came from.  What matters is that the DNC was dumb enough not to protect their data.  And if you are not smart enough to protect your data, it can get stolen.  And it's your problem, not a national security issue.  Geez,",harmful,harmful,0.881979
2357,"Such a decision would fly in the face of across-the-board support for Paris among top American companies, in sectors ranging from oil and gas to retail, chemicals, utilities, agriculture, finance, information, and autos. Business leaders know climate change is real. 
The Pentagon calls it a “threat multiplier” in vulnerable regions of the world. The National Intelligence Council says climate change “will almost certainly have significant effects, across social, economic, political, and security ",not_harmful,not_harmful,0.439610
2358,"Repeal all of the oil tax credit legislation and never look at it again, starting with the nearly $1 billion in tax credit giveaway, and then we can talk taxing Alaskans' income.  And no triple taxing our fuel.",not_harmful,harmful,0.620599
2359,"Yes, we're post-national. Post-ethnic. Post this, and post that. A new experiment. But it looks like the social science Bunsen burners may be causing some of the beakers to run a little dry.

Essentially, we are bringing a hankie to a gun fight.

The Chinese have no illusions about ""community of communities"" nonsense. And the Islamic World? They are salivating at this navel gazing weakling perched on the doorstep of the Great Satan..

National mythologies are all exaggerated. But they are a key ",not_harmful,harmful,0.797019
2360,We need to get rid of Trudeau in 2019.,not_harmful,harmful,0.728164
2361,"""Oh but they were all too willing to shove Woodford's murder in a cold case file.""  An astute observation by 99 under a Buck.  Reason is  because  our courts and cops rate Native lives at less value than they do white lives. Can I prove this was the cause in this case? No. But how many such incidents does one have to see before one is capable of noticing there's a ""trend""? How many times when a white ""witness"" later found to be ""suspect's"" word is taken at face value by the cops because he or sh",not_harmful,harmful,0.955268
2362,"An elegant evasion, your chunking on saddle leather.  But an evasion nonetheless.  I well very well what the disagreements are, but have never heard you defend the anti-Catholic side.  I invited that discussion, and you avoided engaging.",not_harmful,harmful,0.660334
2363,"70% of Americans are overweight and half do not think they are overweight. Grab your stomach. Can you grab more thsn an inch or so? 

Check your BMI online.
Move more, eat less. And eat better.",not_harmful,not_harmful,0.134749
2364,Nuclear option was never intended to be used for Supreme Court appointments.,not_harmful,not_harmful,0.158327
2365,"Not knowing how long you have lived in Oregon, either a sales tax and no property tax or continue as is.  I still say no to sales tax.",not_harmful,not_harmful,0.061819
2366,You'd have been better off breaking that down into a couple different sentences.,not_harmful,not_harmful,0.064180
2367,"Well - no disagreement about coding - but MUST include basics of computer architecture, how and why the machines work .... In the higher grades some survey work concerning the technologies behind the systems.

And fortunately this topic cannot be fluffed off as ""Discovery Coding"" - the machines and programs will then crash and our students get a most valuable lesson in reality ! 

Also such coding is merely a foundation for more advanced subjects - basic coding in isolation is a dime a dozen car",not_harmful,harmful,0.864681
2368,Fox News isn't fake? Doesn't Fox News have a history of airing manipulated photos & misrepresenting video footage?,not_harmful,not_harmful,0.220998
2369,"Let's see. Walford makes the Argument from Authority. I.e, the weakest argument.

Then he make the Argument from Authority. Then he makes the Argument from Authority.

Oh. And then he makes the Argument from Authority again.

And again. And again. And then again.

Or have I lost count?",not_harmful,not_harmful,0.068025
2370,Racist!,not_harmful,harmful,0.632893
2371,"Hey hey AJ you say you point out only ''fossil'' companies do you? Big big lie, in this post you list only private ones, explain please why the huge govt. ones get a freeby to trash the earth. Wait with baited breath the reply that does not include straw man or dumb and what you are going to do about these companies that pump out 77% of the world's fossil fuels. O wait you list Petrobras, guess that is because it is almost private and not totally govt. now days?",not_harmful,harmful,0.512810
2372,That train broke down years ago.,not_harmful,harmful,0.629029
2373,"Let's look at the bigger picture.  Many Americans without insurance now have insurance because of Obamacare.  Many people that make $200k and up are, in effect, subsidizing the folks who were denied healthcare or couldn't afford healthcare.  The problem isn't with the current program, the problem is with our current legislature that failed to introduce legislation making the cost, by whatever means, more reasonable.   Hold Murkowski, Young, and Sullivan accountable for their inaction on this imp",not_harmful,not_harmful,0.289404
2374,Slander! Dembowski is the worst and makes conservatives look bad.,not_harmful,harmful,0.836353
2375,"Granted, for diplomatic purposes. But it would be wrong if Mr. Trump's Russian back-channel was for business opotunities or keeping abreast of partisan political backscratching.",not_harmful,harmful,0.631731
2376,"""The U.S. is among these 7 countries [out of 198] that permit elective abortion past 20 weeks.… These countries/territories are: Canada (no restriction in law), China (no restriction in law), Netherlands (24 weeks), North Korea (no restriction in law), Singapore (24 weeks), United States (viability), Vietnam (no restriction in law).""

Nice company we're keeping there.  Only Canada, Communist China, Communist North Vietnam, and Communist Vietnam have abortion policies as liberal as ours.  Netherl",harmful,harmful,0.750731
2377,"Common sense dictates such. Yes,  Trump is right.",not_harmful,not_harmful,0.049816
2378,"Any inefficient, expensive (hello, wind power) and heavily subsidized (hello Ontario Liberals) source of energy won't be a replacement for fossil fuels.

That's because it won't and can't be adopted in such a way as to make fossil fuels obsolete (though it can certainly ruin certain economies until government decides to cut its losses - hello Spain).",not_harmful,not_harmful,0.177271
2379,"This does seem the tendency. Amplify the acts by foreigners, minimize the acts by white guys. My unscientific survey says Breitbart covers a Islamic shooter for much longer than a white shooter even if the latter caused more death.",not_harmful,not_harmful,0.310337
2380,"Bathrooms with stalls, coed, fine, whatever. Locker rooms, sorry I don't think people with penises should be on the benches around or in shower area with my wife and daughter. And the last poll I saw said something like 65 percent of the population agrees with me. Sorry if that offends the 1 woman in 200,000 with a penis who's affected or whatever the stat is. And I don't care how their groupies feel about it.",harmful,harmful,0.803421
2381,"Umm, Billy Bishop airport has not been there for 78 years. And work has already begun on fixing up Ont Place: http://www.mtc.gov.on.ca/en/ontarioplace/park_trails.shtml
Check out the news once in awhile, okay?",not_harmful,not_harmful,0.055694
2382,The Ontario government could put a stop to the egregious depletion of ground water levels ... allowing Nestle's and other bottlers basically free access to our clean water is outrageous.,not_harmful,harmful,0.801532
2383,"""Why not include all the tax loop-holes the super rich enjoy?""

What ""loopholes"" are you referring to?  Are you aware that the lower incomes are able to exclude a much much higher portion of their income from Income taxes?  
Not only do higher income pay higher rates, we pay in on an higher percentage of our income!

Be specific, OK?  I'd like to know about those ""loopholes!""",not_harmful,not_harmful,0.036989
2384,No more public funding for this group. They have had their turn at the trough and have achieved much success for their cause. Now it is time to give that funding to other worthy causes.,not_harmful,not_harmful,0.094676
2385,That would be a great location for a record store!,not_harmful,not_harmful,0.113017
2386,"I use my 2 cup Rice cooker, Add about 1 inch of water, put in 3 to 5 raw Eggs. Cover it, turn it on and wait till it is done. Great Hard cooked Eggs. Wonderfully done. Oh yes only Fully Cooked eggs done.",not_harmful,not_harmful,0.116802
2387,"They've built out separate pages of Run Tulsi Run for each state. That was clearly a centralized effort -- the pages were all created by a person using the name Ray Alt, and most of those pages have very few members. I believe this is called 'astroturf'.",not_harmful,not_harmful,0.473397
2388,Jacob Zuma deserves to hang.,not_harmful,harmful,0.677875
2389,"You really don't understand, do you?
It wasn't the price of oil that killed this...it was the Liberals crippling our producers with taxes, red tape, and environmental standards that our foreign competitors don't have to meet.",not_harmful,not_harmful,0.452439
2390,In Canada the lefties would call this attack a mental health issue.,not_harmful,harmful,0.578745
2391,"Thanks for the very civil comment. My point was that the PFD is like finding money along the road. People generally see it as something that they did not have to earn and which therefore can be used to buy snow machines, new fishing gear, trips to Hawaii, trips to Anchorage or a case of R&R from the local bootlegger. Obviously there are people who use it to educate their kids or save it for a down payment on a new girlfriend, but the last study that I saw, indicated that most of the cash was use",not_harmful,not_harmful,0.443958
2392,"I agree with the four Revs that justice should not be influenced by either politics or religion.  Jim Minnery's commentary is all about HIS religious beliefs and that of his political group, Alaska Family Whatever. 

The problem with Jim is that he doesn't want justice, he wants a specific interpretation of justice based on his religion. Much like Sharia law Jim would replace your constitutional rights with his religious beliefs.

Lets not go down that narrow road with those narrow-minded people",not_harmful,not_harmful,0.213424
2393,"There's a much bigger issue here than a potentially flawed report - taxpayers and voters are angry!  Our quality of life is decreasing daily and rapidly.  
Developers and the cities of Sammamish and Issaquah move so quickly on projects that citizens don't have time for input.  Holding planning meetings in the middle of the day when people are at work guarantees that developers will get what they want. 
Look at the Providence Heights demolition.  This is an international treasure.  It could easil",not_harmful,harmful,0.856231
2394,Thanks for the clarity! I wasn't aware of that.,not_harmful,not_harmful,0.012062
2395,Yes I forgot about that.  That was another proposal that would hurt the working middle class in Hawaii since many of us have employer paid medical insurance.  We'd have to pay taxes on it as if it were income or a fringe benefit.,not_harmful,not_harmful,0.298763
2396,"Hawaii as a major tourist destination but its road condition is a shame. Potholes, roads are sloppily and unevenly paved; no wonder Lex Brodie is in good business.",not_harmful,harmful,0.558830
2397,And the range anxiety beat goes on.,not_harmful,harmful,0.628012
2398,"A race is a race whether it's gas or electric.
Tourism basically.
The rest is partisan and ideological BS.",not_harmful,harmful,0.865330
2399,"If people like you didn't think that denouncing white supremacists and Nazis was a problem, the world would be a better place.",not_harmful,not_harmful,0.045494
2400,"I guess I missed the mark on my point, which is that comparing Anchorage to the Valley is like comparing Detroit to Staten Island. They're both a dump!",not_harmful,harmful,0.902308
2401,Independent Newspapers.... Iqbal Surve..... probably lost 75% of the investment already.... But the nauseous Surve loves Zuma and the ANC.... or its money anyway!,not_harmful,harmful,0.824772
2402,Dreamers,not_harmful,not_harmful,0.328484
2403,"Yup!  ""ANY""
vacation, humanitarian, etc., they go overseas knowing what could happen, then it happens, then their looking for the US/taxpayers to save their okoles. They know it ain't AMERICA! 
It is what it is, you Reap what you Sow, so to say.",not_harmful,harmful,0.805837
2404,"You are blowing some of that smoke up...........And yes,  some of us have spent a lifetime in the woods,  and some of that  fighting fire.  I am older than your second growth forests.  In the real world you are not visiting,  the second and third growth is being logged at culmination of mean annual increment to interrupt the capitalization schedule to recover those costs at the earliest possible date.  Part of the actuarial driven decision  process is the inevitable occurrence of fire and what i",not_harmful,harmful,0.785722
2405,"They tax the heck out of tobacco, yet nobody grows their own!  I suspect this idea of black market or grow your own MJ will be as common as it is with tobacco today - nonexistent.",not_harmful,not_harmful,0.339905
2406,"Has China made any attempt to address human rights in their country, or are they satisfied with the status quo?",not_harmful,not_harmful,0.094396
2407,"""This makes him ""presidential"" in some folks' opinion."" Obviously Jim, however, just as obvious....

""[ All the anti-Trump can be and was nicely summed up by none other then the Seattle Times a very pro-liberal newspaper by one of their own liberal columnist who wrote: "" Democrats are supposed to be fighting back, but they just keep losing"". 
""Recently a poll showed the Democrats have a favorability rating 9 points lower than Trump’s. Another poll, by ABC News, found that 67 percent think Democr",not_harmful,harmful,0.569871
2408,How do you reach such a ridiculous conclusion? SMH!,harmful,harmful,0.868222
2409,"You already pay taxes on pension income

The higher the pension income, the more you pay in taxes

It's income like any other",not_harmful,not_harmful,0.391475
2410,"Why not sell the position to the highest bidder?  At least we'd know who actors are, and we'd know who to go after when things go south. I say this in jest, but it would likely offers a level of accountability that is otherwise lacking.  As it is we may very well have a mayor both beholding and fearful of the union's whims, with virtually no accountability.",not_harmful,harmful,0.831567
2411,"I am a strong, middle income hard working White Man. I voted the other day instead of protesting and my vote was heard. I did not have to whine or cry or throw a adult temper tantrum. I just voted and guess what.....America is moving again in a positive direction with a great new President.",not_harmful,not_harmful,0.061426
2412,wouldn't they be the 58th state according to obama?,not_harmful,harmful,0.664550
2413,"Basically, the parameters are clear...it becomes a problem of revenue collection, and who gets squeezed and for how long. The positives are honolulu is in still in a good rate environment and low unemployment. So some business are doing well (tax revenues are better) and financing options are open. I believe a lot of people will not be happy with it, but there eventually will be a solution.",not_harmful,not_harmful,0.045025
2414,"The threatened blackouts were the scam. Same game Enron pulled with hydropower. 

But no one challenged it and a lot of backdoor subsidies were justified because of it. 

They lied.",not_harmful,harmful,0.725364
2415,Reminds me of the lightbulb joke.,not_harmful,not_harmful,0.364371
2416,"I also oppose this bill.  Partly because, as Gary Crum alludes to the benefiting of a very limited segment of the economic community for something as trivial as a track meet.  There, I said it and I'm glad.",not_harmful,not_harmful,0.025507
2417,"Justin kept mentioning throughout his Campaign, ""Change, Real Change!"" Well I guess this is what he meant by it.",not_harmful,not_harmful,0.025785
2418,"It's about as easy for a white person to notice white privilege as it is for person who speaks English to notice it's being spoken when no other language is uttered. 
Of course language is not the same a how one is treated. While I suppose nearly all White people don't notice white privilege, the lack of that privilege IS noticeable by some people who are not white. How much different treatment non-whites experience is dependent on many factors. Among them are other racial features, where one is",not_harmful,not_harmful,0.055066
2419,"Mistake #1 with this article..... The protests have absolutely nothing to do with the flag or the anthem. People have allowed Trump and other conservatives to completely twist the narrative. This had always been about police and their biased violent nature towards minorities. If people can't understand or accept that than they're part of the problem too. If all these so called patriots love what this country stands for, they wouldn't be this angered about a league made up of 70% black athletes, ",not_harmful,harmful,0.924146
2420,Independent Senator? Doubtful. Canada is under no obligation to take these people and shouldn't rush to offering solutions before the U.S. process is completed.,not_harmful,not_harmful,0.038565
2421,"""Many radical environmentalists can accurately be
labeled “nature mystics.” And many of them express
affinity with religions they generally consider more
nature-beneficient than occidental religions, such as those
originating in Asia such as Buddhism and Daoism,
religious beliefs or practices surviving among the world’s
remnant indigenous peoples, or being revitalized or
invented anew, such as PAGANISM and WICCA. Paganism
and Wicca are considered to be (or to be inspired by) the
Aboriginal natur",not_harmful,not_harmful,0.439077
2422,"M:  yeah, except they have much more provable evidence against Clinton.  Why don't you want to know the truth?  If she is innocent so be it, if not, so be it.",not_harmful,not_harmful,0.102872
2423,"READES: Alaska is known to be a diversified State. Meaning Cultural Diversity, Equality and each Individual's beliefs to support a religion or not is our own constitutional civil right as a Citizen. Americans use adultery with laws protecting it - and Muslims use Sharia that does prescribe harsh punishments for acts like adultery. ""You shall not commit adultery"" is one of the Ten Commandment yet most churches usually excuse that sin with forgiveness. Now, the Jew I know doesn't eat pig meat, bre",not_harmful,not_harmful,0.081910
2424,"Sad to see you retire, Kevin. You were a great addition to the Rapids.  Always great energy and competitive attitude.",not_harmful,not_harmful,0.106546
2425,"It is appalling to me that his home is being torn into with a backhoe. What right of way says by any means necessary. The man is defending his property. Before I get burned at the stake here, I'm not defending his actions. What is being done to him now is no different than what he did to defend his property. Our world has gone completely mad and totally blind. Violence begets violence. They should have sent Officer Ruth Adolf and some backup to talk with him and calm him. Goodness gracious. May ",not_harmful,harmful,0.754694
2426,"I'm amazed Bavius how you can try and portray the normal as narcissistic sociopaths. Your own counseling is failing and you might want to consider a change.

Regular people don't sit around hurling insults at others while on the throne at 3 AM. Especially if you are a world leader. You'll notice that the majority of the world and it;s leaders want no part of Trump in or near their countries. Ask yourself why Bavius. But then I doubt you could come up with an answer so you'd be wasting your time",not_harmful,harmful,0.837341
2427,"Individuals have been forced to take on more risk in all aspects of our lives.  Most of us (who are not government employees) do not have pensions and can't get any decent returns by holding savings accounts or government bonds, so we take on risk to try to earn some dividends or capital gains, so that we may have some sort of security in retirement.  This taxation madness is almost too much to bear as we get squeezed at every turn.  Where is the outrage?",not_harmful,harmful,0.579711
2428,"The low income, vulnerable people of Alaska need the full $2000 dividend to pay for the basics, because they own the oil.",not_harmful,not_harmful,0.472503
2429,"On page 15 of ALJ Dublin’s July 17, 2017, Final Order, in subsection 5.9, she states in part: “In the present case, over the course of his communication with Ms. Hairell on January 23, 2017 in person…Mr. Binswanger reported alleged improper governmental activity, i.e. filed a whistleblower claim, relative to the CRTC lease and the EDA…”

RCW 42.41.040 (1) It is unlawful for any local government official or employee to take retaliatory action against a local government employee because the employ",not_harmful,not_harmful,0.126961
2430,"and they are..........?

friends of the globe I guess",not_harmful,not_harmful,0.048160
2431,The key is that Anne Murray isn't making the decision for the kid via articles in the Globe and Mail.   She's letting her granddaughter make her own decisions when the time is right for her.,not_harmful,not_harmful,0.182706
2432,Sounds like your getting to big for your britches !!! Where did you start at? The ones just about ready to retire! I no of one !,not_harmful,harmful,0.838108
2433,Hey G7M. How was this allowed to be printed?,not_harmful,not_harmful,0.131229
2434,"Fix? LA's wins were decisive. How is that a ""fix""?",not_harmful,not_harmful,0.479536
2435,"Really?  You think so?  And what makes it happen when it isn't done by a Priest?

The particular ""God"" in this case is the same God who said, ""It were better for him that a millstone were hanged about his neck, and he cast into the sea, than that he should offend one of these little ones.""

I'm not defending these priests.  I think the millstone sentence is particularly fitting, but that would probably be considered ""Cruel and Unusual"" punishment by you.",not_harmful,not_harmful,0.390409
2436,"Readers are again being treated to Your Leafs fans holding hands, gushing with anticipation.

I can almost hear Carly Simon in the background.  Or is it Donna Summer--this time I know it's for real?

Posted earlier why I cannot stand this organization, and gotta several weak responses, the perpetually indignant rah-rah Leafs Nation types apparently unable to actually read--and think--about my 1st post.

On the evolutionary scale, most were right up there with reptiles.

I mean, I know they will ",not_harmful,harmful,0.938135
2437,"Without naming names, my bishop encouraged people to vote for Trump after mass one Sunday.",not_harmful,harmful,0.659000
2438,"I can't go so far as to say Lynch is the next Elway but to your point I think its time they make up their minds and either go with the kid or go with Trevor.  As long as its a competition Trevor is always going to look better because he is the safer bet.  The question is whether the fans can endure a 4-12 season while Lynch figures it out?

Think about last year.  If they just go with the kid, we may lose a lot of games but he gains valuable experience, we KNOW what we have this year, AND there ",not_harmful,not_harmful,0.133866
2439,"I could list multiple, but you asked for 1. He saved the US auto industry in the face of strong opposition and criticism by Republicans. That single act saved 1 million jobs which was absolutely critical to slowing and reversing the Great Recession.

BOOM",not_harmful,not_harmful,0.114784
2440,"Why must the citizens have competition for jobs, education in their own country from foreign nationals? Now Democrats and illegal alien activists admit DACA recipients have good jobs,are buying homes, paying taxes, etc. The GOAL (Democrats just haven’t figured this out yet) is for the American citizens to be employed, trained, sending their kids to
college,buying homes and paying taxes. It’s not the responsibility of the citizens of this country to support, educate citizens from other country’s.",not_harmful,harmful,0.637391
2441,"Ask any of your Trump buddies.  THEY can tell you that there's a difference between the general info published in the news and the classified information the intelligence community shares with the president. 

If you cannot make those kinds of distinctions, you will be subject to being misled by the fake news that surrounds some of you.  And you are at a big disadvantage when arguing with people with college-level or higher reading skills.  Do you understand that?",not_harmful,not_harmful,0.150116
2442,"Rail will fix this.  Just ask the Mayor, Savio, visitor industry, unions.",not_harmful,not_harmful,0.261097
2443,"It's not Canadian oil, it's Chinese oil. They bought it by investing in Alberta tar sands. 
How much is BC going to get for taking all the risks?",not_harmful,harmful,0.690910
2444,"It was sure nice of Denby Fawcett to write yet another fawning article which positively presents longtime Hawaii GOP leader Miriam Hellreich without mentioning that she has directly overseen the steady decline of the state Republican Party under her tightly-controlled watch. Fawcett makes it seem that Hellreich is but a detached, casual observer with so much wisdom to offer.",not_harmful,harmful,0.712560
2445,"Why shouldn't dividends be returned to Canadian taxpayers who are holding the final mortgage risk. I would suggest even higher CMHSC and private insurer premiums for even riskier mortgages. All taxpayers shoulder the mortgage risk, so why should only get a refund? The flip side of course is that if the housing market tanks and mortgages start to go unpaid/default it is the Canadian Taxpayer that bails banks and lenders out, not individual homeowners!",not_harmful,harmful,0.655513
2446,"Again Neil.The right is of the People, the militia is just one (not the only) important reason for it. A militia need not be extant at any given time for the RKBA to enable one to be formed from armed individuals as needed.

And, again, you fail to do any research. US Code on the Militia references the ""organized militia,"" which includes the Nat'l Guard (which didn't even exist at time of writing), and the ""unorganized militia,"" which is all men (persons today) eligible for military service not ",not_harmful,harmful,0.679115
2447,"What is it with the Trump and women's blood? 

No kidding, the Trump's behavior is not normal, even when ""normal"" has been already been redefined, seemingly all the way down. What a bizarre character.

Stephen J. Remington",not_harmful,harmful,0.950192
2448,"Mali?  In Africa, somewhere.  Quick, Louise, gimme the atlas...no wait!  I'll just Google it.  Hmm.  Yup, there it is.  14 million people.  Fishing and agriculture.  Hmm.  No interest here, yet.  Ahhh.  Third largest gold producer on the continent!  Wow.  And...wouldcha know?  ""Canadian companies have also significantly invested in Mali's mining sector."" (Mali-Canadian relations, Wikipedia.)

So THAT's why we wanna be there with helmets and guns.  Protecting Canadian Corporate interests.  That's",not_harmful,not_harmful,0.127526
2449,"Freeland, Dion, it does not matter.  Sanity not PC bromides may be returning to the White House.

Rent seekers may  now shovel dirt and earn a a living.",not_harmful,harmful,0.903477
2450,"Yesterday: ""Trudeau is pledging a co-ordinated offensive with the provinces to fight new U.S. duties against Canadian softwood lumber...""  and, ""He also said the federal government will be examining Ms. Clark’s request that Ottawa ban exports of thermal coal from B.C. ports."" (G&M)
First one's not a ""threat""--it's simply notification that tough bargaining will ensue.  Coal? ""Will be examining...""  Pretty mild ""threat.""

And yet, less than 24 hours later, US Commerce Secretary ""called threats of ",not_harmful,harmful,0.654033
2451,"1. The 40 percent figure was only for the southwest border. I think we can agree the number for total immigration is what counts. And of course, you don't know what that number is, we only know the number of people caught is down 40 percent. So arguably there are more illegals in the country this month, not less. 2) Trumps own advisers admitted the job report was due to Obama's policies, not anything trump has done. So you mean thank you president Obama. http://www.msn.com/en-us/money/markets/ad",not_harmful,not_harmful,0.294239
2452,"Yep - So if they find something, let them proclaim it, otherwise, he owes you nothing.",not_harmful,not_harmful,0.490346
2453,"Steam is warming up.

Na na na na, na na na na, hey Donnie, good bye.",not_harmful,not_harmful,0.126401
2454,"Congratulations to all you children. The future must be saved from the greedy, the ignorant and the condescending adults who don't value your wisdom and honesty. You are right; right to worry and right to ask. You are heroes.",not_harmful,not_harmful,0.084133
2455,Nope they haven't.  That's probably why the news remains silent.  Can't have the sheeple knowing the truth!,not_harmful,not_harmful,0.401050
2456,"The most laughable thing about this article is the link to ""compact fusion"". Talk about hype!",not_harmful,harmful,0.665243
2457,"You can use the public school or attend a private school, it is a choice and you are free to pay for it.  However, using taxpayer money to support religious institutions is not a functional, fair, and proper model for a secular society and the Blaine amendment is correct no matter what historical context you believe for its implementation. Religious institutions must rely on people who support the institution and not the govt who taxes the public. I will pay for my family and our religion of our",not_harmful,harmful,0.581784
2458,"Yes, so let's hope he gets rid of  Canada's  dairy and chicken monopoly",not_harmful,harmful,0.649940
2459,I brought him up to show that we did not need to get hysterical and shut down entire industries like environmentalists  have done in the past and want to do with this lawsuit.   I do not agree with all he says or does.,not_harmful,not_harmful,0.036325
2460,"It's about time these rural conservatives truly suffer the consequences of their vote. We tried to tell them, but I guess sticking it to those ""big city folks"" was just more important.",not_harmful,harmful,0.728242
2461,"Woolsey was forced out because he was piss poor at providing a message on TV intereviews and the Trump boys (Brannon and Kellyanne ) cut him off completly from access and information flow. They used Woolsey as a tool before electtion to show some ""mainstream support"" and Woosley just had the wool pulled over him!",not_harmful,harmful,0.847772
2462,And who the heck are they who only work about 1/3 of the time!  They are part of the problem!! They have no idea how to deal with a real leader...and he is just as big an enigma to the media !  Get used to having to suck it up and DO YOUR JOB ! ! !,harmful,harmful,0.538045
2463,"Dear Sir,
You forgot rule #6;
Don't listen to the Globe and Mail as they have been consistently wrong about almost everything, from predicting a market crash ""if"" Trump is elected to last Wednesday's fear mongering.

Some of these journalists should go to jail.  Full stop.",not_harmful,harmful,0.878792
2464,"does not matter. 
The maintenance and fuel costs are EXPENSIVE relative to electric busses. 
In addition, there are EV trucks coming VERY soon that are expected to cause companies to sell trucks that are only 2-3 years old. The reason is simply that they are that much cheaper to run.",not_harmful,not_harmful,0.289482
2465,When other countries are as good as we are they too would use military action to stop very bad people from killing innocent people.,not_harmful,not_harmful,0.302173
2466,Or you tell them you're not interested in discount meat.,not_harmful,not_harmful,0.058149
2467,m: You already have them. Re-read my comments and citings if you have forgotten you lazy troll.,harmful,harmful,0.935108
2468,in european countries they clear out the grave after a number of years...( more than 20 or 30 years..if not paid for it...to keep it...) and cremation is the way to go...environmental friendly that means...no embalming etc. With the growing population ( as that is what our economic growth model is based on) it otherwise is getting a fire issue ( as the frying pan is apparently full...),not_harmful,harmful,0.788534
2469,"Where do the Liberals Members from the Priaries stand on yet another economic punch below the belt by the Trudeau Govt ?

Have they walked out in protest ?

Have they made their objections known publicly ?

Have they crossed the floor ?

Or is their stand on Energy East in full support of the Trudeau Govt ?

Ask them publicly if they stand where they sit ?

Do not let them off the hook for this egregious affront to Prairie Canada.

Call them out and make their stand clear....",not_harmful,not_harmful,0.126644
2470,"Goat.... New Year for the Laughs,  same results as past.....   """"""""""Its only just begun""""""""""""""""",not_harmful,not_harmful,0.131603
2471,Our libraries and other public restrooms now serve this functions. Drug users know if something goes bad on a trip then somebody could help them then.,not_harmful,not_harmful,0.202792
2472,"How can anyone take Trudeau and his merry band of ideologues seriously and with credulity? Just look no further than the commander in fancy socks himself always seen at parades, celebrity events, Hip concerts, in New York City with Ivanka or at a women's forum touting gender equality when the subject matter is NAFTA.",not_harmful,harmful,0.763311
2473,"Actually, accepting Jesus Christ as your personal saviour is far better. So much so that I will NEVER watch Neil Young run again.....EVER!!!!",not_harmful,not_harmful,0.334355
2474,Half of them don't even really want to.,not_harmful,not_harmful,0.283688
2475,"I didn't say I was happy, there are still far too many ridiculous and reactionary comments here but there are few comments boards that have addressed that issue effectively.",harmful,not_harmful,0.027227
2476,"https://www.youtube.com/watch?v=audzsuRMWBE&t=586s
https://www.youtube.com/watch?v=wwJkqTZ5H_s

http://news.nationalpost.com/news/canada/brian-hutchinson-thousands-of-used-drug-needles-have-become-the-new-normal-for-vancouver
4/27/2016
Brian Hutchinson: Finding used drug needles in public spaces has become the new normal for Vancouver

http://www.hc-sc.gc.ca/ahc-asc/pubs/_sites-lieux/insite/index-eng.php

  Reducing the Transmission of Blood-Borne Viral Infections & Other Injection Related Infec",not_harmful,not_harmful,0.159802
2477,"'
no, it's going to be investigated.",not_harmful,not_harmful,0.072920
2478,"For someone who votes ""disagree"" with EVERY  opinion that's not his/hers?!",not_harmful,harmful,0.609926
2479,"Trump is busy stocking the swamp with his kind of critter...
He hasn't passed a single piece of legislation that doesn't favour the wealthy and cost the working poor...",not_harmful,harmful,0.625136
2480,"I said ""gospels."" Hebrews, the work of an unnamed author, is not one of the gospels. No quotes by Jesus instructing his followers to gather weekly for ritual.",not_harmful,not_harmful,0.122801
2481,"A defensive game all the way, scrambling, checking, keep the puck away from the other guys, block shots, dull as dishwater.

Price bounced back?  Really?  What'd he do that was so great in this game?  Not much from where I sat.  The players, they all got the message last game--about time some of you start to do something instead of relying on your goalie all the time.  But, if this is the only way you can win, playing mind-numbingly tedious boring hockey, well, Vos Canadiens fans, go nuts, you w",not_harmful,harmful,0.911694
2482,"This largest land animal in North America thrives in its original AK area.  All hunting should be for subsistence only by the locals.  No need or justification to kill these magnificent animals for ""sport"", hides/heads/horns, especially for rich foreignors.",not_harmful,harmful,0.500970
2483,"Whether you see or not is quite unclear.   I disputed that a large group of people marching in the street looks like democracy.  In fact, it looks like a large group of people marching in the street, and when it claims to be having some sort of governance role (looking like democracy) then the group becomes a political mob.    As a historical note, a small number of women DID fight for the right to vote.   But most women did not.   Nobody did.  Instead, people communicated with each other using ",not_harmful,not_harmful,0.412129
2484,Here`s another: Harry Truman.  Failed Haberdasher.,not_harmful,harmful,0.926787
2485,"Canada needs to keep its limited supply of troops available, to support any U.S. calls for a ""coalition of the willing"". A yuge amount of Canadian foreign policy is to avoid annoying Trump, so keeping the ability to support the U.S. is far more important than the ""prestige"" of winning a U.N. Security Council seat. Canada is unlikely to get anywhere near the NATO military spending commitment, so being able to send troops is at least a decent ""out"".",not_harmful,not_harmful,0.174209
2486,"moving Sir John A McDonald the first prime minister off the 10 bill and replacing it with a relatively obscure figure as Desmond designed to satisfy one group  proves that Canada is an insecure, obsequious approval seeking wannabe of a country

I just barfed",not_harmful,harmful,0.952846
2487,"Fact is always stranger than fiction Mr. Wolf.  You do know that there are two busts of Winston Churchill,  one in the British Ambassador ' s  residence   and also one in the Oval Office by the same artist. Throw in one in the Presidential residential spaces near by but by a different artist.  The bust of MLK may have moved around the Oval Office but seems not to have left the room. Oh one last tid bit to this tale, when British Prime Minister May comes calling this Friday  she maybe carrying th",not_harmful,harmful,0.792973
2488,Way to go mom! I can't believe it:) You're a natural.-Kathy Gifford's daughter Amanda,not_harmful,not_harmful,0.251606
2489,Not true.  Taxes on incomes over $220k went up --- big --- and they also implemented a bunch of stealth tax increases like eliminating the family tax cut.,not_harmful,not_harmful,0.417314
2490,"Sure, lead with Vancouver and Toronto to maximize the drama. Pander to millennial self-pity because they like to believe that no one has ever suffered like them.  
Young people have always struggled to afford their first house. Some couldn't buy until near middle age. There is a story here about the broken relationship between incomes and house prices in major markets, but you aren't telling it.",not_harmful,harmful,0.512298
2491,"It appears the RR can't make money without federal subsidies. Maybe it's time to get rid of that white elephant.
Railroad Logic: ""if I can't have my 68% of $27.7 million, I choose nothing"".
Somebody should create a comic strip and call it ""Alaska Rairoad"".",not_harmful,harmful,0.892870
2492,"This article doesn't look into the future.  We are entering an economic recession.  Property values will be going down.  Property tax assessments will be going down to reflect lower market values.  With a rigid tax cap, then property taxes will be going down (a good thing).  Will this cause problems for the muni?  Yes, but that is also a good thing.  It will force the muni to cut their budget/services and renegotiate union contracts.  And it may force a sales tax so more than just property owner",not_harmful,not_harmful,0.154303
2493,"If I have to sign in one more time to prove my subscription, the globe can take a hike.
bill",not_harmful,harmful,0.899560
2494,Show me that it's real. No silly alt-right blogs or other fake news purveyors allowed.,harmful,harmful,0.532312
2495,"If Trump can be credited with getting rid of certain majority members, good on ya!",not_harmful,not_harmful,0.177050
2496,2017 is a whole new ball game. Justin  really was expecting to be flying to Washington for  Clinton's inauguration.,not_harmful,harmful,0.610741
2497,"Well, if the Powers That Be say the place is safe, let's believe them!/s",not_harmful,not_harmful,0.077785
2498,"'Our efforts will be to continue to sew the seeds' To the editor, perhaps you meant 'sow the seeds'",not_harmful,not_harmful,0.091463
2499,Too much power is in the hands of lobbyists !! Drain the swamp !!,not_harmful,harmful,0.731110
2500,He will under oath to testify before a Senate committee.,not_harmful,not_harmful,0.283260
2501,And these are the same people  (Wynn's minions) who will be in charge of Cannabis.......I can't wait,not_harmful,not_harmful,0.280989
2502,Doesn't make any difference since China and Iran are supplying NK with nuclear and rocket technology.,not_harmful,not_harmful,0.474897
2503,Brad Wall for Minister of energy.,not_harmful,not_harmful,0.248179
2504,"All of the above plus travel expenses (airfare, hotel, car rental) per diem, and an expense account. I need to know how other cities engage in successfully planning growth: Perth, Lima Montreal, Merida, Adamstown (PI, not PA) and places in between,",not_harmful,not_harmful,0.031316
2505,Yes she is far better looking.,not_harmful,not_harmful,0.296759
2506,"Way to go NDP! Now get the speed limits down and get the officers on the streets, roads and routes and get these speeders off the roads! That would also bring down or keep down those ICBC rates that are going up with every accident on the road.",not_harmful,not_harmful,0.306340
2507,"Wow, a couple of real Thelma and Louise, ya know that judge is gonna get him a ""lick"".",not_harmful,harmful,0.933742
2508,good at being a loser,harmful,harmful,0.866480
2509,What are your thoughts on a guaranteed minimum income vs. a minimum wage?,not_harmful,not_harmful,0.137356
2510,"I'm not surprised. I knew and continue to know a lot of disengaged parents. Sure they helicopter their kid's social life and development at home, but they wash their hands of anything school-related because, in the words of one, ""that's the schools responsibility"".
I was a latchkey kid, but my parents stayed involved; making sure my homework was done, attended parent-teacher conferences and followed my grades. I didn't get sick days unless verified by a doc's visit and a doc recommending not to ",not_harmful,not_harmful,0.307262
2511,You are implying that the Democrats tend to only represent those with special interests that they have in common?  You seem to have forgotten that the real problem under discussion is not about water rights as it is about the rule of law.  In the early 1990s the Legislature put an initiative to the vote of the people that was soundly defeated by the voters.  The Democrat-controlled State Legislature passed the law anyway over the objection of the people.  In that law is the provision that the Co,not_harmful,not_harmful,0.129793
2512,Are you suggesting that it's ok for a medical marijuana user to drive but not for a recreational user? Impaired is impaired no matter if you have a prescription.,not_harmful,not_harmful,0.227878
2513,"Glad to see that you find something positive in Secretary Clinton.  I will give you a prediction:if there is a President Trump he will not follow through on his promise to set up a special prosecutor to investigate her foundation and other scandals. Why?  On 19 January 2017, the day before Mr Trump is inaugurated, President Obama will sign a full pardon for her, preventing any further investigations. He will do that because he knows that if she were investigated as thoroughly as the FBI should h",not_harmful,harmful,0.666382
2514,"History since Leo XIII:

The greatest MASS MURDERERS of innocent civilians in human history have all been STATISTS (fascist, communists, socialists, etc):

•Mao murdered about 100-million innocent civilians 
•Stalin murdered about 60-million innocent civilians
•Hitler murdered about 30-million innocent civilians.",not_harmful,not_harmful,0.358490
2515,Gee whiz! I wonder why with the gerrymandered Republican supermajority and Parnell at the helm. Right onto the rocks with a Republican crew in control. I'm just amazed at the thick-headed logic employed by partisan hacks on here. Especially when contravening the laws of mathematics and even physics. Your R- legislators with few exceptions have terrible impulse control. Your Chosen OWN this mess!,not_harmful,harmful,0.948931
2516,That is because your fictional militia members always keep going off the reservation and murdering innocent people.  You believe that your fictional militia affords members the right to commit domestic terrorism with impunity because Scalia authorized it.,not_harmful,harmful,0.714355
2517,"What is sad or shocking (Wow!) about my comment.

The fact is that we have different opinions as citizens of this country.  What is wrong with that?  At least we're talking to each other and not just being  a forum for pumping up one way of thinking or the other.

  We're healthier when we talk about our differing outlooks...my comment is hardly a drastic one.",not_harmful,not_harmful,0.024141
2518,"Very sad story. We the person have so many options in living our lives. Many of the options are bad and many are good. We ultimately choose the life we live or allow ourselves to wallow in an undefined state where right verses wrong and love does not exist, bringing harm to our relationships.",not_harmful,harmful,0.812854
2519,"Absolutely, but if 'our'? governments and 'our'? banks were as excited about supporting Canadian business trying to roll out an idea in the world economy as they are over foreign capital finding a tax haven here (and no, I don't mean Bombardier as a good example) we might feel they're on our side.  And we should publicly crow over and celebrate our domestic success stories in the face of free access to every multi-national that knocks! G&M how about doing that?  Promote and back the many Canadia",not_harmful,not_harmful,0.030376
2520,"It appears that we won't agree on this subject, but assisted death is not suicide nor murder. The person must be able to take the final dose themselves.  All DiD people ask is that the doctors are allowed to prescribe the final lethal dose. I do feel that the law in many places needs to be changed to give terminally ill people the right to end their lives when they want. Forcing those who can afford the option of assisted death by flying to Switzerland to an end of life clinic such as Dignitas, ",not_harmful,not_harmful,0.284394
2521,"There is nothing new here. Previous Administrations have taken the same stance on softwood lumber and pork/beef products and labelling. Obama also encouraged ""Buy American"" when times were tough......which although, not covered by NAFTA I don't consider was within the Spirit of the agreement. All the more reason for Canada to pursue CETA and TPP. The real issue in all these trade agreements is that they primarily benefit  Corporations and have lead to lower standards of living in the West (via l",not_harmful,harmful,0.708584
2522,OBERDORK YOU SHOLD BE BANNED AS A COMPLETE A--HOLE,not_harmful,harmful,0.945686
2523,"Your approach can certainly work if a policy has enough approval from the electorate, or if most people don't care about it, but not here.  The issue is fundamental, people do care, and the fact is that, if a referendum were held, first-past-the-post would beat the alternatives. A government that tried to force an alternative through without a referendum  would be defeated at the first opportunity, simply on the charge of extreme arrogance. The next government would then repeal the change. Arrog",not_harmful,harmful,0.906945
2524,"Do we forever have to be hewers of wood?
There are No strong leaders to change the status quo.
We no longer have affordable passenger trains across the country.
Would B.C. suffer irreversibly if we no longer gave away our forests?",not_harmful,not_harmful,0.407164
2525,Rosenstein is the acting AG on account that Sessions recused himself from the Russia investigations.  This is why President Trump is so furious with him.,not_harmful,harmful,0.662508
2526,"this analysis is ludicrous.  if you live in Hawaii and you $100 is worth only $85, there is really nothing you can do.  can one go to missisippi and buy food there and ship it to Hawaii?  can someone buy house missmissippi  and ship it to Hawaii.  obviously not.  your $100 in Hawaii buy $100 worth of good and services in Hawaii.   if you want to live in Hawaii, then you grin and bear it.  if not, then go to somewhere else where your dollar goes further.",not_harmful,harmful,0.831790
2527,Haven't you heard? All facts are alternate facts... so all news is then fake news!!,not_harmful,harmful,0.698743
2528,"That says a lot about all the money, food, and support that canadian taxpayers have sent to that part of the world to help those people. The problem has intensified.

Besides, Canada is not a ""Rich"" country. It is broke, deep in debt and the taxpayers are on the meat hook for it all.  History proves that money will not solve the problems over there, but if you must have some, go talk to Gates or Buffet and a few others that have the bulk of it.",not_harmful,harmful,0.901058
2529,The Electorate is composed of Legal Voters.,not_harmful,not_harmful,0.102468
2530,Lizzie: similar to whitewater rafting? You need to get out more. And without your electronica!,not_harmful,harmful,0.890879
2531,"Totally agree, star trek in the park was a blast! So fun, so sad they're no longer doing it.",not_harmful,not_harmful,0.212906
2532,Altering established surgical protocols to accommodate the harvest of fetal tissue is illegal and unethical and that's what PP was doing ... they admitted doing it on video,not_harmful,harmful,0.548769
2533,"And H3 is part of integrated transportation network of freeways and secondary roads.  Also, it supports all types of vehicles from motorcycles to tractor-trailers for a vast array of reasons both commerce and leisure, not just commuters going to work or to shop at a mall no local can afford.  Let me know if your plumber ever comes to your house by Rail to fix your toilet.",not_harmful,not_harmful,0.222687
2534,"Trump's corruption has nothing to do with Clinton, so how about you getting over it, and try basing your comment on the topic, which is the racist, sexist, narcissitic, incompetent Trump, who signs EOs without even knowing what they mean. And you still support him. SAD!",harmful,harmful,0.944593
2535,Praying for his family. Brave Vet.,not_harmful,not_harmful,0.150234
2536,"I pick ""no idea what he is doing""",not_harmful,not_harmful,0.176758
2537,The Church has always had enemies and most of its most serious enemies have often been within it.  This is no different.  Pray!,not_harmful,not_harmful,0.085101
2538,It IS that simple..........Universal space standards for them ........,not_harmful,not_harmful,0.224960
2539,"Would Kyle Bush had a ride in NASCAR if  he behaved like CK? Same fan base, better performer, white. Would he have a ride?",not_harmful,not_harmful,0.493025
2540,"If what you say is true, and I don't dispute it, then it means that the ""cash"" is irrelevant since no one can pay more than the annual max, which is a rather modest amount.",not_harmful,not_harmful,0.060674
2541,"If you go by what the article says, it is being truthful. They all are showing signs of warming and subsiding.

Whether you focus on the top side of the scale or the bottom, they are all affected.",not_harmful,not_harmful,0.082899
2542,"Glad this guy is ""Ex""-intel chief.  Trump may be a difficult boss, but when you lose perspective, time to move on.",not_harmful,harmful,0.525851
2543,"that's what you want too, pretty obvious",not_harmful,not_harmful,0.102272
2544,"My mention of NASA and atmospheric CO2 killed that post, right ?

The Globe is back in it's freedom mode.",not_harmful,not_harmful,0.088105
2545,"Carl, you are a has been. . Also hey ,, morning Joe, what about your ex wife you are stiffing for alimony and four kids. You make 99,000 per week, are you serious, please don't talk values and morals to us.",not_harmful,not_harmful,0.468706
2546,There is no confidence in the Democrats to bring about the change that Americans desire. The Populist movement surging in Europe has found its way to America. People have had enough of Liberal arrogance and globalist madness. A rebuke of Hillary was also a rebuke of Obama.,not_harmful,not_harmful,0.272940
2547,"ok so it didnt come in 100 days, maybe 120, but its going to get done, obama care is toast! about time too! good for your Mr. Trump",not_harmful,harmful,0.601413
2548,Yeah I'm sure Big Oil is just lining up the cheques waiting to put that differential into government coffers...,not_harmful,harmful,0.533486
2549,75% is a low ball percentage. I'll wager for 100%,not_harmful,not_harmful,0.187499
2550,"And then the way you vote gets published, and we have arrived in the place we were warned of.",not_harmful,not_harmful,0.215639
2551,"Actually I've heard your brand of BS before...you like to use westerners lack of studies of the Quran to obfuscate the truth. Anyone interested in what the precious Arabic holy book says should read themselves and not rely on apologist lies about Islam. It is most certainly not a peaceful and tolerant faith but rather an edict of slavery and evil towards ""non believers""",not_harmful,harmful,0.705572
2552,the only facts you've posted to day.,not_harmful,not_harmful,0.030701
2553,"I know.....

What I find especially worriesome are the""broadening"" out of the net to catch and immediately deport folks who are either here legitimately with green cards and permanent  resident status, or fall into the non criminal category and have been here awhile behaving very responsibly.

I worry that these folks will not get legal counsel and will simply be deported without counsel...

I also especially don't like the hiring of 10,000 border police? oR the authorizing of other personnel li",not_harmful,not_harmful,0.179326
2554,You've heard wrong Nana Bat Man.  You should get out of your cave more.,not_harmful,harmful,0.938447
2555,"Doug, what you quote of what Trump says doesn't sound white-supremacist to me; the West does not just consist of white people, so advocating protection of the West is not racist.",not_harmful,not_harmful,0.029982
2556,"It was also the Republicans who helped Johnson get the Civil Rights Act and the Voting Rights Act passed in the 1960's.

We each have different ways to skin a cat.

At least your last sentence isn't as crude as Hobson's. Kudos!",not_harmful,not_harmful,0.254003
2557,"What else are they going to say other than ""Israel has full confidence in our intelligence-sharing relationship with the United States and looks forward to deepening that relationship in the years ahead under President Trump""? 

How about ""The disturbing disclosure of highly sensitive data of ongoing missions regarding ISIS to a known enemy by the POTUS puts our intel personnel at risk and degrades the trust we share"". 

Not my president. Never was, never will be. You can close your mouth now. 
",harmful,harmful,0.879313
2558,Jutin is simply waiting for George Soros to tell him what to do.,not_harmful,harmful,0.800220
2559,"Stuff it to the dim witts
Mr. Trump. Good to see a
real man at the helm. If those
selfie boys  North of us get in
the way, we can take it over
in 24 hrs.",not_harmful,harmful,0.905051
2560,"lynn, you hammering on homelessness, outsider77 on why women are always to blame, me on why phil knight is always to blame and b carfree on why everything but a bike is to blame is a given.  the mob didn't happen because of a homeless man, a poor misunderstood sex offender, phil knight or anything about bikes.",not_harmful,not_harmful,0.442749
2561,"Unfortunately in this ""criminals are the real victims"" nanny state that outside the box thinker would be considered a bigger criminal than the rapist.  The same people commending the joke of a rape sentence would want the max handed down for the justice taker.",not_harmful,harmful,0.872800
2562,"Two members of our family are what I call Trumpphiles.  They, too, know (or think they know) all sorts of things about Trump and USA.  Neither of them pays the slightest bit of attention to Canadian politics at all.",not_harmful,not_harmful,0.213890
2563,"N-o
F-ans
L-eft",not_harmful,not_harmful,0.270410
2564,"""Even more dangerous is the message it sends to everyone when the world’s No. 1 economy is no longer playing by the established rules of the road.""

Isn't it the privilege of #1 to bully others? Sad.",not_harmful,harmful,0.855302
2565,On behalf of global warming advocates everywhere:  BOO!,not_harmful,harmful,0.735291
2566,"The local, Catholic oddsmakers say place your bet on Burbidge from Arlington, VA. A comer in many ways.",not_harmful,not_harmful,0.443402
2567,Which part - specifically - is invented.  Please tell.  (Seriously - so we can understand your viewpoint).,not_harmful,not_harmful,0.050476
2568,"If Kadr hadn't been a Canadian citizen, the entire debate would be moot.  Technicality or not, that's what I was sayin'.

Anyone who takes up arms against their country should, for all intents and purposes, be deemed to have renounced their citizenship.  If this had been in place, he wouldn't have been our problem, post capture.",not_harmful,not_harmful,0.242160
2569,"If you want the prize, you'll have to stay there.  I don't think that you want the prize that badly :-)",not_harmful,not_harmful,0.048307
2570,@Rick Tubania:  You're a funny guy trying to justify your buddy's immoral antics.  I disagree as I do know what I am talking about.  LOL!!!  Tell your buddy to stop saying as the Mayor that he's on the job 24/7 since we all know that isn't physically possible.  What he says doesn't make sense and you trying to justify his unrealistic claims and immoral actions as being okay because the ethics commission said so on two occasions.  The average citizen in Hawaii would agree that he's abusing his va,not_harmful,not_harmful,0.210710
2571,"Pathetic! Alaskans can do better for Alaskan students! We need innovative ways to reach via tele-practice and other new education efforts for our rural and urban state wide learning system.

Crappy, old school district methods need to be closely monitored so that school districts who recruit and accept, crappy teachers aren't protected anymore, and these type teachers are identified as continued problems. Alaskans need to support new, vulnerable teachers who want to do a good job! And the studen",not_harmful,harmful,0.700004
2572,"I can definitely identify -- I just returned from my 95th week visiting Walt Disney World. We began visiting 6 months after opening 45 years ago when I was a boy, and I have visited multiple times each year ever since -- always staying onsite at Disney Resorts. We are now members of Disney Vacation Club and take two to three trips to the Vacation Kingdom each year. I should reach my 100th trip in 2018 or 2019! #96 is coming in July :)",not_harmful,not_harmful,0.082211
2573,"It's also pretty funny to watch the democrats run around in circles, defending the CIA---Comedy is rife for the new Commander in Chief!",not_harmful,harmful,0.697319
2574,If folks want DOC to give released folks a ride home or provide shelter they better be willing to pony up a bunch more money.,not_harmful,harmful,0.808545
2575,"So vot iz zhe problem?.

Isn't that what Canada is for? 

The only issue I have is that the PM is not there to hug them.",not_harmful,not_harmful,0.114102
2576,Ask the Russians.... and perhaps it's because Trump was following the rules of democracy while the DNC was rigging the election for Hillary with the help of media moles... and sabotaging poor old 'socialist' Bernie Sanders in the primary voting.   Now that's not fair and democratic... is it?!!,not_harmful,not_harmful,0.268849
2577,"Yup a bunch of snowflakes the right has become these past years

Never thought I'd see it, but the right is a bigger baby than the left now.  No personal responsibility, everything someone else's fault.  Sad.",not_harmful,harmful,0.932365
2578,"Interestingly, Max Sword was not appointed by the current mayor. He was first appointed in 2011 by Mufi Hanneman. I'm not sure what qualifies Mr. Sword to chair the Police Commission. His bio reads ""Sword is the vice president of industry affairs at Outrigger Enterprises Group, and attended Punahou School and Peru State College in Nebraska."" Personally, I have never even heard of Peru State College. We seem to have a Police Commission comprised of individuals who have absolutely no experience or",not_harmful,harmful,0.751260
2579,"To me, this is an excellent summary of what dear Pope Francis is all about.   Thank you for presenting it.",not_harmful,not_harmful,0.025611
2580,"Hey ADN, when are you going to list all of Bernie or Hillary's campaign backers and all their dirty laundry?",not_harmful,harmful,0.809362
2581,Bingo! And it was done under the Obama Administration.  The illegal surveillance increased dramatically in 2016.  I wonder why. Maybe the election had something to do with it?,not_harmful,not_harmful,0.095630
2582,"No one is worried about President Trump, except the traitors",not_harmful,harmful,0.748195
2583,Thanks Clayton....,not_harmful,not_harmful,0.026776
2584,"While you're writing away the next writer comes along and finds the absence of bear poop, and soon, only Denali Park will show you animals. Happens in just several years.",not_harmful,harmful,0.829186
2585,"Yonela
The secretary general of the political organisation that you work for and the deputy President have both recently praised the media - including some of the titles that you mention - for their sterling work and for buttressing democracy.

The best way to deal with bad news is to shoot the messenger, right?

Care to comment?",not_harmful,not_harmful,0.054299
2586,"You left out one option. Middle class and poor Americans have the option of letting a sick family member suffer or die, or the family can claim bankruptcy, and maybe, just maybe, cure their loved one. 
Yes, great system they have.",not_harmful,not_harmful,0.432390
2587,Wow....the morons in the comment section are out in force on this one.....,harmful,harmful,0.777581
2588,"The article says ""At least 44 people were killed in Egypt in bomb attacks at the cathedral of the Coptic Pope and another church on Palm Sunday, prompting anger and fear among Christians and leading to troop deployments and the declaration of a three-month state of emergency"".

Muslims in Egypt have attacked Christians and their churches before.

And Muslims have attacked Christians and burned their churches in Pakistan.

I don't think the Christians in Egypt and Pakistan are attacking Muslims i",harmful,not_harmful,0.104154
2589,"“…hard to celebrate 150 years of colonialism.”

I'm happy to celebrate 12.000 - 150 years of cave man style existence – just how do we do that? More money, right?",not_harmful,harmful,0.535888
2590,What they are addicted to is money that they can freely take without consequences.,not_harmful,harmful,0.578514
2591,"Nova Scotia is a great place, indeed. Most of them are wonderful people who love Canada and don't hurl stones at their at their western compatriots.",not_harmful,not_harmful,0.038083
2592,Yep the substance of a jelly donut.,not_harmful,harmful,0.831668
2593,"He is wrong, number of tourists isn't important, the amount the tourists spend is. Less tourists who are more affluent provide us with the same economic gain but lessen the impacts on our infrastructure and natural resources. But they won't generate the same profit for an airlines, hence his stance. Frankly hawaii ought to diversify so when another global disaster happens (9/11, tsunamis, etc)  the down tick in travel doesn't cause a total collapse of our economy.",not_harmful,not_harmful,0.470179
2594,"Of course, because colonialism brought us a technology that not even invented until long after colonialism ended.",not_harmful,harmful,0.516630
2595,We always look for Santa's Mobile in Shangri-La.  Love Santa and the Elves!,not_harmful,not_harmful,0.244870
2596,And Tar is a waste product after the bitumen  has been processed. You cannot produce oil from Tar.,not_harmful,not_harmful,0.308602
2597,"I watched the video and there was no doubt in my mind that this ""plainclothes"" policeman was totally out of line.  And since he was not defending himself, he decided to take the law into his own hands, to physically punish these suspects.  He crossed the line and personally he has to pay.  As for the officers who watched...your job was to protect the suspects from abuse even if it was by a fellow officer.   Those who sleep with dogs, get fleas!""",not_harmful,harmful,0.965777
2598,"Because of its proximity to the city center, Lakewood is going to continue to urbanize, especially on the eastern side and along the transit corridors.  Much of the older housing stock is in need of redevelopment.  If that redevelopment is hindered, Lakewood will lose its livability.  One only has to look at the cities in the mid-west to see the result when housing stock ages out and is not replaced.",not_harmful,harmful,0.565028
2599,Cue the anecdotally informed racists that have taken over the GM posting boards.,not_harmful,harmful,0.757522
2600,"Nope, the oldest samples taken from the northermost of the chain are still less than 100 million, actually the oldest are dated at about 80 million.",not_harmful,not_harmful,0.228713
2601,"Nothing - why would there be a problem with that?  Other country is an issue but only because of the other country, not here",not_harmful,not_harmful,0.171567
2602,"Good grief.   Look at the cited studies then.

What do you know of the author the owners or their political leanings?",not_harmful,not_harmful,0.380186
2603,* Unless it involves starting a war. Then it's cool.,not_harmful,not_harmful,0.206162
2604,"Would that be a current value $1.00 or a 1855 one. Let me see what I have in my wallet. Seems like a fair transaction, I approve.",not_harmful,not_harmful,0.025541
2605,There has been no suggestion that you won't be able to screen for it.  Alcohol is legal.  You say you screen for alcohol.  So when weed is legal you will still screen for weed.  There is enough in this world to worry about without inventing problems.,not_harmful,not_harmful,0.054010
2606,I agree. Send them with a one-way ticket; same result but cheaper.,not_harmful,not_harmful,0.136150
2607,Wrong show dummy.,not_harmful,harmful,0.768381
2608,"NO NO NO! don't tell your friend's mother what she told your daughter. She's 18. She has been on social media awhile, like everyone her age. She can choose to do tinder and send pics if she wants. 27 isn't that much older than her. Mind your own business! Once she's in college, she'll have plenty of distractions from this activity. Doing stupid stuff is part of growing up. Confiding to a friend and having that confidence broken - that a darned nasty lesson. This activity doesn't sound dangerous.",harmful,harmful,0.527604
2609,"""Money Inflows"" is mostly a huge myth. When investor A sells $10k bonds to investor B for $10k (who took cash out of a bank account for the purchase)  and puts the resulting $10k cash into stocks by buying stocks from Investor C for $10k who ends up with the $10k cash, not a dime has left the bond market and not a dime has entered the stock market and the same $10k is sitting in a bank account. Investors as a population are powerless to inject new money into stocks or take money out of bonds by ",not_harmful,harmful,0.805470
2610,"If the ocean is actually encroaching on the Quinaults as Fawn Sharp claims, it's probably due to some shoreline process unrelated to climate change since the Washington coast is experiencing fairly flat or negative sea level rise.

https://tidesandcurrents.noaa.gov/sltrends/northpacifictrends.htm",not_harmful,not_harmful,0.257043
2611,"Dan, SB 21 cost us millions and lost us jobs.  '
Alaska should be focused on a minimum 33% return on our natural resources.
And you can call me Mike if you wish.
By the way Dan, when is that great party going to be held?
Great food, Great conversation and Great Beach?",not_harmful,not_harmful,0.063239
2612,Yes.,not_harmful,not_harmful,0.156485
2613,"If the police can't do their jobs without stealing assets from the accused then that's a problem that should be solved in the annual budget, not by allowing them to continue to steal.",not_harmful,not_harmful,0.481124
2614,"How can you say ""we will end up with a much better healthcare plan for all Americans,"" in one post and then say, ""I thinking waiting to see what really comes out of these reforms is much wiser,"" in the next?

I think you are jumping to unfounded conclusions based solely on your political bias, lack of objectivity and your roll as a sycophant and apologist for President Trump.",not_harmful,not_harmful,0.398565
2615,"That was you? Please take a bath or at least use de-odo-rant there bubba before joining the marches for peace and love. With your arms in the air declaring yourself ready to fight, I was glad you weren't driving. See you next time!",not_harmful,harmful,0.924673
2616,And you know that for a fact?,not_harmful,not_harmful,0.134564
2617,"They probably shouldn't be spending money on offices like this, especially in this environment. However, why is the state spending so much money on small schools? Actually any schools. Shouldn't that be a local issue? Let each community fund their own schools.",not_harmful,not_harmful,0.066651
2618,"Sorry guys,  but all this rhetoric is going nowhere.  This is serious crisis time for South Africans.  The guns are being loaded,  and the menace is looming closer.  Unless,  all opposition parties take serious, action against this bunch of thugs,  ie  charge them with treason against our state,  and get international focus on them as well, put them right in the limelight,  we are buggered.",not_harmful,harmful,0.866075
2619,You as well should have stepped forward to debate Jordan Peterson on the science this legislation is based on. Back before that debate became illegal. Not one bit of that is compelling enough for our government to be forming legislation on and that they have is wildly irresponsible. Legislated conclusions to a scientific field of study is such a fundamentally flawed methodology as to be laughable. It deserves to be rejected on principle alone.,not_harmful,harmful,0.939388
2620,"Officially, what is the basis of Seventh-day Adventist theology?  I am a convert.  No one ever beat me about the head with EGW.  I'm sympathetic for your injuries.

The good woman wrote herself, twelve times, ""the bible and the bible alone"" is the rule of faith.  It is a wonderful shield to deflect such blows as you have suffered.

BTW, I am not a lunatic - but you knew that.",not_harmful,not_harmful,0.145905
2621,"The problem is that the GOP leadership is stubbornly trying to appease a portion of its base that SHOULD NOT BE APPEASED on OBAMACARE (corporate America), and even more stubbornly trying to do it by completely excluding any Democratic input.  

They're so opposed to DEMOCRATIC input, the last 2 significant ""repeal"" vehicles in the Senate were not even shared (in either substance or form) with members of their own party!!! - ""who got the power?  I DO!""

McCain, Paul, etc. CANNOT come up with an a",not_harmful,harmful,0.822383
2622,"That's a flat out lie. THe federal government pays the costs of the expansion at a 90% level, minimum, forever.",not_harmful,harmful,0.900289
2623,From the content of your response I believe you may need further education.  An actual adult counterpoint  to my original comment would be refreshing.,not_harmful,not_harmful,0.286243
2624,"In Tampa the average single family home sells for 3-5 times median family income and will get rental yield around 6%. For the same price as a bachelor unit here you can get a 2500 sq ft freehold house on a 50' lot 1 mile from the beach that will rent for 3K monthly w. no condo fees. And speaking of taxes No LLTT, TLTT, HST or foreign buyer tax. Lower corporate tax rate coming also.",not_harmful,not_harmful,0.179431
2625,"If you have no credit card debt you are obviously not a really ""good"" American.  How do you expect our economy to continue to function if you don't join most folks and spend more than you make?  Tell you what......If Sessions resigns or is fired before august 15, I WILL buy your lunch at Steelhead...It will be worth it to see the last of Jeff.  Gary crum",not_harmful,harmful,0.899205
2626,"I think you make an important point, David. The wording of the guidelines stems from the same old discredited world of clericalism. Once that world is finally sidelined, the platform for change will have been set.

The emergence of a more compassionate theology and more pastoral Bishops and Cardinals will challenge the ludicrous attitude to celibacy, women, gay people and the divorced and separated. I think Francis is playing the long game and I hope enough of us support him to set the framework",not_harmful,not_harmful,0.053771
2627,"Just wait until you find out that in cold weather, an average of 25% of the battery charge is used to heat the cabin. Tricked you.",not_harmful,harmful,0.732584
2628,"Because it's a transfer of wealth from one person to another, AS WE ALWAYS TAX. I thought I already said that. How can I say it in a way you'll finally understand? 

""Why should my hard earned money be taxed after I pay my workers?"" 

""Why should the dealership pay taxes on the already taxed money I earned when I bought my car?""

Damn, son. Maybe in your world nobody would have to pay taxes as long as relatives were always involved.",harmful,harmful,0.871965
2629,"Are you willing to fund roads even though you don't own a car or ride a bus? How about funding old folks' care even though you're not old? How about paying for education even though you're old? The list goes on. Of course one should pay for services one doesn't need: it's called citizenship. If we only paid for what we need, we'd have a fee-based system. Before you accessed the road outside your home, you'd pay a massive sum every month. Sounds great, eh?",not_harmful,not_harmful,0.368342
2630,why did the govt abandon autistic children? cuz it cost too much money to treat them and then they have no $$$$ for their 'buy' election strategy - thanx downtown lets abandon more people so u guys can be well paid at the expense of health and wellbeing,not_harmful,harmful,0.848231
2631,"Obama got the Nobel Prize before he did anything with the Iranians, but Fox News won't tell you that. 

As for taxes, they were much higher in the USA in the 1950s, 1960s and 1970s. So if they are being taxed out of existence now, they must have never existed in the previous decades, right?",not_harmful,not_harmful,0.421406
2632,well?...what did you expect with donald at the helm.....,not_harmful,not_harmful,0.136486
2633,"Its alright that they made the money, but the rest of us won't be allowed. BS!",not_harmful,harmful,0.914264
2634,"I think the fear is genuine, although we will have to wait to see if it is justified. The Canadian Bar Association submitted their position to the Senate:

http://www.cba.org/CMSPages/GetFile.aspx?guid=be34d5a4-8850-40a0-beea-432eeb762d7f

On page 4, after much discussion of how the bill will not restrict speech,  it says:

"" In federally regulated workplaces, services, accommodation, and other areas covered by the CHRA, [Bill C-16] will constrain unwanted, persistent behaviour (physical or verb",not_harmful,not_harmful,0.272521
2635,""" People are always crying about money.""

I spend more on Netflix per month at 9.99 than I do on bottled water and I buy it frequently.",not_harmful,not_harmful,0.120937
2636,"More tips emailed from a reader: 

""For feet, I buy my winter hiking and ski boots about a size too large so I can use three sock layers — first a thin polypropylene inner sock, medium sock and then a heavier sock. I find the Keen boot brand offers more toe space. For ski boots: after getting the most insulated ski boots I can find, I often use an overboot (available at AMH). And if it’s REALLY cold, I’ll insert the toe chemical warmers too. 

I have a friend who is really athletic and can leave",not_harmful,harmful,0.583530
2637,"Radical right wing terrorism.

Driving vehicles into masses of people?  Clear terrorist act.",not_harmful,harmful,0.700888
2638,"Unfortunately, these types of studies from the society must be viewed with a highly skeptical eye, due to a previous ""study"" regarding children and firearms violence.

That report was so flawed, misleading and politically motivated it damaged the reputation of this body.",not_harmful,not_harmful,0.451278
2639,can we say TRIGGERED?,not_harmful,not_harmful,0.229935
2640,"It's still all about you, isn't it?",not_harmful,not_harmful,0.073194
2641,"Trump To Do List:
  1. Eliminate""Deep State""
  2. Stop Chemtrails
  3. Close FEMA Concentration Camps in abandon WalMart
  4. Expose 3 million illegal voters
  5. Give back all firearms confiscated by Obama.
  6. Prove Obama a foreign born muslim
  7. Lock her up
  8. Provide best Healthcare (this will be easy)",not_harmful,not_harmful,0.433078
2642,"Banks are doing well but I remember an old bit of information that says bank's do very well when things are going bad.  On that, I am thinking the future is pretty bleak with Liberals borrow, tax and waste strategy in motion.",not_harmful,harmful,0.707212
2643,"The word ""shameful"" is inadequate and the new commenting system won't allow me to spew the inactive that would appropriately convey my contempt for our leadersip's actions in authorizing, perpetrating, and refusing to prosecute torture.",not_harmful,harmful,0.578516
2644,"Holy cow is this story intended to be political and divisive. $1MM today is the equivalent of $400,000 25 years ago, assuming A 4% rate. Picking a number that is arbitrary and not inflation adjusted is just poor analysis and reporting.",not_harmful,harmful,0.722931
2645,"wow that is false, it is those private sector firms that create every dam penny of those tax dollars the governments use, created by profit taxes or wage taxes. what we need is a government that has fiscal responsibility and less intrusiveness in our lives allowing people to spend more in the economy (income tax cuts) that will allow firms to make more and grow.  How about the Ontario government stop blowing billions on vote scams and an over sized public sector that has doubled our debt and kee",not_harmful,harmful,0.503000
2646,Baldwin was not the one being goofy.,harmful,harmful,0.550895
2647,"That ""Mr. Green"" tends to be rather unpredictable, alright.  He also tends to be rather, fickle when it comes to testimony.  I'd be very careful with that one.  I'd put more faith in the ""hail Mary.""",not_harmful,not_harmful,0.184136
2648,`Illegal.' All helpful SJWs should look up the meaning of the word..,not_harmful,harmful,0.595609
2649,"_""The emphasis on higher-density housing has reduced the supply of development-ready land for single-family houses, especially entry-level homes, said Bill Conerly, a Lake Oswego-based economist who studies Oregon business trends.""_

_“Just having the mix so heavily weighted toward multifamily, and very little single-family, means rents don’t appreciate as much for apartments, but prices for single-family dwellings do,” Conerly said._ ...

_""The biggest loser in this market may be entry-level bu",harmful,not_harmful,0.340644
2650,"No, they are pragmatic.",not_harmful,not_harmful,0.186341
2651,"Re: > ""Cliven Bundy’s lawyer’s insistence that the federal government has no jurisdiction in Clark County.""
Dumbed Down so called ""Americans"" do not really know what the ""so called"" Civil war was REALLY FOUGHT OVER! The ""FEDERAL aka, UNION, aka FOR A ONE RULING ENTITY CALLED THE ""Federal Union"" Troops WON THE WAR! SINCE THEN, the term STATE is only a FRONT! There are REALLY NOT ANY STATES AS MOST PEOPLE BELIEVE! WHAT ARE THEY? THESE ONCE UPON A TIME STATES ARE NOW, CLOSELY SUPERVISED OF THE ""FED",not_harmful,harmful,0.842336
2652,If governments really believed in climate change they would be building huge fleets of water bombers rather then introducing and raising carbon taxes.,not_harmful,harmful,0.710672
2653,"I must disagree allie. If Trump were not sincere, why would he run for President? He has a good life, and incredibly successful family, on and on. Does he really need the comments of CNN reporters and the like. Maybe he's outnumbered, but he's making the press look like fools. Trump's temporary ban is designed to protect you. For the AG to oppose it is strictly politically based.",not_harmful,harmful,0.769563
2654,"You don't know?
You're going to act like you don't know why this pardon is different.
The pardon and why it's different is the topic of several days worth of national debate and you're going to pretend you can't decipher what has been discussed?
It must be hard for you to be so very misinformed and unaware,
…bumbling from misconception to misapprehension.
Sucks to be you, eh?",harmful,harmful,0.935477
2655,"Positive thoughts to both families.  Even if their kids were going down the wrong path, it doesn't make it any less heartbreaking for their parents.",not_harmful,not_harmful,0.089363
2656,Not really after the booze and smoke people tend to fell tired more quickly and slipping over the wheel.,not_harmful,harmful,0.617864
2657,"I took in ""Creation Museum"" about ten years ago.  It was open on Sunday. They were hawking hundreds of DVDs in their gift shop with ""teaching"" on why evolution doesn't really exist. Seeing some of those Neanderthals who were running in the Republican presidential primary, I'd almost concede them that. After strolling past exhibits with animatronic dinosaurs, all saddled up and ready for riding by ""Adam and Eve,"" and checking out that pair in a ""pool"" (Eve's tresses covered where one might expect",not_harmful,harmful,0.867072
2658,"I don't question a political agenda, but I do think the headline in the print version is sensationalizing. For example, it says ""Oregon teachers' pay tops other in region"" but the sub heading is ""insurance and benefits surpass some districts in Washington and Idaho, a study finds.""
Instead the headline could be ""Oregon teachers' insurance and benefits trail others in region."" This is what the first paragraph states when it says compensation is higher than SOME districts. That means it is also lo",not_harmful,not_harmful,0.105660
2659,"Eastman was Miller's campaign manager..

Birds of a feather.",not_harmful,not_harmful,0.216430
2660,"Richard we're going to set the traps right in front of your front door that should stop you!
U R A LOSER!",harmful,harmful,0.935533
2661,When will The Gand M start doing articles on cars Cdns are interested in and can afford.?,not_harmful,not_harmful,0.087581
2662,"Mr.  Beaudoin is doing a great job for the shareholders, after all that's who he works for. He hustled us over and over  again and made dividend paying profit for the shareholders. He also realizes that the appetite for bailouts is getting a little thin, so time for a gesture . Imagine how he would fair if we stopped bailing him and his mob out, not so well, I suspect. the shareholders would have his head on a stick.. Bankers, Auto Industry, and on and on it goes....the road goes on for ever and",not_harmful,harmful,0.781405
2663,Us hard working taxpayers continue to get raped financially by this liberal government!!! Sorry folks but every single person in this country has some form of injustice done to them - now does that mean that every injustice needs to be financially compensated?? I think the government might as well hand over $10 million cash to everybody to solve all the problems since they seem to think handouts solve the problems. This is really getting stupid!!!,harmful,harmful,0.754390
2664,"Real simple, the registered owner of the vehicle receives the ticket...if they wish to contest it by stating that they weren't driving the vehicle, then they must provide who was driving their vehicle...then that person receives the violation.  As I recall, we already have this type of system for drivers who drive past school buses with their STOP arms extended for crossing students.  Their are heftier penalties when the driver can be identified, but when the SB driver is trying to do many thing",not_harmful,not_harmful,0.182378
2665,"World of difference between acknowledging that something is possible and how probable it is given the known circumstances.

In theory it is possible that gold could go to $5,000 / oz in a year..  I wouldn't recommend that readers jump on board with that theory.  Which is on par with claiming a 10% annualized return while only investing 30% of your money.",not_harmful,not_harmful,0.335452
2666,"Ford is on the bandwagon too?
Wondering how long it'll be before they have to go grovelling to Trump for a hand-out",not_harmful,harmful,0.666092
2667,Rockstar original IMO is the best tasting energy drink out there but they have many flavours to choose from. Rockstar also works well as an aphrodisiac and after consuming only one can you're ready to roll for several hours. Not sure why these would be marketed to children though. You can also get energy shots in a small one gulp container quick and fast to consume. Imagine if someone consumed several of those small shots all at once? Toxic.,not_harmful,harmful,0.868135
2668,"Unfortunately, human civilization will cease to exist upon the face of planet Earth in the next 75-200 years (if even) unless we  zealously tackle the anthropogenic global climate change issue while we still have some hope of doing it without hubristic flailing (e.g.: geoengineering) that will only make things worse and pose a profound affront to God's natural world and its inhabitants: life.",not_harmful,harmful,0.670739
2669,"cash for access...prostitution
Potatoe...potato",not_harmful,harmful,0.783629
2670,"Let me explain it to you, like a your a two year old, Governor. Cap the oil company profits at $2 a barrel; Alaska keeps the rest. No tax credits. Problem solved!                                                                                                      $40bbl * 550,000bbl per day* 365 days a year= just over $8bln",not_harmful,harmful,0.701892
2671,When I went to the site listed it showed an average electricity price for the US for 2016 of 13.5 cents/kWh.  The data is from the US Department of Labor. Ontario Hydro shows a blended average for Ontario of 11 cents/kWh reflecting time of use usage. If you do not have a Smart Meter the average price is 10.3 cents/kWh for the first 1000 kWh. If you do have a Smart meter the cost varies from 8.7 to 18 cents/kWh. According to the Ontario Energy Board the average household uses 2/3 of their electri,not_harmful,not_harmful,0.179217
2672,"How does that follow? If you are on kauai all the other islands (including Oahu) are outer versus your perspective. So clearly the term refers to all islands besides oahu, and the word outer implies Oahu is central. So the rules of journalism currently say that is an improper term to use. Maybe take a journalism class someday?",not_harmful,harmful,0.527076
2673,"Playing quarterback isn't all about mental acuity, but that is probably one of the key ingredients given how little time you have to read a defense and ascertain whether a receiver is going to be open, etc.  For the curious, here are the  Wonderlic scores of the quarterbacks taken in the 2016 draft (note that a higher score is better, with 50 being a perfect score):
40	Carson Wentz
38	Kevin Hogan
34	Jared Goff
32	Josh Woodrum
29	Jeff Driskell
28	Nate Sudfeld
25	Connor Cook
25	Dak Prescott
25	Car",not_harmful,not_harmful,0.268286
2674,"If trump had a decent lawyer, and he actually listened to him, he'd be done with twitter. His lies upon lies upon lies will eventually only support several charges against him, including obstruction of justice.",not_harmful,harmful,0.853125
2675,"There will always be income inequality. Should a fast food worker make the same as a brain surgeon?
Income inequality is NOT a bad thing. It gives incentive to people to improve themselves.",not_harmful,not_harmful,0.085038
2676,"Actually, Mike, we all ponder the paths we choose. Mine brought about my ""nom de plume"". It is rock dust. Not Chalk Dust. It refers to the plume of dust that defines me and my demise. I require no recognition for anything. I hope your posts here bring you all the self recognition you require. As for the conundrum, is my experience and the propagation thereof a benefit to anyone or a demise to anything? You are the clever one here... What are you willing to sign your name to? Or does that need to",not_harmful,not_harmful,0.338094
2677,""" Mr. Trudeau should stand up to Mr. Trump on progressive values and the international order – the global system of rules and norms, such as the United Nations and NATO – ""
------------------------------
There's an obscuring of the line between neo-liberal and neo-conservative, between progressive, liberal, and conservative values.
   I don't think Mr. Trudeau is  progressive as the media give him credit for, He talks the progressive talk but doesn't walk the walk,
  Second, I don't think NATO a",not_harmful,harmful,0.514835
2678,"Absolutely. Why would we sell off a Canadian resource and tear up the Alberta landscape for proletariate level jobs while the profits are sent to China, or in the case of ill begotten capital, a tax haven.

Canada's oil and gas, it's agricultural lands, it's fresh water, it's timber, it's hydroelectric, are what guarantee Canada's future for a thousand years. Selling it off fast at firesale prices instead of carefully managing these heritage resources has the potential to leave Canada as a margi",not_harmful,harmful,0.782008
2679,"It is time Rolo starts looking for some experienced assistant coaches.  Game after game, they are being outcoached.  The assistants he has now do not have a clue on how to adjust, especially on the defensive side of the ball.  They are making QB, Running Backs, and Receivers look all world.  It is throw and catch for opposing teams QB's and Receivers, no resistance at all.  Right now it is a disgrace for the team to even do the Ha'a, or Haka, it is truly a joke, they are just making themselves l",harmful,harmful,0.940972
2680,"I may one day read it.  If people want to argue about Judas, it is a valid part of the argument.",not_harmful,not_harmful,0.083122
2681,Time for a harvest of this timber,not_harmful,harmful,0.602510
2682,"If the networks are going to practice racism, Americans won't watch. They will learn.",not_harmful,harmful,0.642844
2683,They'll just paint swastikas or peace signs on them. I prefer the later.,not_harmful,not_harmful,0.253480
2684,"This whole question of illegal immigration is ugly, on all fronts.  Those who support illegal immigration, amnesties, and the like, are also choosing to ignore American laws, under what I can only assume to be the logic of a greater good.  Those who want to push all of the illegal immigrants out and make them get back in line seem to be choosing to ignore compassion, economics and other aspects of all of this, believing that without an effective rule of law, we're in long term trouble.

BOTH par",not_harmful,not_harmful,0.056068
2685,"This may be more savage than most are today, but it is the way of Global Corporations and the Globalism promoted by free trade automatons. The Borg have arrived and we call them global corporations. The people are regarded as mere drones that are individually irrelevant. Resistance is futile. We are being assimilated in a corporate grindhouse. Countries are increasingly irrelevant, politicians, irrelevant. Efficency is all",not_harmful,harmful,0.801710
2686,"Followed by the next democrat DOJ doing the same to their political opponents.  We've managed 230 years without doing so, we can manage not to do so now.",not_harmful,not_harmful,0.188927
2687,"such an emotional topic.  I can only hope this man's punishment is fully, in every way,  equal to the crime.",not_harmful,not_harmful,0.325629
2688,Stop crying kirks little troll! Trying to use this it won't work? Because actually mitsunaga has nothing to gain but it's clear he is fighting for what right .. his article about rail is accurate and a big concern.. I can see it their is 100 devolpers behind djou but when it's just one it's a principal he is fighting for !! Good job Dennis .. also don't forget how much he donated to Democratic Party helping fellow democrates where was Caldwell?,not_harmful,not_harmful,0.206330
2689,"Excellent analysis from a guy who has been there. From a Canada point of view, though, must the current governing party's cabinet seem so unrelentingly sycophantic? I get the distinct impression that without the current PM [who I most assuredly do not either like or respect] and who should be simply a first among [presumably] equals they would, to a person, be all at sea. The cult of personality we currently exist under is not serving us well.",not_harmful,not_harmful,0.487802
2690,"If the media wasn't so quick to fabricate  stories about Trump & his family and concentrate on unbiased  reporting, including the increase in jobs and the decrease in illegal immigration in the last few months,  the public might have more respect for them. It has become abundantly clear to most people that the major media outlets would rather engage in witch hunts  and and manufactured stories than perform their expected jobs ... good and truthful reporting. The recent Veritas videos exposing CN",not_harmful,harmful,0.869946
2691,"This has nothing to do with protecting the land and everything to do with punishing those who failed to vote for either Barack Obama or HRC. The exact same kind of ""protection"" is being seen in Wyoming, Utah, Nevada, Montana and the Dakotas. Barack Obama is the most vicious, retributive POTUS in American history.",not_harmful,harmful,0.945431
2692,"Excellent article ! 
 I have often wondered how this young man was doing.
 Had he finally received the help he needed, anger management, mental health counseling group counseling and empathy for others?  Did he get the help for learning how FASD affects impulses, educational learning, and memory ?  How to work/live with this disability?  Does he honor his victims ?  
Does he do anything, even a little thing, that brings some type of goodness or beauty to the world?
 I hope he does so to honor hi",not_harmful,not_harmful,0.136737
2693,"Canadian job creation is at its worst since 2009, new survey suggests. But Trudeau just spent $30 billion. We'll have to wait for an Abacus poll to inform us of the good times.",not_harmful,not_harmful,0.329898
2694,"Yes the world gone mad! I expect that one day saying hi to someone will be a hate crime because you didn't address them in their mother tongue, oops, I mean parent of a specific gender identity tongue! Liberalism is destroying civilization and removing common sense.",not_harmful,harmful,0.874782
2695,"Thanks for this article about Parker Harris for Senate.  I was impressed that he walked the district and collected signatures to get into the race.  I have dug into his background: an engineer, a teacher, and an entrepreneur who started an interesting side business in Seattle that directly benefited his neighbors.  I love the idea of an INDEPENDENT non-politician in Olympia helping the parties reach compromise that gets the state moving again.  I encourage everyone to check out his campaign at p",not_harmful,not_harmful,0.058821
2696,Does Scheer have a former PM as his father?,not_harmful,harmful,0.603738
2697,"OOPS.  'Scuse me, Dame Ursa!

(Dame--female version of 'knight')
(Ursa--'bear')",not_harmful,not_harmful,0.469410
2698,"I was surprised at the age group of 30 somethings that support trump.  this is kind of the first generation growing up immersed in these mean spirited to say the least, video games. these games -  killing, killing, killing...being rewarded for mean behavior.  is it no wonder that trump and all his vileness appeals to them? they see his style of pushing through at any cost as winning and powerful.  they see his way as being the way that has been the winning strategy -  this is a problem.... I don",not_harmful,not_harmful,0.164961
2699,"I'd like to know, since the article didn't say, if officer Payne has made any attempt whatsoever to apologize to both the Nurse and the rest of the hospital staff. When a poorly trained and supervised police officer with a bad attitude becomes a loose canon, their crimes are often much worse than what they're trying to prevent, as this case seems to be. Respect the police for their role in society but let them know on no uncertain terms that they are not to abuse their authority in any form what",not_harmful,not_harmful,0.171871
2700,"I drove by during my Father's Day weekend trip back home.  I wonder how graduation will work.  Back then in the mid 80s , we were told, once walking over the Oval, to walk to your tree that had the letter of your last name tied to the tree",not_harmful,harmful,0.515961
2701,"Alaska Has a Two-Fold Problem, but primarily a spending problem.

Alaska has approximately 10% of the population of WA state.

WA state, with no income tax and a sales tax spends approximately $5,598 per person. Alaska with no income tax and no statewide sales tax spends approximately $18,196 per person.

Multiply Washington States $5,598 spending per person x 3.25 and you arrive at AK spending per person of $18,196. Granted it is more expensive to live and do business in AK than WA but is it th",not_harmful,not_harmful,0.146267
2702,"Your comment only displays your own ignorance.  Of course you have to make fun of Mr. Cole's view: it doesn't pander to your guy.  Poor Melania, married to a spoiled child.",harmful,harmful,0.964031
2703,"Most of the financial advisers at firms that I invest with are increasingly consistent in predicting that the likely prospects for the US economy over the next 3-5 years are a slow, flat growth of about 1.5 - 2.5% and real interest rates unlikely to exceed 1%.  The PERS investments would have to be extraordinary to average the predicted returns of 7.75% over the same time period.  It has become increasingly apparent over the last few years that the Oregon Supreme Court in unlikely to back any le",not_harmful,not_harmful,0.236600
2704,"Fairness? How would you feel to be labeled a tax cheat? The USA has always been a higher paid jurisdiction for doctors. If your government labeled you a cheat, fails to recognize your contributions, and changed tax laws to cut your retirement income in half, would you consider relocating to the USA? I definitely would...",not_harmful,not_harmful,0.092318
2705,"I thought that was a weird post for you, Snarky.",not_harmful,not_harmful,0.464640
2706,"Of course you did......

It is interesting that you have a problem with a REAL Republican, and that you favor the current president who was a Democrat until he discovered birtherism in his 60s, is likely still pro-choice, and was a donor to the Clintons and Chuck Schumer as recently as 2011.

Tell me.....what is Flake's stance on the 2nd Amendment?",not_harmful,not_harmful,0.125311
2707,"Yep, but truthfully, I don't mind being in the database.  I don't plan on breaking the law.",not_harmful,not_harmful,0.025315
2708,"Being a tail end boomer I am elated at the timing of ""driver-less cars"". I'm still a long way from getting retested but I'd be happy just sit back and let robo  ""Jeves""  drive me around.
Beats a millennial chauffer. No wages, no texting and no days off.",not_harmful,harmful,0.794789
2709,""".....since apparently, black lives don't matter to you"". 
I personally am far more concerned about the lives of the innocent black lives that are being lost with gang shootings, in cities like Chicago, than I am regarding the police shootings of individual such Micheal Brown. However the BLM is far less concerned about those innocent lives. Let's see an innocent school girl shoot in her front yard while playing or a thug who just strong armed some innocent store owner, which one concerns be mor",harmful,not_harmful,0.181007
2710,"The Jags game came to my mind as well. Everybody has good days and bad days, that's why the Giants were 0-5 so just pick up and focus on the next road trip.",not_harmful,not_harmful,0.039564
2711,Yeah...we'd have SJWs of all shapes and sizes bopping around the planet...yea the universe in time traveling Bricklins correcting all sorts of social injustices perceived or otherwise. Too bad you missed the fun.,not_harmful,harmful,0.756723
2712,"What about Yemen? It's ok for Trudeau's neo-liberal holier-than-thou Canada to sell weapons to the Saudis who are now bombing and intentionally starving half the population of Yemen? They've been called out on it so many times you'd think the press would wake up, but of course can't because they don't want to...peace is just plain bad for business, and worrying about ethics and morals is just so passe. Your outrage is selective...the timing on this gas strike is suspicious in the extreme conside",not_harmful,not_harmful,0.083734
2713,"And you're some bigwig firearms expert. Did I get the terminology correct at least? I mean, you're the expert here.",not_harmful,not_harmful,0.078445
2714,"I would like the globe reporters to do some work on this and find out who is telling these people the route, find out how much they have  paid and to whom. These people are criminals as we have a process already in place for applications, so they can be stopped at the boarder or picked up and put on a plane for return to their home country. I prefer the boarder stop as that will be the least costly. Once our cops and boarder control start to do their job this will stop. If the cops and boarder c",not_harmful,harmful,0.547832
2715,"Exactly correct. The People will have to go directly to Trump to get anything done. These criminals will just obstruct any investigation. Don't trust any ""investigation"" done locally or by any organization that has local ties.",not_harmful,not_harmful,0.355427
2716,"Your dark glasses are shading reality for you!  Considering I was a teacher, I thinnk I would know!  And, research conclusions can come out in whatever way the researcher wants generally.",not_harmful,not_harmful,0.172402
2717,as a former catholic  of 12 years in catholic schools. the church is nothing more than a money machine! when my mother died from breast cancer in 1985  her one wish was to have her last mass in the church my parents helped every weekend for 6 years to build and because she moved to be closer to the hospital they refused to do it unless we paid them 1000 dollars! i left the church for the hypocrites they were! this bishop is no different! catholics are leaving the church more and more every year ,not_harmful,harmful,0.730524
2718,"You should do a ride-along with APD to see how busy they are. Do you know how pointless (and time consuming) it is to give a citation to a panhandler who will never pay a fine or appear in court? Not to mention, only when money is changing hands (panhandler accepting money or person giving panhandler money) can a citation be issued. Just standing on the corner, even with a sign, isn't breaking the law.",not_harmful,not_harmful,0.141093
2719,"CRA auditors reassess additional taxes and penalties, they do not collect anything.  CRA's collections unit then tries to collect the reassessed amounts.  CRA likes to publicize the former.  It would be more useful for the media to concentrate on what is ultimately collected.  I'm guessing a lot of this money is uncollectible and ultimately written off.",not_harmful,harmful,0.550611
2720,"Prayer is 'never' a waste of time if it makes you feel good for doing it.  Those who get together in prayer gatherings have the benefit of group therapy and  self satisfaction of good will.  The waste of time is the expectation for an outcome.  There is none.  It is like picking up the phone and speaking with no one on the other end.  So what then is the ""unbelievable"" the expectation of an answer or that some of us have realized that it has never happened.",not_harmful,not_harmful,0.170498
2721,"How many children Non Aryan etc; have YOU adopted? Instead of ""March for Life"" trashing San Francisco,  WHY don't they March to the churches, foster care centers, etc; that are helping Born children? Oh! I guess those pesky Gays get in your way, eh?",harmful,harmful,0.749376
2722,"Those teachers who apply and earn their NBCT are not the ones who are likely to leave the profession, they are committed teachers.  Paying them more bonuses will not likely have an effect on whether or not they will stay.  
The DOE must first attract and then support new teachers.   Higher starting pay to draw the bright to teaching,  a pay scale that rewards teachers to stay in the profession, and support for those beginning teachers in the form of mentoring and/or cohort support groups would g",not_harmful,not_harmful,0.075257
2723,Good letter; well-stated opposition to Ms. Mansfield's attempt to explain away Trump's lies.,not_harmful,not_harmful,0.061943
2724,"Lisa, both the Caldwell campaign and publisher Francis tell me that the ""Dennis Francis"" listed on the ad is a different Dennis Francis.",not_harmful,not_harmful,0.135757
2725,"The problem with your argument is that the system doesn't have the resources to provide ""10,000 hours to master a skill"" for every skill that may or may not prove useful to every kid in school. The role of primary education is to provide foundational skills, not career development.",not_harmful,not_harmful,0.144265
2726,alabama,not_harmful,not_harmful,0.463587
2727,I guess their current type of reporting - just making sh!t up - isn't working well eough.,not_harmful,not_harmful,0.260093
2728,"The headline reads .. . .Will Kathleen Wynne’s last-ditch . . . should make voters thing our best chance to ditch Kathleen Wynne is fast approaching!
She is using our tax dollars to ""negotiate"" well ahead of time with the teachers across the province.  To buy peace to help increase her odds of re election!  Wouldn't it be wonderful to negotiate with someone when you know they don't care about how much it will cost them, just that they will have peace for two more years!  Only winning the US Powe",not_harmful,harmful,0.951892
2729,Sounds like the interview I saw of little Omar's sister talking about her vile contempt for everything Canadian.,not_harmful,harmful,0.859588
2730,And it's literally proven a LIE you can find it in all sorts of even mainstream new sources.  HAHAHAHA Where are all the climate warriors now?   Realize they played you. stop trusting government.,not_harmful,harmful,0.807484
2731,"Thanks for an interesting article, Chad. The last line is telling: ""...because the Army has so many training areas and owns so much land on Oahu and a lot of the land is precious endemic native forest.” I'm not sure that the land would be better managed by someone else (it depends who...what if it fell into the hands of luxury home/condo developers?) and it's true that we live in a dangerous world (and neighborhood), but it seems that Oahu is a highly militarized island and that large swathes of",not_harmful,not_harmful,0.065658
2732,"this is a good example of why by the 17th century, science in the West had come to accept the concept of negative numbers....it needed a conceptual way of explaining how some people could exist in a state by which if they improved, they would still have no decency.",not_harmful,not_harmful,0.302686
2733,"Actually I can tell you exactly what I was doing last week Tuesday or any other work day going back several years. You know why? Because I use Outlook calendar to track all my appointments and I take notes. In my line of work, I have been called to testify in court many times and I always review my notes regarding whatever the case is about before going in. Are you going to tell me that the Attorney General is incapable of keeping track of his meetings and what was discussed in them?! Sessions h",not_harmful,harmful,0.730548
2734,Minimum compensation for an overbooked passenger should be accommodation and meals until a new seat is available plus at least 100% of the ticket value (full price) in cash paid immediately.,not_harmful,not_harmful,0.227547
2735,"Long term illness or terminal disease is the reason for the increase in suicides among seniors.  That is usually a conscious, well-reasoned decision, not a result of mental illness or a rash decision during the depths of depression.",not_harmful,not_harmful,0.167093
2736,"Texting is not just a ""teen"" problem. There are millions of employees who seek to do work while behind the wheel. Fleet vehicles/company cars are on the road more than teen drivers. They ""multi-task"" becoming very distracted.  
The State wants to increase fees and fines, but there is a tech way to stop these distraction. There are apps to block you using your phone when you drive. AT&T DriveMode is one example and it is FREE!  
One area that is rarely discussed is that each state has hundreds of",not_harmful,not_harmful,0.064921
2737,"""Support a solution to Alaska's fiscal crisis that includes cuts, restructures the Permanent Fund and require new taxes if necessary.""

That is what Governor Walker proposed two years ago.
The Republican dominated legislature, refused to act.
Hopefully, this year will be different.",not_harmful,not_harmful,0.166961
2738,coming to your town....ooopss...it is already there for a few years...but we are still in denial....,not_harmful,not_harmful,0.330434
2739,"Well, only in the pretend world of the NHL, where they insist concussions don't cause CTE in the exact same way that smoking cigarettes does not necessarily lead to lung cancer, a win in 3-on-3 OT is worth the same as a win in regulation, and a loss in extra time--hocus pocus--is in reality a tie, would you have the 6th and 7th seeds playing each other in the 1st round.

This is necessitated since it is written in the stars that the 2nd and 3rd seeds must also play each other 1st round.

So, no ",not_harmful,harmful,0.833676
2740,How about we mandate everyone wear a helmet? How about a mandate to retrofit cars with side curtain air bags? How about mandating life jackets for everyone who enters the water or even close to it?,not_harmful,not_harmful,0.230720
2741,I fervently hope and pray that the Democratic party listens to you and takes your advice.,not_harmful,not_harmful,0.064585
2742,Release non violent drug user . Addiction is not a crime. Perhaps more rehab facilities would help.,not_harmful,not_harmful,0.191610
2743,"Americans need to forget all thoughts of a normal White House, with a professional staff.  Trump is hiring low life Trump sycophants who drop the f-bomb repeatedly in on-the-record interviews.  Nothing is beneath them.

Trump has turned the White House into the same garbage dump that he has lived in his entire life.",harmful,harmful,0.965832
2744,"Ridiculous. Medicaid is filling the void left by what the for profit market system was supposed to do but never did. Why didn't the open market just do what it was supposed to do prior to Obamacare and provide affordable premiums, quality care, and better outcomes than those of single payer systems? If we want to go back to those dark days, we can but don't expect persons on Medicaid now, covered in any reasonable fashion. To be sure you're going to pay for it one way or another.",not_harmful,harmful,0.822608
2745,"The top 30 players would have to be in the lottery redistribution every year, due to fairness goals. 

I usually can't stand entertaining unrealistic proposals, but I like tossing out this useless hot potato, because it will enrage those who hate re-distribution schemes, and amuse those who enjoy absurdity for its own sake.",not_harmful,harmful,0.761435
2746,"Wrong again. 

Enjoy some accurate reporting: 
http://www.breitbart.com/video/2017/02/22/brzezinski-controlling-what-people-think-is-our-job/
The clip is out in other places as well...she said it as presented.  She DID NOT correct/clarify.  

Is that smoke emanating from your ears?
https://youtu.be/wlMegqgGORY

Remember:  There's no ""H"" in Winning.",not_harmful,not_harmful,0.063298
2747,"If students are ""chronically absent"", let us get positively proactive about changing ""chronically absent"" to enthusiastically present. We agree that people come in all forms and ideologies. Can we also agree that collectively, we need our oceans, shores, and waterways? How many of our ""chronically absent"" children are game for hands-on, emotionally-driven projects...mixing with the real world.

This week is an excellent opportunity to change the course for many Alaskans...especially our children",not_harmful,not_harmful,0.371917
2748,"I find it really odd that some companies still try to pretend they have the upper hand when the economy is doing well. I have no idea why they behave like this. I suspect that because the industry overall is driven for whatever reason toward younger people - and try to drive out older workers - that they have almost no memory. Certainly no concept that the people they are dealing with tend to be incredibly intelligent, and tend to network with others, and will tell people to steer clear of certa",harmful,harmful,0.809601
2749,""" If John XXIII hadn't reacted in time with Vatican II, the tidal wave of change in the World would have destroyed the Church.""

Not sure how we'd know that's true.... as it seems every demographic (lay and religious) has steadily declined in numbers since V2.",not_harmful,not_harmful,0.358258
2750,Agreed. The GET is a killer. Multiple taxes by the state on the same goods as it goes from producer to wholeseller to store to buyer. Auwe!,not_harmful,harmful,0.798683
2751,This area is only going to get hotter. Not just because of its proximity to Seattle but also because of climate change. Doesn't do any good to be in denial. City leaders should plan accordingly and look to provide housing for all income brackets.,not_harmful,not_harmful,0.113597
2752,"As Donald himself said, ""Nobody knew that health care could be so complicated.""

So take your time, get it right.  Don't rush it for political reasons.  And keep the promise that ""nobody  will lose coverage.""  Can you do that?",not_harmful,not_harmful,0.017211
2753,"where was all this fact checking when a'ama was in office? sa is leftist fake news!
auwe",not_harmful,harmful,0.876291
2754,"Exactly, he admitted it to the family, not as a plea bargain. No need to speculate about guilt or innocence or if the victim is swayed by big dollars.",not_harmful,not_harmful,0.150186
2755,"""Paying a tax to help kids go to college""
We already pay taxes to help kids go to college.  The question is; how much is enough.
Businesses have to be profitable to stay in business and stay profitable.  To employ people, and to pay taxes.  I promise you business owners love to pay taxes if it means profits, but not just for the sake of more taxes.
Just my thoughts...",not_harmful,not_harmful,0.048860
2756,"The first four paragraphs of this editorial is about the effect/non-effect on Clinton-Trump election or ""hacking of Democratic Party emails may have influenced the election""

Show me the 'cyber attack on the US'  language or reference in the editorial.",not_harmful,not_harmful,0.067446
2757,"Yeah let's see. Rail is three times the original cost with no end in site. Would surprise no one if rail raises to $15 billion from $3.7 billion. Rail is what, seven years behind schedule? Time and money both going up. So if I'm an investor, I'm going to give my cash to a project led by the most lying cheating scamming mayor since MoreFees Handemovermann? I don't think so. No, that's not going to happen. The SA has a board that will personally profit from rail going to Kakaako and Hughes. That's",not_harmful,harmful,0.780003
2758,"Whoever hacked and leaked the emails the primary issue remains what was in them, and they revealed a corrupt Democratic Party even plotting against its own... that's what did the damage.",not_harmful,not_harmful,0.304168
2759,"I blame climate change and will be stocking up on bottled water and toilet paper from Costco to protect me from this ""strike"".",not_harmful,harmful,0.695765
2760,Excellent reporting Nick.,not_harmful,not_harmful,0.073859
2761,"Speaking of special interest groups, maybe we should cut your Public Employees Retirement System pension, first.",not_harmful,harmful,0.706465
2762,"Let's see . . . There are roughly 4 million children born in the Union every year which would populate the target demographic mentioned in the article, children under 4 years of age, at approximately 16 million.  Out of those 16 million children, approximately 50 have injured or killed thems loves or others with an unsecured, loaded firearm.  Why, that's the very definition of a national epidemic, less than 1/1000th of 1%, isn't it?

Is every such instance a personal tragedy?  Absolutely, withou",harmful,harmful,0.852735
2763,"I was doing the Canadian thing and being polite.

Trudeau had nothing to do with Trump's decision to open Keystone, but he is trying to claim credit. Hence, he misspoke.

Had Trudeau been a good negotiator, he would have had his bro Obama give his ok to Keystone.",not_harmful,harmful,0.845514
2764,"Notice that the Israeli policy does not ban people by country or by religion. It works like Obama's order which bans terrorists no matter where they come from and not just from the 6 countries. Obama's order did look at travel to possible sites of terrorist training camps-- so a Canadian could be banned if he or she travelled to sites of terrorist training camps. Vetting under the Obama policy took years and involved very tight criteria. Trump can do the same or make his criteria tighter, he jus",not_harmful,harmful,0.539041
2765,By all accounts both Ivanka and her spouse are reasonably intelligent people who should understand that they are completely unqualified for the positions that her father has given them in the White House.  The fact that they still accept these positions when they are so unqualified speaks volumes about their characters.,not_harmful,harmful,0.840651
2766,how has he been a horrible gov?,not_harmful,harmful,0.651359
2767,"If Jackson was around when the Civil War broke out (15 years after his death or so), I am sure he would have supported the South.

He was from Tennessee.

He was a slave owner.

So when Trump says that the Civil War wouldn't have happened if Jackson was President, he may be right.  

Jackson would not have even thought of fighting the South over slavery (and note for Mr. Trump, that was what the Civil War was about.)",not_harmful,not_harmful,0.112717
2768,You're right.  Few can pass the rigorous test for true believers.,not_harmful,not_harmful,0.174399
2769,"SMH. 

You really are coming across like either a troll, a five-year-old or the aforementioned Trump supporter. 

I want to respect you. I really do. I suspect that you are an abuse survivor and, if that is the case, then you have my  sincerest and deepest sympathy for the horror you have been through. I  think courage like yours should be honored, but that said I can't respect attacks without proof.  You don't do SNAP any favors with them.  

If the lawsuit is found out to be without merit then",not_harmful,not_harmful,0.431566
2770,"This series, especially this article, has been informative and timely. The oceans are our kuleana and we need good information to have valid discussions and provide political will to preserve the role they play in our global ecosystem. This is a very big and complex subject and you have provided a good foundational understanding of some of the key issues, making us all better stewards.
Mahalo.",not_harmful,not_harmful,0.026500
2771,"Standing is not part of the personal conduct policy. There is a difference between expectations, rules, and laws. You can expect whatever YOU want. But the majority of people dont care what your expectations are. Nor should they. Build your own business and then you can make the rules for your employees. Until then you can expect NFL team owners to implement the rules you see fit till the cows come home. But dont hold your breath, it's still their decision.",not_harmful,not_harmful,0.294144
2772,"You dare compare less than a year of legislation efforts, with Obama's eight years of executive orders? Seems you are working for the Dotard label...",not_harmful,harmful,0.882162
2773,"If the DAPL protesters were as prepared the militarized police could have used their equipment as a pretext for live bullets.

But then the Bundy imbeciles were given leeway to ""exercise their freedom"".

It is beginning to appear that right wingers can get away with more while the Occupy and DAPL protesters get the full treatment, gas, fire hose, and sound cannons.",not_harmful,harmful,0.873300
2774,"Why would you shoot a guy in the hip? The authorities call it attempted murder and if this true the shooter was a really bad shot, a fact for which the victim should be very grateful. Got to wonder why the brothers thought he needed shooting and why the victim thought he needed a video surveillance system better than some banks have. 
Hmmmm. Guess that's what trials provide. A few answers.",not_harmful,not_harmful,0.135757
2775,"It is so repugnant.

Corrupt politicians working to protect their votes and re-election.

Not exactly a nation building process. 

But then, what else would you expect from a former snowboard instructor.",not_harmful,not_harmful,0.420560
2776,Lock him up for 30 years..........,not_harmful,not_harmful,0.296270
2777,On the other hand the reasons people were marching could be so obvious that you're oblivious to them.  Even after the author lists them specifically.,not_harmful,not_harmful,0.059486
2778,"""Until Lower Mainlanders develop a better understanding about the REST of this province, I don't see attitudes or politics changing.""
So the less populous Interior doesn't have to figure out a better understanding of the lower mainland and the Island? maybe they should try. Because that's where their kids  are moving.",not_harmful,harmful,0.809276
2779,"""This article ignores the 15.3% payroll tax that is split into two halves, each supposedly paid by the employer and employee.""
You get a benefit for those taxes,  Income taxes fund the general costs of running the federal government: Defense, welfare, education, etc..  In fact, income taxes subsidize about half of Medicare's cost! So, don't whine about those taxes; you get a benefit!

I hate to break this to you, but your math is off. You say 54% of all personal income isn't subject to Payroll t",not_harmful,harmful,0.608086
2780,"""The political culture in Oregon is honorable,"" Hales claimed in the April discussion. ""What's on the books since 2005 hasn't made a difference.""

Then the reforms won't be a problem for these ""honorable"" people.",not_harmful,not_harmful,0.375867
2781,"Sure. I guess Trump forced this fool to act like a criminal. He looks like a homeless guy that needs a job. If it was my kid, regardless of political position, I would give him a crack upside his head. I guess I'm just a big old square.",harmful,harmful,0.971461
2782,"I sincerely hope justice is done.  As Bernard Law's case makes clear, when it comes to bishops, it rarely is done.",not_harmful,not_harmful,0.325795
2783,That is certainly true.   There are many places in our country that are not safe.  I am simply noting that Alaska is one of those places.,not_harmful,not_harmful,0.022249
2784,Green Jeans is just like the rest of his crowd.  Thinks recycling cans and composting in his little garden makes him an expert in all things but has no real clue. Talks a big game but don't take his fashionable suv or starbucks away,not_harmful,harmful,0.854910
2785,"Precisely!  Why the necessity of giving one title of an archbishop, especially when it is a bureaucratic role?  Even bishop is unnecessary.  It is a functionary job.
Nothing new about Francis here.  For clerics, titles are the titillation absent children and grandchildren.
Now they get to go on a buying frenzy for the latest accoutrements.",not_harmful,harmful,0.845833
2786,"The Sheriff doesn't have legal standing to request an injunction given that no potential damage can occur to his office due to the release. He's just following the law. A public official can't file an injunction to request that they be allowed to violate the law.

Only someone whose name is going to be released has the potential to be harmed (assuming their name, address, phone, etc were used inappropriately) and therefore they are the only ones with standing with the court to request an injunct",not_harmful,not_harmful,0.079926
2787,"you nut job liberals only want public sector hacks to be interview it seams, well lib no thanks try refuting the facts they posted if you can ! of course you can not so being empty of such the liberal trolling bs of insult is the norm proving again how pathetic liberal are",harmful,harmful,0.952366
2788,It use to be the $500.00 club but it has gone up lately.  In my defense though I only go about every three months.  I'm the one with 6-8 cans of coffee in their carts along with all the other goodies.,not_harmful,not_harmful,0.416859
2789,negligent homicide...oops - did i do that? all the pleas deals...saves so much money for the court system...sends such the wrong message.  what's a few months  in jail... when even that is gonna be hacked in half?,not_harmful,harmful,0.761893
2790,"Aloha Katebat,
I appreciate your comment but I respectfully disagree.  In fact I believe you have it exactly the opposite way around.  The principal reason many commenters remain anonymous is so that they can safely get away with trolling and otherwise behaving in ways that are uncivil, without fear of repercussion.  It is obvious to me that when people comment in their own name, rather than hiding behind some screen name, they tend to behave with greater respect towards others.  Let me clear: I",not_harmful,not_harmful,0.139737
2791,Is there a gentle way to tell family members it’s REALLY time to toss those Trump 2016 Basket of Deplorables t-shirts in the trash?   It’s starting to get embarrassing — especially in those family photos that are going to be handled down from generation to generation...,not_harmful,not_harmful,0.248508
2792,I dont think you can impeach obumma since he has slipped out the back door.,not_harmful,harmful,0.615705
2793,How many publicity and press guys did Harper go through?,not_harmful,not_harmful,0.130040
2794,"You're entitled to your opinion, so are social conservatives. It's a democracy.",not_harmful,not_harmful,0.043621
2795,"Canada foreign policies are clearly back on the road to being a nation with compassion and empathy.
Supporting these folks as they run from the American policies of punishment and harsh treatment is something that the entire world appreciates, and it will not be soon forgotten.",not_harmful,not_harmful,0.040905
2796,....or the sewage plant?,not_harmful,harmful,0.578357
2797,"Respect for law and order should be a given in a civilized society. Those who would choose to disregard laws and proper behavior, and get involved in things that result them being at odds with the enforcers that we put on the street, should not be automatically be given a free pass just because a small percentage of cops are 'bad'.  While not disagreeing that there is a small percentage of 'bad apples' in LE, the vast majority are out there, every day, doing what they are supposed to do, and exa",not_harmful,not_harmful,0.335765
2798,"""Both are good investments in the future that pay for themselves""

Prove it or accept that you are lying.",not_harmful,harmful,0.742311
2799,"no one should hold responsible for grandfather wrongdoing, unless you are doing the same. Current regime in Ukraine is openly Nazi regime ( Polish parliament condemned it) and any support from Canada to Ukraine will be like repeating mistakes with Jewish refuges all over again.",not_harmful,harmful,0.800594
2800,The Cranky Old Men who don't think this newsworthy just don't get it. This is the way our Justice system is supposed to work. People have the right to seek redress of grievances. Everyone has the opportunity to be heard in courts of law. Celebrate it. Don't make snarky comments.,not_harmful,not_harmful,0.038947
2801,"You are missing the big picture: 

With car connectivity the future can hold the following,

COLLISION AVOIDANCE - could reduce fatalities and injuries by 30% worldwide (this alone is worth it)
ROAD HAZARD WARNINGS - If the infrastructure can communicate with oncoming vehicles, it can warn of road works or a reduced speed area. 
SENSOR FUSION, AUTOMATION  -Further steps in the benefits of connectivity can be achieved via sensor fusion, with on-board active safety devices, sensors and map data.
K",not_harmful,not_harmful,0.187035
2802,The greenbelt is one of the few (very few) policies McGuinty got right.   To lose it would be a disaster for all future generations.,not_harmful,harmful,0.626097
2803,"The left, the right, the up, the down, the cons, the libtards, all love to hate.",not_harmful,harmful,0.789656
2804,"While this certainly is a tragedy for Floridians, to be honest reflects poorly on US media particularly cable news and their obsession with US only.   Like the whole world revolves around Irma.  They show nothing else, you get the impression watching that Earth has just been attacked by UFO's in the biggest story of all-time.  No mention of 100,000 Bangladeshi's that died in a mudslide recently, for example.",not_harmful,harmful,0.591059
2805,Your description of how its made is seriously wrong...,not_harmful,not_harmful,0.087913
2806,How about doing the same for Medicare?,not_harmful,not_harmful,0.096577
2807,You wouldn't know a fact if it was up in you.,not_harmful,harmful,0.599263
2808,Don't count out the Natives Get Out And Vote campaign.  Native corporation leaders met behind closed doors with Murkowski during her write-in campaign.  She told them she couldn't win the write-in campaign without them.  Now she's looking down the  barrel of the $1 million write-in campaign support.  I hope the Native clout sticks it to her really good.,not_harmful,harmful,0.922337
2809,"Yes I'm also wondering at the longer term job situation in Alberta.
The cost of living is certainly less there, when compared to Toronto and Vancouver.  But there must be a lot of unemployed oil workers, not all of them commute every two weeks to/from AB.
  On the positive side I would expect some companies are shifting their work to AB, as Vancouver and Toronto have become unaffordable for many.",not_harmful,not_harmful,0.116736
2810,"It is a ridiculous stretch for the newsman to refer to the ""Today"" show as an ""NBC News Property"".

The ""Today"" show is not a news show. It is an entertainment fluff piece where the hosts talk in sentences appealing to twelve year olds about inane and infantile subjects like embarrassing recollections from junior high or first dates or some recent singing of a famous nineteen year old pop star or their ability to stand on one foot while balancing a teddy bear on their forehead.

When the goal of",not_harmful,harmful,0.758750
2811,He did neither.  They all need to take responsibility for themselves.  Or is that no longer the 'conservative' way?,not_harmful,not_harmful,0.078720
2812,"Funny how rape and sexual assault are the only things in the world in which it is always assumed the victim is lying.  I doubt you and your friends go around posting on stories - about a man getting robbed for example that ""we have so little information."" Or in the case of your little friend there, making a passive aggressive statement as to his disdain for women by putting ""perp"" and ""vic"" in quotation marks.  Of course in society we also don't go out of our way to blame the male robbery victim",harmful,not_harmful,0.416808
2813,"Caldwell is like a addicted gambler right now, he is looking everywhere and and will try anything to get the money he wants for the rail. He doesn't care who he hurts in the process. Like I wrote over a year ago, enough is enough Hawaii should just take the lost and stop the rail, that was back when he said it was going to cost $5.5 billion. The children and adults of Hawaii will pay a fortune and lifetime for this huge white elephant. Impeach Caldwell, you can do it people of Oahu, Hawaii.",not_harmful,harmful,0.913670
2814,ALL tragedies are terrible.,not_harmful,not_harmful,0.238880
2815,"My job is automation. I automate jobs so they require as little human effort as possible.
That I spend a lot of time waiting for automated processes I designed to complete is a testament to how good I am at my job.

Every minute a job is running without me having to touch it is about  60 manhours reduced from our next project timelines. I guess they think that's a worthwhile investment.",not_harmful,not_harmful,0.121484
2816,"Foreign money coming in to domestic sellers has huge economic benefits.  Post-Boomer generations don't want resource extraction, this is their way of attracting new money to Canada, and they overwhelmingly vote for Trudeau because he agrees.",not_harmful,not_harmful,0.091928
2817,"With a request like this, turn up the heat on the investigation don't turn it off. If Mr. Sherman is virtuous, he should welcome the investigation which can establish that he is as pure as the driven snow.",not_harmful,harmful,0.902929
2818,"Breakfast with a self-inflating PR clown. What's second prize, dinner and a movie?",not_harmful,harmful,0.793871
2819,There is absolutely nothing about violence against women and children.  No mention of the untested rape kits.  Alaska rates first in the nation.  This platform shows why Alaska is a predator friendly state.,harmful,harmful,0.751186
2820,"How many billions of dollars are exchanged between Israel and the United States in military transactions alone?   Israel is a money maker for United States industry and for most of the last 70 years, Israel's policy stands were 'half a world away from America'.  But Israel policies has contribute to the support of funding international terrorism, that has brought violence onto American shores.

I'm not anti-Israel by any means, but their current leadership has put any hopes of a negotiated settl",not_harmful,not_harmful,0.406839
2821,Not true but fact is liberals are more conservative than today's republicans. They do not like deficits and do not believe that deficits don't matter.  It is just a crying shame that Republicans are no longer conservative.,not_harmful,harmful,0.913436
2822,"His age is an advantage...more mature, has a kid, muscles are stronger, more ready to compete with the ""men""...the guy is a passionate player, rough and tumble grinder in the run game, will keep getting better in pas protect, even though he's already pretty solid...and his heart is huge...Watson too will be good, amazing run blocker, will step up in the pass game no doubt...I like the look of both lines in Denver this year.",not_harmful,not_harmful,0.058158
2823,"LGBTQ snowflakes don't know how to compromise.  Just want things their way as if they're in the majority and the rest of us don't exist. Though I'm not gay (and I'm certainly not homophobic), I try my best to support and sympathize with the LGBTQ cause. But when I see selfishness like this, it's difficult not to think ""Just put on your big girl panties and  suck it up, buttercup!"" (But, oh, that's just too politically-incorrect to even think that...no less state it on a public message board)",harmful,harmful,0.615527
2824,"Kyle Stromgren, Oh, so it's only your own personal opinion, unsupported by anything, that Trump's travel bans are legal.  You're entitled to that, but nobody else has to believe it.",not_harmful,not_harmful,0.044130
2825,"Yeah, hard times can happen to us all. But these people are not homeless because they're helpless. People I know, including myself. who find ourselves in financial hardship so bad that we are losing our homes FIGHT HARD to get ourselves back on our feet. These people do not. They are content to slosh along in an alcohol-induced daze. But check them out in the summer time, they're having a great time.  Party all summer. Instead of working to get themselves straightened up.",not_harmful,harmful,0.554427
2826,"Where were the profane comments, even altered for public taste? The New York Times had the full comments.",not_harmful,not_harmful,0.071705
2827,"Word play isn't your strong suit, is it?",not_harmful,not_harmful,0.209150
2828,Ask Puerto Rico if have any car in the inland?,not_harmful,not_harmful,0.153047
2829,"the first comment of your post is simple don't rent trucks to Muslims.
gun violence is more complicated.",harmful,not_harmful,0.187860
2830,"I wonder why they don't progress to members of council and members  of legislature ?
Any suggestions Ambrose ?",not_harmful,not_harmful,0.071798
2831,Now that it is 2017 do we still have to have a cabinet of 50/50 proportionality or can we just put competent people in the positions regardless of sex or ethnicity?,not_harmful,not_harmful,0.280172
2832,"Just doing their job, these guys dont get paid enough, probably was good target practice, nice work boys!",not_harmful,not_harmful,0.211342
2833,"The fundamentalists were using gay marriage to spread fear. The world was going to end if Adam and Steve married, bought a house together and lived their lives.  I just looke out the window.  The sky is still up there.

Saying that terrible things would happen if gay people got married was a great money raiser. Since Obergefell that is a settled issue and nobody is going to contribute to a lost cause. and that meant that they needed a new, and even more vulnerable and voiceless target such as tr",not_harmful,harmful,0.833549
2834,The truth comes out.,not_harmful,not_harmful,0.185402
2835,"A march will not shut down the economy . even if it did , then what ? Even my more radical thoughts would/could cripple a few remaining ANC municipalities , again, even if that spread and worked would it create a regime change ? It might. Just cut off a few fingers of the hands that feed them . Lets be honest, the ANC will be around for some time to come . yet if the MPs get heat from their voters ? Am not talking about burning schools/libraries or tyres .
   Once you start a snowball rolling do",not_harmful,harmful,0.832141
2836,LotL has made it clear in the body of his posts that one's neighbor is irrelevant.,not_harmful,not_harmful,0.440930
2837,Why did they ask/pay this piece of human garbage to perform.  He is a racist pig who needs to go back to Mexico and practice his hate there.,harmful,harmful,0.955538
2838,Typical of politicians: over promise and under deliver.,not_harmful,harmful,0.705646
2839,"Because businessmen, lawyers, cops and judges also get DUIIs.",not_harmful,harmful,0.630029
2840,I still say put the Orangutan in charge.  It is the most intelligent specimen on the property…and most reliable.,not_harmful,not_harmful,0.253013
2841,Two-tier justice to protect a politician; outrageous!,not_harmful,harmful,0.689483
2842,"Yep.  As signatures are being collected, the mayor is desperately trying to undermine the ballot intuitive with her hand-picked ""review committee"" of city rubber-stampers.
She, nor the city, are interested in trust, transparency, and accountability regarless of her rhedric.  The city is no different then the university administrators.",not_harmful,harmful,0.632128
2843,"I was simply responding to the word ""pagan"" and JFK seemed to fit most of the adjectives for that. Moron? No.",harmful,harmful,0.877962
2844,"Follow police orders like, ""Stop! Or I'll Shoot!"" Or, ""Get Out of that Wrecked car! Or I'll Shoot!!"" Or.........

""Don't drive into the ditch! Or I'll Shoot!""",not_harmful,not_harmful,0.138689
2845,"In fact most Americans do care. Unlike you, most Americans prefer transparency in their elected officials.",not_harmful,not_harmful,0.060440
2846,"Rick: 

I never have US divs in our TFSAs.  I now remember reading that if one does, there's a withholding hit.  Thanks very much for  ending my puzzlement.  Roy",not_harmful,not_harmful,0.058440
2847,"Taking that statisticle liberty, Anderson putting up numbers not unlike Cary price right now. Not saying Anderson is better, or the leafs D are better, just saying what I said.",not_harmful,not_harmful,0.071624
2848,"Electoral reform was not foremost in ANYBODY'S mind and the Conservatives positively dreaded the idea! You are right that we had to get rid of Harper and the Conservatives, however, and even though I'm a Liberal, I would have voted NDP if I thought the local candidate had a chance and if Mulcair hadn't made a mockery of its campaign by promising to balance the budget without raising taxes even as he introduced at least one major new social program.",not_harmful,not_harmful,0.119744
2849,"""Wrong!"" hehe he....",not_harmful,not_harmful,0.063935
2850,"I had the experience of my dental treatment by Dr. Syeda Bakhtawar 
It was so smooth and so efficient that when it was over I couldn't discern that it was over",not_harmful,not_harmful,0.193591
2851,"Good recommendation on having warmer clothing: when we went, many folks were very unpleasantly chilled and constantly commented upon it!",not_harmful,not_harmful,0.472743
2852,"When the big boy USA does not respect UN, who will respect then? USA goes to war against any country without the UN authorization on its own will among with its own allies...UN is quiet. And everybody is emboldened. Last year china refused to accept UN south china tribinual judgement....Remove the veto power of big guys....Take the fair policy.....Everybody must respect UN. Bring the resolution that all the non democratic countries must become democratic one day...Every country must reduce their",not_harmful,not_harmful,0.181309
2853,"Yes, as the Donald says, it's a hoax invented by the Chinese, right?",not_harmful,harmful,0.693366
2854,very sad,not_harmful,not_harmful,0.362621
2855,"You are correct...in North Korea, Iran and pre WWII Germany. And maybe some other places none of us would want to live. But rant on, we'll all lift a pint to ya...down there at the end of the bar.",not_harmful,harmful,0.807889
2856,"The death of a citizen because of the police should be viewed, as it is in most of Europe, as a failure on the part of the police.",not_harmful,not_harmful,0.328509
2857,"Ivo is actually aiming at a soft target (assertions that Harvey was directly caused by global warming) as a dog-whistle argument against established climate science.  
Anyway, the last IPCC report has become somewhat outdated.  More recent statistical analysis on the probability of the magnitude and frequency of extreme weather events is showing provides overwhelming evidence that the global climate is changing.",not_harmful,not_harmful,0.239318
2858,Once can deplore the excesses of Third Wave feminism without pining for a return to Mad Men values.,not_harmful,not_harmful,0.156578
2859,You are right about him being a hero. Too often we hear of heroes on a football field but rarely true heroes in real life.,not_harmful,not_harmful,0.317404
2860,Better yet.......no save 'em.........,not_harmful,not_harmful,0.162154
2861,It also provides commentary and interpretation which has a very liberal bias. Here is a blatant example of them trying to twist their writing to fit their narrative : http://www.snopes.com/politics/obama/saywhat.asp,not_harmful,harmful,0.557058
2862,"PDN, how long are you people going to milk this story? How about taking the garbage off here and putting REAL news on here. 70% of the stories have been on here for weeks. I pay and I want real news. No good stories on President Trump so get with it! How many criminal illegals have been picked up out here??? What are you little lefties afraid of???????????",harmful,harmful,0.626616
2863,Well said!,not_harmful,not_harmful,0.108634
2864,"Thanks Vic,  
These intensive management practices are a stain on our great state.  Unethical, and evil .The  So called managers and board of game members who promote these deeds are 
Unethical and soul less individuals. 
 There is a reason these practices were outlawed many years ago.",not_harmful,harmful,0.522948
2865,"#1.  Your ""company"" doesn't have the legal authority to ""build"" a ship...especially one designed to fail and sink.
#2.  Your ""company's"" ability to ""build"" ships, since it IS illegal, needs to be repealed.
#3. Since providing everyone with ""ships"" is illegal an not within your designated authority or power, your best bet is to use Article I, Section 8 Clause 3 of your ""bylaws"" to ""regulate"" the commerce ""among the separate states""  to allow the legal ""ship builders"" (ie: the private sector) to r",not_harmful,not_harmful,0.108263
2866,"This seems like a good idea. When my niece graduated, she was one of six valedictorians with perfect grades in the highest ranked classes. (Six short speeches? Ugh.) A friend of hers wasn't despite all A's because he took one course he was interested in rather than a higher weighted course. At that point, it gets kind of ridiculous.  Good for the school district.",not_harmful,not_harmful,0.324874
2867,"That was also a 70's prediction respectfully MIKE HYDE. Today we have volcanoes erupting high into the atmosphere, underwater fissures in the earth's crust releasing volumes of heat, much more is effecting the earth than man, who in many ways is but a small part of the equation. Go back in the eons before the industrial age, look at the earth's devastating events that took place, then look at the great regeneration that always occurs afterward. Science and causation of the earth's changes are su",not_harmful,harmful,0.606981
2868,"I appreciate you and Motley providing this information. I'm still getting fully up to speed on PERS history. But I do have one question: if the changes you mention have been effective in reducing the most generous pension payouts, while is PERS in crisis today? I do know that the recent reduction of the assumed rate of return on PERS investments had a big impact on what the taxpayers had to make up. And of course, the assumed rate of return is still way too high, so more pain to come for the tax",not_harmful,not_harmful,0.161380
2869,"Or, in the case of Clinton, a centrist.",not_harmful,not_harmful,0.139220
2870,"Why do we need a bill for that? Start leading by example: cut the State Capitol building's A/C to 76 degrees (still very comfortable, and way cooler than our school classrooms), get our legislatures (and their staff) to use public transportation, car-pool more (how many times have you seen a state and C&C vehicle cruising around with only one the one person in the car/truck/van?), get the C&C to do maintenance on their trash trucks (belching black smoke every time they accelerate- top-end overha",not_harmful,not_harmful,0.219808
2871,"Trudope hasn't a clue what is good for Canadians--he and the rest of Liberals do not know or don't care that Canadians are struggling to make ends meet (we are taxed to death at every level of government in this third world country)

Politicians and government workers have their Gold Plated, indexed pensions and they think to Hell with the rest of us!!!!",not_harmful,harmful,0.915164
2872,"All these leaks,but not one about the hundreds of meetings between the White House and the IRS under Obama,and the MSM wound,t even discuss  the goings on of Debbie Wasserman Schultz,s IT  expert attempted getaway.",not_harmful,harmful,0.720115
2873,"No, it shouldn't be debated. Let's debate how a man gets zero blame or shame for impregnating a woman and rarely pays even a fraction of the upkeep for his offspring if he doesn't want to, and how his vasectomy is covered, as is his penis hardening medication and contraptions, but for women, not so much.",harmful,harmful,0.575796
2874,"[ Integrity means that you pay your debts.]

Does this apply to President Trump too?",not_harmful,not_harmful,0.111561
2875,"With Hurricane Irma is hitting near Miami early September 9th as a Cat 5 or maybe a Cat 4 if the people of the state are lucky. The whole state of Florida is in big trouble and things can get real bad very fast, maybe it is time to move to Alaska! Maybe not I just heard about the 8.1 Earthquake in Mexico and that reminded me of Alaska's many Earthquakes!! No place is completely safe so we will have to hunker down and ride this massive Hurricane out!",not_harmful,harmful,0.507094
2876,"Mr. Roskell, clearly an intelligent an learned man, is nevertheless forcing the bounds of magnanimity to the absolute limits. This focus on the ultimate unproveability of God not existing is really just an excuse for him to show off his ""positive"" approach and rhetorical cleverness. He initiated several different threads on this topic to entice conversation so he could show off his skills. 

The op ed itself offers a nice view of enjoying xmas as an atheist, but that word in a headline always de",not_harmful,harmful,0.526743
2877,"Wow, the level of detail included in this article is astounding. Great journalism Post.",not_harmful,not_harmful,0.038366
2878,Well said.,not_harmful,not_harmful,0.074557
2879,Of course all of that is BS.  No facts.  No charges.  In spite of the press going full out to bring about a bloodless coup...NOTHING!,not_harmful,harmful,0.825534
2880,Does this mean the leader of our country should be let go too?  The Tr(Ch)ump has said worse about women and has been accused of assault.,not_harmful,harmful,0.701203
2881,"Maybe you didn’t understand...agricultural and domestic workers, mostly black, were EXCLUDED for Social Security...so of course they didn’t pay the taxes because they COULDN’T.
I’m giving you the benefit of the doubt by suggesting you didn’t understand, and so made one of the most stupid comments I’ve ever read here.",harmful,harmful,0.589777
2882,"O.k., How about someone with an Oregon high school diploma?",not_harmful,not_harmful,0.040339
2883,"The Church found the ""proof text"" convincing, which is good enough for me.

No, the both Lutherans and Anglicans do not accept the same seven sacraments as Roman Catholics.

Depending on which synod or sect we're speaking of within those movements, they may accept two, or more, some with quite different definitions than Catholics.

It is fair to say that among Lutherans and Anglicans one can find enumerations of up to seven sacraments, and that some of their members have beliefs about them nearl",not_harmful,not_harmful,0.065786
2884,"AQUARIUS (Jan. 21 - Feb. 19):

Give your imagination permission to roam and don’t reject an idea just because others tell you it is too outrageous to ever come true. Today’s sun-Mars link means you have the power to make things happen. Anything is possible if you want it enough.
...........................................................................................................

Justin's Daily Horoscope ...... (born December 25th, 1971) .... and Trump could have been his father ...lol",not_harmful,not_harmful,0.162865
2885,"Hmmm . . . a full-time Lane County Farmers Market building would really succeed adding Lane County Pot Farmers to their roster. Veggies, Wine and Pot, it's 'all natural'. hehe",not_harmful,not_harmful,0.423505
2886,"True. But there are legitimate refugees, whose refugee status has been confirmed by the laws of the land -- and there are illegitimate ""refugees"" who do not deserve a welcome in Canada.
Sneaking across the border at a place where there clearly is no border crossing is not a great start to establishing legitimacy. Or even earning a welcome.",not_harmful,not_harmful,0.212368
2887,Good news.,not_harmful,not_harmful,0.109015
2888,"I think that, in most cases, US commentary does depend on which socialist country is being discussed.  We have no problem with the UK's or most other EU countries' socialism, but the more dictatorial (China, Cuba) are definitely seen in the Leonine light.  
I'll stipulate to the four categories you provide, for the sake of argument (though I reserve the right to later disagree) and reply that the US foreign policy always seems to favor democracy over dictatorship and capitalism over socialism, a",not_harmful,not_harmful,0.212636
2889,The similarity to Tebow is pretty funny. I've always liked Tebow and the enthusiasm he had but knew he wasn't going to ever change into a modern NFL QB. I think the last game he played for the Eagles put the nail in the coffin for him and me too. Tebow was really playing well that day. Making all the throws and was on target. I though man all that schooling he was having was finally start to pay off. But once the defense changed a few things that was all it took. He dropped to pass and started t,not_harmful,harmful,0.820657
2890,"""He is one of those who will not accept any position that is contrary to his. Scary.""

Admitting an error is hard, humiliating work that's bad for one's self-esteem. That's why most people don't do it.",not_harmful,not_harmful,0.139256
2891,"Maybe he meant so much pardoning, instead of winning. Dimbulb Donnie seems to struggle with so many concepts.",not_harmful,harmful,0.690143
2892,I guess you mean widen the choice of articles out there and let everyone find the 'truth' they are seeking.,not_harmful,not_harmful,0.120243
2893,"Very good question SC Adams.

That Section of Constitution was created by Ballot Measure 8 which the voters passed in 1994.

However, even though that measure was a constitutional amendment, the Oregon Supreme later threw the change out. They ruled that langauge violated the US Constitution's contract clause.

So even though it's in Oregon's Constitution, it's not enforceable.

The situation is explained, briefly, here, under the 1990s section:

https://www.oregon.gov/pers/section/general_inform",not_harmful,not_harmful,0.141793
2894,"""... and if you complain, the Anglo-saxons would tell you....go back to where you came from!....""
~ ` ~

. . Really.

It seems you have felt compelled to express your bigotry, while regaling your hardtack story on your arrival to the Dominion of Canada.

Did it escape you that in 1956, Canada belonged to the British Commonwealth & the 'collective' of English in Canada were not just Anglo-Saxons. . . 

. . .  but Britons, Welsh, Scots, Picts, Celts  & of course, the people who were 'Angles, Germa",not_harmful,harmful,0.741664
2895,"This is not the subject of this article, and your comment is simply a false narrative.  The Treaty of Annexation offer was passed by a unanimous vote of the Polynesian-Hawaiian dominated Republic of Hawaii, whose Speaker of the House was a Polynesian.  The Treaty was accepted in the U.S. Congress by a Congressional-Executive Agreement method, and signed by the President McKinley after two Presidents had previously turned down the idea.  BTW It passed by a vote of 209-92 (way over 2/3rds vote) in",not_harmful,not_harmful,0.090585
2896,"Never voted for a Republican, why start now?",not_harmful,not_harmful,0.163707
2897,What planet are you living on?,not_harmful,harmful,0.724733
2898,"These cities need to do this Democratically. Take a vote to remove statues or not. 

Oh, and Trump needs to stop talking.",not_harmful,harmful,0.890032
2899,"Well, we all just wish Sid would change the subject. At least for one Saturday a month?  Trump is all you and Sid ever do, so that's why I and others do what we do.  We have some serious local issues that could be discussed and it ain't happening here. Like I said, the criminals in Seattle want to impose an illegal income tax on top of providing safe, yet illegal, injection sites for dopers. Its almost as if they want to use  the same needles to suck the money out of taxpayers and pump it into d",not_harmful,harmful,0.876688
2900,"First play, as usual CJ up the middle for two yard loss ! Sets the tone every week !",not_harmful,not_harmful,0.248726
2901,"Who's next?  Jeff Sessions, Attorney General, or Elaine Chao, Secretary of Labor?  I'm thinking Ms. Chao since her husband, the talking turtle, aka Mitch McConnell, Senate Majority Leader, couldn't deliver the repeal of ""Obama""-care last night.  
People, buckle up because it's going to be a long and bumpy ride.",not_harmful,harmful,0.904110
2902,Mr Trump proposes to create an autarkic society: to build physical walls and tariff barriers.  In 1776 The United States separated from England because it wanted  English tariffs against it to be dropped. That decision  was probably correct although south western  Ontario was populated by Empire loyalists who disagreed. Now again international  trade and tariffs are being used by a US leader  to  win domestic political battles. This time  it really isn't quite such a good idea.  Mr Trump's  idea,not_harmful,not_harmful,0.421676
2903,"Collusion in itself is not a crime, and its is questionable whether it is even collusion.",not_harmful,not_harmful,0.176824
2904,"You've got it, Maya87.  It's a phenomenon I see almost weekly on these pages.",not_harmful,not_harmful,0.040562
2905,These misogynist and anti-feminist attacks on Ivanka Trump aren't warranted.,not_harmful,not_harmful,0.065984
2906,"Ryan,    I do  not hold you responsible for these actions stated in your article, but I find it very excessive.  I am discouraged by the multiple over reactions by the UO administration recently,   Including the Law Dept professor issue which has highlighted  recently. 
I am seriously concerned that  fellow team players support and opinions are being ignored.  That three players were affected, and that the highly paid medical staff ignored the complaints of the victims , and the strength coach w",not_harmful,not_harmful,0.070913
2907,"Glen, Preparation H was sent to Juneau. They have sat on their butts to long.",not_harmful,harmful,0.945705
2908,"The EPD officers were doing their job very professionally, but the guy they were arresting was not complying with their legal commands and was resisting. 97% of those shot by police are resisting arrest. Bad move. Do what they say and live to plead your case in court.

The crowd was obscenely rude and unruly, some were either interfering or close to it, and after the police left to de-escalate, are thinking they somehow ""won."" Next time will be worse and maybe someone gets hurt or killed. Meanwh",not_harmful,not_harmful,0.474621
2909,"I didn't know Jesse Jackson or Rev sharpton were racist 
I just thought the just cared for black perpetrators 
Loser
Don't cry 😭 just bullying 
You",harmful,harmful,0.755064
2910,The war on the middle class continues.,not_harmful,harmful,0.595712
2911,"It's quite funny to read the comments of the usual suspects. Trudeau has, in fact, handled Trump much better than Harper ever dealt with Obama. Our friendly ideologues just hate to admit this and so we continue to see the kind of juvenile messaging that didn't work during the election either.",not_harmful,harmful,0.797603
2912,"And Trudeau is also hiking payroll tax (CPP), which small business will need to shoulder.  Some will need to pay carbon tax on their input costs.  And the owners may have tried to offset low margins, risk and lack of pension/benefits by splitting income with their families and investing retained earnings.  No longer thanks to Trudeau's latest tax grab.  But don't worry, both Trudeau and Wynne are ready to borrow more and bribe us with the tax liability of the next generations.

Both need to be g",not_harmful,harmful,0.886365
2913,Sorry to disappoint but nothing I've written to you is a compliment.  Funny not haha how that info wasn't in the article that we were commenting on.  Wonder how the media missed it and you didn't.,not_harmful,not_harmful,0.115730
2914,Hopefully something will come of it getting tired of 10.00 a gallon of milk and 6.00 a pound for Butter,not_harmful,harmful,0.548640
2915,that would be a cleansing of the church in my opinion.,not_harmful,not_harmful,0.269538
2916,"Gary,  I don't think real change can happen by reforming from within.  At best it leads to incrementalism and divides The People and pits interest/constituent groups against one and another which is what we have today.  And you are right, as the pie shrinks or as the national debt inevitably expands, it gets worse.  So what instruments can bring significant change:

a) The best and quickest; an individual such as Theodore Roosevelt accidentally rises thru a party and with the support of The Peop",not_harmful,harmful,0.619442
2917,"No.  Abortion cannot be banned.  Prior to Roe vs. Wade, over 800,000 back-alley and self-induced (coat hanger) abortions were performed each year. Abortions always have been and will always be.  Makes me wonder why all the pious men waited until 1973 to jump on the bandwagon and wave their fetus flags.  I was a Catholic-educated teenager prior to Roe vs. Wade and abortion was never discussed in our female religious classes.  We were warned about accidental pregnancies, the resulting marriages,  ",not_harmful,harmful,0.542711
2918,"Desperate? Hillary is leading Trump by 15%.

Christine Flowers is NOT a liberal.",not_harmful,not_harmful,0.105073
2919,"What's our "" fair share""? Never enough for the politicians who blow through It with NO accountability.",not_harmful,harmful,0.830366
2920,Exactly!  You can't expect to integrate a LARGE amount of migrants whose culture is to rape women and little boys because they think it's within their right.,harmful,not_harmful,0.490244
2921,"If Mexico loses its tourist dollars it's done for. They better get their act together. I have an acquaintance in Mexico in the mining business and he says nothing gets done, purchased or delivered without payoffs. It's ingrained in the culture and that's how business is done, he says.",not_harmful,not_harmful,0.213666
2922,"Yup, its time to get real about riding in back of pickup trucks. No reason for riding in truck beds!",not_harmful,not_harmful,0.359889
2923,"If your research methods are anything like your reading habits as you described them elsewhere, you went no further than sources which confirm your beliefs.

<<Stephen Bannon does not often express his views specifically, but if we can infer his views from his actions: he controls a website, he claims the website is a platform for the alt-right, and the website defines the alt-right under clearly racial nationalist terms. There’s no single quote where he admits to white nationalism, but in the c",not_harmful,not_harmful,0.308185
2924,Good farmland cannot be replaced by yet another damn dam.,harmful,harmful,0.807357
2925,"The even more funny thing is how rampant ignorance is over the flag. Every week since I've been watching football there are players, coaches, and folks in the crowd standing without their hand over their heart. Standing without your hand over your heart is as disrespectful as kneeling.",not_harmful,harmful,0.759436
2926,Bingo ...,not_harmful,not_harmful,0.167215
2927,"'
….let's see some documented sources which show your imagination isn't getting the better of you,

….anyone can make something up, likely it's another case of false equivalence.
.",not_harmful,harmful,0.534650
2928,"Mr. Apo should clarify whether he is speaking solely from personal conviction or as a paid advocate for the commercial fishing industry that is opposing the expanded monument.  His attempt to reduce expanded environmental protection to a ""Hawaiian issue"" or debate about whether an expanded monument sufficiently conforms to early Hawaiian cultural practices is divisive and insulting, and follows the frame of those misleading TV stealth ads a little too closely to assume no business relationship i",not_harmful,harmful,0.518774
2929,Clinton is going to jail for a long time.,not_harmful,harmful,0.716282
2930,Trudeau's legacy on the most important issue of our generation (climate) is toast if he approves new pipelines.,not_harmful,harmful,0.559902
2931,"“There really isn’t the ability to hire (local) crew. They just don’t exist,” Martin said Tuesday.""  Then why are there U.S. crews operating in Alaska, the Gulf, etc.  I guess the crew members get paid.",not_harmful,not_harmful,0.322566
2932,"Why doesn't someone ask professional associations - the organizations that actually track this stuff?  According to APEGA, new graduate woman engineers in Alberta make 101% of their male counterparts.",not_harmful,not_harmful,0.284384
2933,Thank you for the links to a whole lot of nothing.,not_harmful,harmful,0.725386
2934,the only concern i would have regarding your means is to bring in a real life qualifier to your statement.  i never even thought abandonment - taking care of your family is noble but disaster can happen in a blink of an eye!  it's well know that one thing can turn a life upside down.  it's suggested to  have 6 months wages in the bank to fall back on.  who can do that?,not_harmful,not_harmful,0.238952
2935,"Not disagreeing that an apology is needed, but honestly how much is Trudeau going to spend wordsmithing and delivering it?  Sounds like apologies involve more consultation than tax reform.",not_harmful,harmful,0.671348
2936,"I'd say cancelling military procurements from
US sources makes perfect sense in terms of 
recent US trade conduct.
.
The problem is in the question;
and buy what???
.
Check out the 750% overbudget (so far )
ship program, and tell me how another 
plane contract would do any better???
.
Sad to say, but there is an entrenched
attitude within Ottawa, that cost control
and efficiency are for ""little people""...
gov't bureaucrats can blow it every day... 
no problem, or at least no consequences.
.",not_harmful,harmful,0.575442
2937,"I am Liberal-leaning, and still believe Jean Chretien is a great leader nowadays. However, I do not think this woman is fit to be a foreign minister. She is putting her own ideology before our national interest.",not_harmful,harmful,0.673958
2938,"Yes, voting for a KKK member because you agree with Jim Crow laws might put you in a state of mortal sin.  I don't think that voting for Hillary Clinton does and I think that certain US bishops have harmed the Catholic Church by using Communion as a weapon against one of the two US political parties.  It makes it seem like the Vatican is trying to control US politics.  (Which is what JFK had to deal with in 1960.)",not_harmful,not_harmful,0.208104
2939,"Yes, people forget the bigotries of the past - even those who were the target of the bigotry. It wouldn't surprise me if some of the bitter old men in these comments were Italian or Polish Catholics, who the WASP stock of Canada was once horrified of, bringing their illiteracy, papist ways, and families of 6 and 8 children each to decent Anglo-Protestant Canada.",harmful,not_harmful,0.439334
2940,Funny how Religious Conservatives hate Sharia Law but don't realize that they share the same beliefs.,not_harmful,not_harmful,0.364266
2941,"""Capt. L.M. Larson, ""who claimed to be an experienced sailor. It was afterwards discovered that he had no knowledge whatever of navigation and this caused all the subsequent troubles which befell the party,"" the newspaper said.""

It's similar to Donald J Trump, claiming to be a successful businessman.",not_harmful,not_harmful,0.120292
2942,Direct to your ears from a right wing whack job that couldn't distill global warming from controlling the use of who can use what bathroom.  I guess when you share the dubious honor of being under an FBI investigation with Donnie Dumpster- you'll have a special bromance.,not_harmful,harmful,0.908477
2943,Hopefully at Sun City in orange overalls!,not_harmful,harmful,0.779189
2944,"CHHHHEEEEEEEE HOOOOO!!!!! I knew Holloway had a good shot at winning, though he was an underdog. He's confident but not cocky.  I'm looking forward to the rest of his career. Hopefully now that he's champion the UFC will finally schedule a fight in Hawaii.",not_harmful,not_harmful,0.081001
2945,"When more than half of Americans believe that the universe is younger than 10,000 years old, that the evolution of life is false but angels are real and that the 99% of climate scientists are involved in a vast conspiracy of pushing climate change as an agenda to undermine the American way of life, then the conclusion that a lot of Americans are stupid is not so much of a stretch. It is somewhat ironic that the scientific prowess that Americans should be most proud of is held in such low regard ",harmful,harmful,0.541066
2946,"Dogma is Orthodoxy and certain teachings are Orthodox that must be believed to be called an Orthodox Catholic/Christian. They are well known and are unchangeable because there is no way to challenge them through evidence and the progress of knowledge. This makes them unreformable. Natural Law teaching must respond to changes in knowledge, so it cannot be.",not_harmful,not_harmful,0.171092
2947,OMG.  This guy I a snake.  He will bite us !!!!!!,not_harmful,harmful,0.778143
2948,"His name is Lindsay?
I would wager he learned how to fight at a young age :)",not_harmful,harmful,0.697673
2949,"So ""human nature"" trumps God's will ? Nice.",not_harmful,not_harmful,0.289886
2950,"Canada
Where some are more equal than others
Signed Piggie",not_harmful,not_harmful,0.317335
2951,"I don't understand your complaint about the Electoral College. Hillary won the state of Colorado, not Bernie. Bernie wasn't on the ballot and was not the nominee. How on earth could the EC have ""given Colorado"" to Bernie?

Bernie won the Democratic caucus in Colorado. That does not entitle him to our electoral votes in the general election against Trump. That's not how things work.",not_harmful,not_harmful,0.145508
2952,""" .... Developers tout wind as a competitive source of clean power that can make a reliable contribution to a grid – especially when complemented by natural gas, and other renewable sources..""

Permit me to rephrase this statement:
""... a reliable contribution when backed by base load capable NG fired plants "" ... per Ontariowe example where they are even now building an NG plant ( formerly cancelled ) near Nepean.",not_harmful,not_harmful,0.237337
2953,"My studies some 60 yrs ago vehemently protested the idea that anybody other than a priest could do anything of this nature. Fortunately for me, life happened between then and now, and I am more open to vagueness and possibility, and have less a need to be judgmental and dogmatic. 

When Jesus said, ""Wherever two or three are gathered together in my name, I am with them"", he didn't say anything about faculties, ordination, bishop's or church's permission, gender of whoever was ""leading"", what kin",not_harmful,not_harmful,0.037968
2954,"I tend to agree - if they wait for a stronger housing market to approve more permits they have higher assessed values, and as we all know it is next to impossible to have your property values lowered on the tax rolls.",not_harmful,not_harmful,0.173744
2955,"Habs win, Laughs lose. Typical hockey scores in Canada..  Deal with it not!!!!!",not_harmful,harmful,0.711796
2956,How is it for hauling firewood.  What is the ground clearance like.,not_harmful,not_harmful,0.084435
2957,"The writer begins to close his mind when he elides Trump voters with either Richard Spencer or David Duke supporters. It is disturbing that a university prof will make such a easily dismissed factual error yet base his view of current events on that factual error.

How did people get so willing to misrepresent facts to push a narrative?

What I like about Trump is he was against Mid East wars, and judging by Syria he has followed through on his promise to reduce war in that region. He even got t",not_harmful,not_harmful,0.427535
2958,"They don't drive.  They ""travel"".  They don't like cops, prefer to handle things on their own - like this group.

They also are pretty quick to sue, under our laws, if they get hurt in a traffic accident that is somebody else's fault.",not_harmful,not_harmful,0.281897
2959,"Rachel Notley completed stabbed in the back by Justin Trudeau and Catherine McKenna.  Rachel agrees to sign the carbon tax proposal as a compromise in return for support on pipelines, but then is totally shafted by these two Ottawa politicians.  Kind of sleazy, if you ask me, but then again, not surprising, taking the political affiliation of Justin and Catherine into consideration... just par for the course.",not_harmful,harmful,0.500558
2960,"Carvin has spent too much time in the ivory tower and never bothered to step outside her safe space., putting a ridiculous amount of faith in the official CIA , Homeland Security narrative. 
If she bothered to do some real work on going beyond the fake story getting the real story she would  not  write this tripe. Its not hard to question  their credibility when the history is thee to see one false hood and political subterfuge after another year after year around the globe. .",not_harmful,harmful,0.785139
2961,"Allow me to disagree. I believe it will ""end well.""
Nobody is forcing anyone into ""diversity"" whatever that is. Let me ask you, this: do you like Thai food,or Chinese? Do you like seeing an attractive young lady on the street wearing traditional Indian clothing? 
The  multicultural civilisation we are building not only makes us all better, but we have all kinds of delicious food, too!",not_harmful,not_harmful,0.097088
2962,"We're now in uncharted territory where not one of those appellations is as disrespectful of the office as the occupant of that office is on a continual basis. Say what you want about Obama or W Bush, they both understood and respected the job. Trump only cares about Trump. Trump only respects Trump. I try to show people the respect they deserve. Trump deserves none.",not_harmful,harmful,0.835908
2963,"Don't forgot the slogan. ""Make Armenia Great Again.""",not_harmful,not_harmful,0.053550
2964,"So....because you have been harassed, you feel the need to harass them back or support those that harass people without shelter?",not_harmful,harmful,0.575546
2965,"Apparently, just typing a bunch of plus signs is uncivil. So +^5 to you comment.",not_harmful,not_harmful,0.029886
2966,Amazon Prime... just sayin',not_harmful,not_harmful,0.101500
2967,"That's about as rude as your previous pneis size posts. Lynn may be an inneffectual whiner but his gender is not in question.

To put it in your terms: Read the Sign: GROW UP......",harmful,harmful,0.857350
2968,Hi Mr. Kronberg.  You were one of my favorite teachers.  Hope all is well.  Go Yankees!!,not_harmful,not_harmful,0.043653
2969,"Wow... this guy really is a bull in a China shop... so to speak.
He just doesn't get it... and never will.",not_harmful,harmful,0.951632
2970,Looks like the hospital is getting pretty efficient at fixing bullet holes.,not_harmful,not_harmful,0.380449
2971,Donald J. Trump just clinched the 2020 election with Comey's testimony,not_harmful,not_harmful,0.298570
2972,"Atheism is the only rational point of view.   Anything else is subjective.   Jesus as recorded (much after his ""death"") is the same as all other figments of the creative human imagination.",not_harmful,harmful,0.779153
2973,"Smith and the Board are well aware of this issue but choose to ignore it and celebrate themselves for their ""equity"" work.  Pretty sure they don't know what that word means.  Nor do they care about civil rights.  #Fraud",not_harmful,harmful,0.682091
2974,"A high school would know that it is now climate change and not ""global warming"" as there is poor evidence of global warming but significant evidence of climate change.   It always  has.  What they'e skeptical about is the level of involvement of man in its cause and the ability for widespread societal change to have much of an affect.",not_harmful,not_harmful,0.198474
2975,The scenario is clear . Chinese investors want their assets in hard goods because they have too much cash . Canadians have spent themselves into debt at all levels from the Federal Governments down  and need to continue the spending orgy .  So grease the Liberals and we'll sell you our assets foe cash .,not_harmful,harmful,0.705934
2976,Wow. Now THERE'S a church that folks will want to join...,not_harmful,not_harmful,0.129376
2977,"At the deep level of dynamic DNA, searching and change happens continuously in all living organisms - genetic transformation is a process of searching and adaptation to accommodate to environmental factors. No two individuals ever have identical DNA.
Migration is a dynamic internal to DNA, from a 'status quo ante' to a 'status quo post'. Instinctively, intuitionally, we are always searching to move from where we are at, to adapt, improve, search, transform - moving beyond the status-quo is an ad",not_harmful,not_harmful,0.085972
2978,these chuckle-heads need to go away to federal prison for a long time.  I'd bet they are drug users needing to feed their habits.,harmful,harmful,0.867688
2979,"See my post elsewhere on this thread where I summarize a case of a jewish neighborhood in Montreal trying to block the construction of a synagogue.

Somehow, the author of this article failed to mention this, although the story is more recent than the Outremont story.",not_harmful,not_harmful,0.180665
2980,It would be great if car makers would get back to making cars that you can actually see out of.,not_harmful,not_harmful,0.267491
2981,"The new comments protocol just reinforces the safe-space echo chamber at the Globe and Mail. The Globe doesn't permit the truth to be spoken on the most important topic of the day, Islam,  because it refuses to understand that the truth about Islam is 'nasty'.",not_harmful,harmful,0.769562
2982,And the Civil Comments folks successfully initiate the editing function once again!,not_harmful,not_harmful,0.044728
2983,"tear it down, biggest eye sore in Anchorage these days",not_harmful,harmful,0.859135
2984,"In response to two questions brought up the article.

What difference will it be to have the Conservatives in power instead of the Liberals? Quite simply, none. There will be no difference as the Conservatives, as pointed out in the article, have made absolutely no statements as to what they will do for Ontario. The only actual change we will see are different faces shoved into the public trough. This will be no different from telling a victim of rape that things are going to improve because the",not_harmful,harmful,0.748676
2985,"The statement ""Deemed impossible in northern Alaska only 30 years ago, thunderstorms eventually appeared, likely due to rising temperatures"" appears to be an assumption based on a few personal experiences of researchers, most of whom, I would guess, have not been there long enough to draw any conclusion based on personal observation. I've never heard anyone in the meteorological community doubt that thunderstorms have always been a reality in the Brooks Range, and occasionally drift out of the m",not_harmful,not_harmful,0.098088
2986,"I reiterate the idea that repeal would be hazardous to most main stream churches. Not just Catholic but mainline Protestant churches have divided congregations. Having the preachers politicize the church will lead to an exodus and decline in funding.  Some people might embrace a smaller, political Catholic Church, as long as it is consistent with their politics,  but in the long run they will see it diminish into oblivion.",not_harmful,harmful,0.766790
2987,"How about setting up surveillance cameras at the trail heads and organizing neighborhood watches to monitor the movement. There's probably not a lot of movement between midnight and 6 am that's not up to no good. Once these pictures are on the web, people can watch out for individuals trolling neighborhoods they don't belong in. Big lake already post pictures of people no one recognizes. Before this, I had 6 breakins and 20 thousand dollars of my possessions stolen. Since then I've had one attem",not_harmful,not_harmful,0.351994
2988,"The commenters on ADN are toxic. Calls for caning, cutting limbs off. Lack of any sort of imagination or thought. Ugh. I hope this paper folds just so this dumpster fire goes out. 

You all are insane and I'm not using hyperbole. You'd rather become a 3rd world country in terms of civil liberties than have some compassion for a criminal and you want to keep banging your collective heads against the wall that is throwing petty thieves into jail. Don't you realize that it doesn't work? It just mak",not_harmful,harmful,0.947846
2989,"I have one of those guns. It's easy to hold like a stop watch. He didn't drop it, he looked confused and tried to circle around to where the police where seeking cover. I suspect this is why he was shot.",not_harmful,harmful,0.586030
2990,"Searched in vain for an idiocy emoji to react to this comment. Alas, couldn't find one.",harmful,not_harmful,0.031026
2991,"Yes I agree it is not a time to go silent. 

Lets talk about the real bullies. Those corrupt leaders of foreign countries, like Mexico and drug lords that create intolerable conditions where people think it is best that they flee north to America. Lets speak of the millions of bullies that illegally enter America, some who murder, rape and commit millions of serious and petty crimes throughout my country. Lets talk about the extortion on the part of the government that takes the hard earned weal",harmful,harmful,0.667902
2992,your concept only really works in places like Government  where union  monopoly  can use this argument to extort higher pay .,not_harmful,harmful,0.621179
2993,".

He admitted it and boasted about it.

There's more channels than the one that just runs reruns of the Itchy and Scratchy show.
.",not_harmful,not_harmful,0.417851
2994,"Don't worry Donald, the "" fake news "" is just an April Fool's joke.",not_harmful,harmful,0.601125
2995,"If you want to talk about the KM pipeline,. start with this - 
http://therealnews.com/t2/story:19220:Arctic-Climate-Warming-Twice-as-Fast-As-Anywhere-Else

Canada's high vulnerability to climate change means that we should be at the forefront of the renewables revolution, not squabbling over the best way to get last century's fuel to market.",not_harmful,not_harmful,0.176654
2996,"You are correct.  Thankfully, we are not required to show respect for the flag.  The flag has earned our respect.  Rightfully so.",not_harmful,not_harmful,0.033781
2997,Saying that states will make the right decision is code for saying a that people do not deserve federal protections and the decisions should be left up to the states. I respectfully disagree that this is an enlightened position.,not_harmful,not_harmful,0.028474
2998,"Right on point.  He threw Naeole under the bus but the problem is Rolo.  Rolaids is nothing more than an OC at best. In my opinion Stutz is also the sissy and should be fired for leading Rolo around by the nose.  Pride Rock, play warrior?  Knock off the silly phrases and just play hard nosed football!!!",harmful,harmful,0.970264
2999,"Science is one thing, a beautiful thing I think.  ""Scientism"" as a philosophy, which seems to be the faith of some here, which is a simple short cut to explaining the very complex thing called human existence, but in the end 'Scientism' is anti human.  As Shaw has written: ""Evolution seems simple, because you do not at first realize all that it involves.  But when its whole significance dawns on you, your heart sinks into a heap of sand within you.   There is a hideous fatalism about it, a damna",not_harmful,harmful,0.843544
