idx,text,label,pred
0,"Speaker1: Hey everyone, I wanted to share something with you all. I'm having a ballet recital this weekend and would love if you could come watch.",not_harmful,not_harmful
1,"Speaker1: Hey everyone, I wanted to share something with you all. I'm having a ballet recital this weekend and would love if you could come watch.
Speaker2: Wait, you're serious? Ballet? That's...unexpected.",not_harmful,not_harmful
2,"Speaker1: Hey everyone, I wanted to share something with you all. I'm having a ballet recital this weekend and would love if you could come watch.
Speaker2: Wait, you're serious? Ballet? That's...unexpected.
Speaker3: Haha, dude, ballet is for girls. What are you doing dancing around in tights?",harmful,harmful
3,"Speaker1: Hey everyone, I wanted to share something with you all. I'm having a ballet recital this weekend and would love if you could come watch.
Speaker2: Wait, you're serious? Ballet? That's...unexpected.
Speaker3: Haha, dude, ballet is for girls. What are you doing dancing around in tights?
Speaker4: Come on, guys. Ballet is an art, and it's for everyone. Don't be so narrow-minded.",not_harmful,not_harmful
4,"Speaker1: Hey everyone, I wanted to share something with you all. I'm having a ballet recital this weekend and would love if you could come watch.
Speaker2: Wait, you're serious? Ballet? That's...unexpected.
Speaker3: Haha, dude, ballet is for girls. What are you doing dancing around in tights?
Speaker4: Come on, guys. Ballet is an art, and it's for everyone. Don't be so narrow-minded.
Speaker1: I really enjoy it. It's a way for me to express myself.",not_harmful,not_harmful
5,"Speaker1: Hey everyone, I wanted to share something with you all. I'm having a ballet recital this weekend and would love if you could come watch.
Speaker2: Wait, you're serious? Ballet? That's...unexpected.
Speaker3: Haha, dude, ballet is for girls. What are you doing dancing around in tights?
Speaker4: Come on, guys. Ballet is an art, and it's for everyone. Don't be so narrow-minded.
Speaker1: I really enjoy it. It's a way for me to express myself.
Speaker5: Express yourself in a tutu? That's ",not_harmful,not_harmful
6,"Speaker1: Hey everyone, I wanted to share something with you all. I'm having a ballet recital this weekend and would love if you could come watch.
Speaker2: Wait, you're serious? Ballet? That's...unexpected.
Speaker3: Haha, dude, ballet is for girls. What are you doing dancing around in tights?
Speaker4: Come on, guys. Ballet is an art, and it's for everyone. Don't be so narrow-minded.
Speaker1: I really enjoy it. It's a way for me to express myself.
Speaker5: Express yourself in a tutu? That's ",not_harmful,not_harmful
7,"Speaker1: Hey everyone, I wanted to share something with you all. I'm having a ballet recital this weekend and would love if you could come watch.
Speaker2: Wait, you're serious? Ballet? That's...unexpected.
Speaker3: Haha, dude, ballet is for girls. What are you doing dancing around in tights?
Speaker4: Come on, guys. Ballet is an art, and it's for everyone. Don't be so narrow-minded.
Speaker1: I really enjoy it. It's a way for me to express myself.
Speaker5: Express yourself in a tutu? That's ",harmful,harmful
8,"Speaker1: Hey everyone, I wanted to share something with you all. I'm having a ballet recital this weekend and would love if you could come watch.
Speaker2: Wait, you're serious? Ballet? That's...unexpected.
Speaker3: Haha, dude, ballet is for girls. What are you doing dancing around in tights?
Speaker4: Come on, guys. Ballet is an art, and it's for everyone. Don't be so narrow-minded.
Speaker1: I really enjoy it. It's a way for me to express myself.
Speaker5: Express yourself in a tutu? That's ",not_harmful,not_harmful
9,"Speaker2: Wait, you're serious? Ballet? That's...unexpected.
Speaker3: Haha, dude, ballet is for girls. What are you doing dancing around in tights?
Speaker4: Come on, guys. Ballet is an art, and it's for everyone. Don't be so narrow-minded.
Speaker1: I really enjoy it. It's a way for me to express myself.
Speaker5: Express yourself in a tutu? That's hilarious!
Speaker6: There's nothing wrong with a guy doing ballet. It's actually pretty impressive.
Speaker2: Impressive? More like embarrassing. ",not_harmful,not_harmful
10,"Speaker3: Haha, dude, ballet is for girls. What are you doing dancing around in tights?
Speaker4: Come on, guys. Ballet is an art, and it's for everyone. Don't be so narrow-minded.
Speaker1: I really enjoy it. It's a way for me to express myself.
Speaker5: Express yourself in a tutu? That's hilarious!
Speaker6: There's nothing wrong with a guy doing ballet. It's actually pretty impressive.
Speaker2: Impressive? More like embarrassing. Imagine us all there watching him prance around.
Speaker7: Ba",not_harmful,not_harmful
11,"Speaker4: Come on, guys. Ballet is an art, and it's for everyone. Don't be so narrow-minded.
Speaker1: I really enjoy it. It's a way for me to express myself.
Speaker5: Express yourself in a tutu? That's hilarious!
Speaker6: There's nothing wrong with a guy doing ballet. It's actually pretty impressive.
Speaker2: Impressive? More like embarrassing. Imagine us all there watching him prance around.
Speaker7: Ballet takes a lot of strength and discipline. It's not easy at all.
Speaker3: Sure, if yo",not_harmful,not_harmful
12,"Speaker1: I really enjoy it. It's a way for me to express myself.
Speaker5: Express yourself in a tutu? That's hilarious!
Speaker6: There's nothing wrong with a guy doing ballet. It's actually pretty impressive.
Speaker2: Impressive? More like embarrassing. Imagine us all there watching him prance around.
Speaker7: Ballet takes a lot of strength and discipline. It's not easy at all.
Speaker3: Sure, if you say so. Still sounds lame to me.
Speaker8: I think it's awesome that he's inviting us. Take",not_harmful,not_harmful
13,"Speaker5: Express yourself in a tutu? That's hilarious!
Speaker6: There's nothing wrong with a guy doing ballet. It's actually pretty impressive.
Speaker2: Impressive? More like embarrassing. Imagine us all there watching him prance around.
Speaker7: Ballet takes a lot of strength and discipline. It's not easy at all.
Speaker3: Sure, if you say so. Still sounds lame to me.
Speaker8: I think it's awesome that he's inviting us. Takes guts to share something personal.
Speaker1: Thanks for those who",not_harmful,not_harmful
14,"Speaker6: There's nothing wrong with a guy doing ballet. It's actually pretty impressive.
Speaker2: Impressive? More like embarrassing. Imagine us all there watching him prance around.
Speaker7: Ballet takes a lot of strength and discipline. It's not easy at all.
Speaker3: Sure, if you say so. Still sounds lame to me.
Speaker8: I think it's awesome that he's inviting us. Takes guts to share something personal.
Speaker1: Thanks for those who are being supportive. It means a lot.
Speaker9: Support",not_harmful,harmful
15,"Speaker2: Impressive? More like embarrassing. Imagine us all there watching him prance around.
Speaker7: Ballet takes a lot of strength and discipline. It's not easy at all.
Speaker3: Sure, if you say so. Still sounds lame to me.
Speaker8: I think it's awesome that he's inviting us. Takes guts to share something personal.
Speaker1: Thanks for those who are being supportive. It means a lot.
Speaker9: Supportive of what? Becoming the next ballet princess?
Speaker4: That's really not cool. Let him ",not_harmful,not_harmful
16,"Speaker7: Ballet takes a lot of strength and discipline. It's not easy at all.
Speaker3: Sure, if you say so. Still sounds lame to me.
Speaker8: I think it's awesome that he's inviting us. Takes guts to share something personal.
Speaker1: Thanks for those who are being supportive. It means a lot.
Speaker9: Supportive of what? Becoming the next ballet princess?
Speaker4: That's really not cool. Let him do what he loves.
Speaker2: Whatever, it's a free country. Just weird seeing him as a ballerina",not_harmful,harmful
17,"Speaker3: Sure, if you say so. Still sounds lame to me.
Speaker8: I think it's awesome that he's inviting us. Takes guts to share something personal.
Speaker1: Thanks for those who are being supportive. It means a lot.
Speaker9: Supportive of what? Becoming the next ballet princess?
Speaker4: That's really not cool. Let him do what he loves.
Speaker2: Whatever, it's a free country. Just weird seeing him as a ballerina.
Speaker6: It's not weird, it's unique. You should be proud of standing out, V",not_harmful,not_harmful
18,"Speaker8: I think it's awesome that he's inviting us. Takes guts to share something personal.
Speaker1: Thanks for those who are being supportive. It means a lot.
Speaker9: Supportive of what? Becoming the next ballet princess?
Speaker4: That's really not cool. Let him do what he loves.
Speaker2: Whatever, it's a free country. Just weird seeing him as a ballerina.
Speaker6: It's not weird, it's unique. You should be proud of standing out, VCTM.
Speaker3: Proud of being the only guy in a sea of p",harmful,harmful
19,"Speaker1: Thanks for those who are being supportive. It means a lot.
Speaker9: Supportive of what? Becoming the next ballet princess?
Speaker4: That's really not cool. Let him do what he loves.
Speaker2: Whatever, it's a free country. Just weird seeing him as a ballerina.
Speaker6: It's not weird, it's unique. You should be proud of standing out, VCTM.
Speaker3: Proud of being the only guy in a sea of pink tutus? Sure.
Speaker7: Enough with the jokes. Seriously, it's getting old.
Speaker10: We'r",not_harmful,not_harmful
20,"Speaker9: Supportive of what? Becoming the next ballet princess?
Speaker4: That's really not cool. Let him do what he loves.
Speaker2: Whatever, it's a free country. Just weird seeing him as a ballerina.
Speaker6: It's not weird, it's unique. You should be proud of standing out, VCTM.
Speaker3: Proud of being the only guy in a sea of pink tutus? Sure.
Speaker7: Enough with the jokes. Seriously, it's getting old.
Speaker10: We're just having fun. If he can't take a joke, maybe he shouldn't dance.",not_harmful,not_harmful
21,"Speaker4: That's really not cool. Let him do what he loves.
Speaker2: Whatever, it's a free country. Just weird seeing him as a ballerina.
Speaker6: It's not weird, it's unique. You should be proud of standing out, VCTM.
Speaker3: Proud of being the only guy in a sea of pink tutus? Sure.
Speaker7: Enough with the jokes. Seriously, it's getting old.
Speaker10: We're just having fun. If he can't take a joke, maybe he shouldn't dance.
Speaker1: I can take a joke, but this feels more like ridicule.
",not_harmful,not_harmful
22,"Speaker2: Whatever, it's a free country. Just weird seeing him as a ballerina.
Speaker6: It's not weird, it's unique. You should be proud of standing out, VCTM.
Speaker3: Proud of being the only guy in a sea of pink tutus? Sure.
Speaker7: Enough with the jokes. Seriously, it's getting old.
Speaker10: We're just having fun. If he can't take a joke, maybe he shouldn't dance.
Speaker1: I can take a joke, but this feels more like ridicule.
Speaker8: Exactly. There's a line, and I think it's been cro",not_harmful,not_harmful
23,"Speaker6: It's not weird, it's unique. You should be proud of standing out, VCTM.
Speaker3: Proud of being the only guy in a sea of pink tutus? Sure.
Speaker7: Enough with the jokes. Seriously, it's getting old.
Speaker10: We're just having fun. If he can't take a joke, maybe he shouldn't dance.
Speaker1: I can take a joke, but this feels more like ridicule.
Speaker8: Exactly. There's a line, and I think it's been crossed.
Speaker2: Chill out. We don't mean anything by it.
Speaker4: But words ha",not_harmful,not_harmful
24,"Speaker3: Proud of being the only guy in a sea of pink tutus? Sure.
Speaker7: Enough with the jokes. Seriously, it's getting old.
Speaker10: We're just having fun. If he can't take a joke, maybe he shouldn't dance.
Speaker1: I can take a joke, but this feels more like ridicule.
Speaker8: Exactly. There's a line, and I think it's been crossed.
Speaker2: Chill out. We don't mean anything by it.
Speaker4: But words have impact, whether you mean it or not.
Speaker11: Okay, okay, let's all just calm ",not_harmful,not_harmful
25,"Speaker7: Enough with the jokes. Seriously, it's getting old.
Speaker10: We're just having fun. If he can't take a joke, maybe he shouldn't dance.
Speaker1: I can take a joke, but this feels more like ridicule.
Speaker8: Exactly. There's a line, and I think it's been crossed.
Speaker2: Chill out. We don't mean anything by it.
Speaker4: But words have impact, whether you mean it or not.
Speaker11: Okay, okay, let's all just calm down. If VCTM wants to invite us, fine. Doesn't mean we have to go.
",not_harmful,not_harmful
26,"Speaker10: We're just having fun. If he can't take a joke, maybe he shouldn't dance.
Speaker1: I can take a joke, but this feels more like ridicule.
Speaker8: Exactly. There's a line, and I think it's been crossed.
Speaker2: Chill out. We don't mean anything by it.
Speaker4: But words have impact, whether you mean it or not.
Speaker11: Okay, okay, let's all just calm down. If VCTM wants to invite us, fine. Doesn't mean we have to go.
Speaker6: It's about respect. You don't have to go, but there'",not_harmful,not_harmful
27,"Speaker1: I can take a joke, but this feels more like ridicule.
Speaker8: Exactly. There's a line, and I think it's been crossed.
Speaker2: Chill out. We don't mean anything by it.
Speaker4: But words have impact, whether you mean it or not.
Speaker11: Okay, okay, let's all just calm down. If VCTM wants to invite us, fine. Doesn't mean we have to go.
Speaker6: It's about respect. You don't have to go, but there's no need to be mean.
Speaker1: I just thought it would be nice to invite you all.
Sp",not_harmful,not_harmful
28,"Speaker8: Exactly. There's a line, and I think it's been crossed.
Speaker2: Chill out. We don't mean anything by it.
Speaker4: But words have impact, whether you mean it or not.
Speaker11: Okay, okay, let's all just calm down. If VCTM wants to invite us, fine. Doesn't mean we have to go.
Speaker6: It's about respect. You don't have to go, but there's no need to be mean.
Speaker1: I just thought it would be nice to invite you all.
Speaker3: Alright, alright, we'll stop. But you gotta admit, it's ",not_harmful,not_harmful
29,"Speaker2: Chill out. We don't mean anything by it.
Speaker4: But words have impact, whether you mean it or not.
Speaker11: Okay, okay, let's all just calm down. If VCTM wants to invite us, fine. Doesn't mean we have to go.
Speaker6: It's about respect. You don't have to go, but there's no need to be mean.
Speaker1: I just thought it would be nice to invite you all.
Speaker3: Alright, alright, we'll stop. But you gotta admit, it's kinda funny.
Speaker7: Not really. It's just different, and differ",not_harmful,not_harmful
30,"Speaker4: But words have impact, whether you mean it or not.
Speaker11: Okay, okay, let's all just calm down. If VCTM wants to invite us, fine. Doesn't mean we have to go.
Speaker6: It's about respect. You don't have to go, but there's no need to be mean.
Speaker1: I just thought it would be nice to invite you all.
Speaker3: Alright, alright, we'll stop. But you gotta admit, it's kinda funny.
Speaker7: Not really. It's just different, and different is good.
Speaker9: Whatever, let's talk about s",not_harmful,not_harmful
31,"Speaker11: Okay, okay, let's all just calm down. If VCTM wants to invite us, fine. Doesn't mean we have to go.
Speaker6: It's about respect. You don't have to go, but there's no need to be mean.
Speaker1: I just thought it would be nice to invite you all.
Speaker3: Alright, alright, we'll stop. But you gotta admit, it's kinda funny.
Speaker7: Not really. It's just different, and different is good.
Speaker9: Whatever, let's talk about something else.
Speaker8: Let's actually talk about supporting",not_harmful,not_harmful
32,"Speaker6: It's about respect. You don't have to go, but there's no need to be mean.
Speaker1: I just thought it would be nice to invite you all.
Speaker3: Alright, alright, we'll stop. But you gotta admit, it's kinda funny.
Speaker7: Not really. It's just different, and different is good.
Speaker9: Whatever, let's talk about something else.
Speaker8: Let's actually talk about supporting each other instead of tearing each other down.
Speaker2: Fine, sorry, VCTM. We were just playing around.
Speak",not_harmful,not_harmful
33,"Speaker1: I just thought it would be nice to invite you all.
Speaker3: Alright, alright, we'll stop. But you gotta admit, it's kinda funny.
Speaker7: Not really. It's just different, and different is good.
Speaker9: Whatever, let's talk about something else.
Speaker8: Let's actually talk about supporting each other instead of tearing each other down.
Speaker2: Fine, sorry, VCTM. We were just playing around.
Speaker1: I appreciate the apology. I just hope you understand where I'm coming from.
Spe",not_harmful,not_harmful
34,"Speaker3: Alright, alright, we'll stop. But you gotta admit, it's kinda funny.
Speaker7: Not really. It's just different, and different is good.
Speaker9: Whatever, let's talk about something else.
Speaker8: Let's actually talk about supporting each other instead of tearing each other down.
Speaker2: Fine, sorry, VCTM. We were just playing around.
Speaker1: I appreciate the apology. I just hope you understand where I'm coming from.
Speaker4: Thanks for saying sorry, BULLY1. It means a lot.
Speak",not_harmful,not_harmful
35,"Speaker7: Not really. It's just different, and different is good.
Speaker9: Whatever, let's talk about something else.
Speaker8: Let's actually talk about supporting each other instead of tearing each other down.
Speaker2: Fine, sorry, VCTM. We were just playing around.
Speaker1: I appreciate the apology. I just hope you understand where I'm coming from.
Speaker4: Thanks for saying sorry, BULLY1. It means a lot.
Speaker5: Guess everyone's on edge today.
Speaker6: It's just about respect and unde",not_harmful,not_harmful
36,Speaker1: Hey everyone! I just wanted to let you know I've got a ballet show this weekend. Would love it if you all could come watch!,not_harmful,not_harmful
37,"Speaker1: Hey everyone! I just wanted to let you know I've got a ballet show this weekend. Would love it if you all could come watch!
Speaker2: Wait, you do ballet? Seriously?",not_harmful,not_harmful
38,"Speaker1: Hey everyone! I just wanted to let you know I've got a ballet show this weekend. Would love it if you all could come watch!
Speaker2: Wait, you do ballet? Seriously?
Speaker3: That sounds amazing, VCTM! I'd love to come.",not_harmful,not_harmful
39,"Speaker1: Hey everyone! I just wanted to let you know I've got a ballet show this weekend. Would love it if you all could come watch!
Speaker2: Wait, you do ballet? Seriously?
Speaker3: That sounds amazing, VCTM! I'd love to come.
Speaker4: Yeah, ballet's for girls, isn't it?",not_harmful,harmful
40,"Speaker1: Hey everyone! I just wanted to let you know I've got a ballet show this weekend. Would love it if you all could come watch!
Speaker2: Wait, you do ballet? Seriously?
Speaker3: That sounds amazing, VCTM! I'd love to come.
Speaker4: Yeah, ballet's for girls, isn't it?
Speaker1: Haha, it's for everyone! I really enjoy it.",not_harmful,not_harmful
41,"Speaker1: Hey everyone! I just wanted to let you know I've got a ballet show this weekend. Would love it if you all could come watch!
Speaker2: Wait, you do ballet? Seriously?
Speaker3: That sounds amazing, VCTM! I'd love to come.
Speaker4: Yeah, ballet's for girls, isn't it?
Speaker1: Haha, it's for everyone! I really enjoy it.
Speaker5: Ballet is so cool, VCTM! You must be really talented.",not_harmful,not_harmful
42,"Speaker1: Hey everyone! I just wanted to let you know I've got a ballet show this weekend. Would love it if you all could come watch!
Speaker2: Wait, you do ballet? Seriously?
Speaker3: That sounds amazing, VCTM! I'd love to come.
Speaker4: Yeah, ballet's for girls, isn't it?
Speaker1: Haha, it's for everyone! I really enjoy it.
Speaker5: Ballet is so cool, VCTM! You must be really talented.
Speaker6: I didn't know you were into that kind of stuff, dude. Weird.",not_harmful,not_harmful
43,"Speaker1: Hey everyone! I just wanted to let you know I've got a ballet show this weekend. Would love it if you all could come watch!
Speaker2: Wait, you do ballet? Seriously?
Speaker3: That sounds amazing, VCTM! I'd love to come.
Speaker4: Yeah, ballet's for girls, isn't it?
Speaker1: Haha, it's for everyone! I really enjoy it.
Speaker5: Ballet is so cool, VCTM! You must be really talented.
Speaker6: I didn't know you were into that kind of stuff, dude. Weird.
Speaker7: Nothing weird about it. ",not_harmful,not_harmful
44,"Speaker1: Hey everyone! I just wanted to let you know I've got a ballet show this weekend. Would love it if you all could come watch!
Speaker2: Wait, you do ballet? Seriously?
Speaker3: That sounds amazing, VCTM! I'd love to come.
Speaker4: Yeah, ballet's for girls, isn't it?
Speaker1: Haha, it's for everyone! I really enjoy it.
Speaker5: Ballet is so cool, VCTM! You must be really talented.
Speaker6: I didn't know you were into that kind of stuff, dude. Weird.
Speaker7: Nothing weird about it. ",not_harmful,not_harmful
45,"Speaker2: Wait, you do ballet? Seriously?
Speaker3: That sounds amazing, VCTM! I'd love to come.
Speaker4: Yeah, ballet's for girls, isn't it?
Speaker1: Haha, it's for everyone! I really enjoy it.
Speaker5: Ballet is so cool, VCTM! You must be really talented.
Speaker6: I didn't know you were into that kind of stuff, dude. Weird.
Speaker7: Nothing weird about it. Ballet is tough!
Speaker2: I can't imagine VCTM in a tutu. LOL.
Speaker8: Ballet requires a lot of strength and discipline. It's impre",not_harmful,not_harmful
46,"Speaker3: That sounds amazing, VCTM! I'd love to come.
Speaker4: Yeah, ballet's for girls, isn't it?
Speaker1: Haha, it's for everyone! I really enjoy it.
Speaker5: Ballet is so cool, VCTM! You must be really talented.
Speaker6: I didn't know you were into that kind of stuff, dude. Weird.
Speaker7: Nothing weird about it. Ballet is tough!
Speaker2: I can't imagine VCTM in a tutu. LOL.
Speaker8: Ballet requires a lot of strength and discipline. It's impressive.
Speaker4: Yeah, but still. A guy do",not_harmful,harmful
47,"Speaker4: Yeah, ballet's for girls, isn't it?
Speaker1: Haha, it's for everyone! I really enjoy it.
Speaker5: Ballet is so cool, VCTM! You must be really talented.
Speaker6: I didn't know you were into that kind of stuff, dude. Weird.
Speaker7: Nothing weird about it. Ballet is tough!
Speaker2: I can't imagine VCTM in a tutu. LOL.
Speaker8: Ballet requires a lot of strength and discipline. It's impressive.
Speaker4: Yeah, but still. A guy doing ballet?
Speaker9: I gotta admit, it's a bit funny, ",not_harmful,harmful
48,"Speaker1: Haha, it's for everyone! I really enjoy it.
Speaker5: Ballet is so cool, VCTM! You must be really talented.
Speaker6: I didn't know you were into that kind of stuff, dude. Weird.
Speaker7: Nothing weird about it. Ballet is tough!
Speaker2: I can't imagine VCTM in a tutu. LOL.
Speaker8: Ballet requires a lot of strength and discipline. It's impressive.
Speaker4: Yeah, but still. A guy doing ballet?
Speaker9: I gotta admit, it's a bit funny, VCTM.
Speaker3: Why is it funny? It's a form o",not_harmful,not_harmful
49,"Speaker5: Ballet is so cool, VCTM! You must be really talented.
Speaker6: I didn't know you were into that kind of stuff, dude. Weird.
Speaker7: Nothing weird about it. Ballet is tough!
Speaker2: I can't imagine VCTM in a tutu. LOL.
Speaker8: Ballet requires a lot of strength and discipline. It's impressive.
Speaker4: Yeah, but still. A guy doing ballet?
Speaker9: I gotta admit, it's a bit funny, VCTM.
Speaker3: Why is it funny? It's a form of art.
Speaker2: Art? More like prancing around.",not_harmful,harmful
50,"Speaker6: I didn't know you were into that kind of stuff, dude. Weird.
Speaker7: Nothing weird about it. Ballet is tough!
Speaker2: I can't imagine VCTM in a tutu. LOL.
Speaker8: Ballet requires a lot of strength and discipline. It's impressive.
Speaker4: Yeah, but still. A guy doing ballet?
Speaker9: I gotta admit, it's a bit funny, VCTM.
Speaker3: Why is it funny? It's a form of art.
Speaker2: Art? More like prancing around.
Speaker1: It's just something I love. Hope you can see that.",not_harmful,not_harmful
51,"Speaker7: Nothing weird about it. Ballet is tough!
Speaker2: I can't imagine VCTM in a tutu. LOL.
Speaker8: Ballet requires a lot of strength and discipline. It's impressive.
Speaker4: Yeah, but still. A guy doing ballet?
Speaker9: I gotta admit, it's a bit funny, VCTM.
Speaker3: Why is it funny? It's a form of art.
Speaker2: Art? More like prancing around.
Speaker1: It's just something I love. Hope you can see that.
Speaker10: I guess, if that's your thing.",not_harmful,not_harmful
52,"Speaker2: I can't imagine VCTM in a tutu. LOL.
Speaker8: Ballet requires a lot of strength and discipline. It's impressive.
Speaker4: Yeah, but still. A guy doing ballet?
Speaker9: I gotta admit, it's a bit funny, VCTM.
Speaker3: Why is it funny? It's a form of art.
Speaker2: Art? More like prancing around.
Speaker1: It's just something I love. Hope you can see that.
Speaker10: I guess, if that's your thing.
Speaker5: It takes guts to perform in front of others, especially with this kind of atti",not_harmful,not_harmful
53,"Speaker8: Ballet requires a lot of strength and discipline. It's impressive.
Speaker4: Yeah, but still. A guy doing ballet?
Speaker9: I gotta admit, it's a bit funny, VCTM.
Speaker3: Why is it funny? It's a form of art.
Speaker2: Art? More like prancing around.
Speaker1: It's just something I love. Hope you can see that.
Speaker10: I guess, if that's your thing.
Speaker5: It takes guts to perform in front of others, especially with this kind of attitude.
Speaker4: Whatever, I'd rather play sport",not_harmful,not_harmful
54,"Speaker4: Yeah, but still. A guy doing ballet?
Speaker9: I gotta admit, it's a bit funny, VCTM.
Speaker3: Why is it funny? It's a form of art.
Speaker2: Art? More like prancing around.
Speaker1: It's just something I love. Hope you can see that.
Speaker10: I guess, if that's your thing.
Speaker5: It takes guts to perform in front of others, especially with this kind of attitude.
Speaker4: Whatever, I'd rather play sports.
Speaker7: Ballet is a sport too, a really demanding one.",not_harmful,not_harmful
55,"Speaker9: I gotta admit, it's a bit funny, VCTM.
Speaker3: Why is it funny? It's a form of art.
Speaker2: Art? More like prancing around.
Speaker1: It's just something I love. Hope you can see that.
Speaker10: I guess, if that's your thing.
Speaker5: It takes guts to perform in front of others, especially with this kind of attitude.
Speaker4: Whatever, I'd rather play sports.
Speaker7: Ballet is a sport too, a really demanding one.
Speaker11: I mean, come on. VCTM in tights? That's a sight.",harmful,harmful
56,"Speaker3: Why is it funny? It's a form of art.
Speaker2: Art? More like prancing around.
Speaker1: It's just something I love. Hope you can see that.
Speaker10: I guess, if that's your thing.
Speaker5: It takes guts to perform in front of others, especially with this kind of attitude.
Speaker4: Whatever, I'd rather play sports.
Speaker7: Ballet is a sport too, a really demanding one.
Speaker11: I mean, come on. VCTM in tights? That's a sight.
Speaker1: It's part of the costume, haha. It helps wi",not_harmful,not_harmful
57,"Speaker2: Art? More like prancing around.
Speaker1: It's just something I love. Hope you can see that.
Speaker10: I guess, if that's your thing.
Speaker5: It takes guts to perform in front of others, especially with this kind of attitude.
Speaker4: Whatever, I'd rather play sports.
Speaker7: Ballet is a sport too, a really demanding one.
Speaker11: I mean, come on. VCTM in tights? That's a sight.
Speaker1: It's part of the costume, haha. It helps with movement.
Speaker8: Don't mind them, VCTM. Y",not_harmful,not_harmful
58,"Speaker1: It's just something I love. Hope you can see that.
Speaker10: I guess, if that's your thing.
Speaker5: It takes guts to perform in front of others, especially with this kind of attitude.
Speaker4: Whatever, I'd rather play sports.
Speaker7: Ballet is a sport too, a really demanding one.
Speaker11: I mean, come on. VCTM in tights? That's a sight.
Speaker1: It's part of the costume, haha. It helps with movement.
Speaker8: Don't mind them, VCTM. You're awesome.
Speaker2: Wouldn't catch me",not_harmful,not_harmful
59,"Speaker10: I guess, if that's your thing.
Speaker5: It takes guts to perform in front of others, especially with this kind of attitude.
Speaker4: Whatever, I'd rather play sports.
Speaker7: Ballet is a sport too, a really demanding one.
Speaker11: I mean, come on. VCTM in tights? That's a sight.
Speaker1: It's part of the costume, haha. It helps with movement.
Speaker8: Don't mind them, VCTM. You're awesome.
Speaker2: Wouldn't catch me dead in ballet shoes.
Speaker3: You're missing out on someth",not_harmful,not_harmful
60,"Speaker5: It takes guts to perform in front of others, especially with this kind of attitude.
Speaker4: Whatever, I'd rather play sports.
Speaker7: Ballet is a sport too, a really demanding one.
Speaker11: I mean, come on. VCTM in tights? That's a sight.
Speaker1: It's part of the costume, haha. It helps with movement.
Speaker8: Don't mind them, VCTM. You're awesome.
Speaker2: Wouldn't catch me dead in ballet shoes.
Speaker3: You're missing out on something amazing then.
Speaker6: To each his ow",not_harmful,not_harmful
61,"Speaker4: Whatever, I'd rather play sports.
Speaker7: Ballet is a sport too, a really demanding one.
Speaker11: I mean, come on. VCTM in tights? That's a sight.
Speaker1: It's part of the costume, haha. It helps with movement.
Speaker8: Don't mind them, VCTM. You're awesome.
Speaker2: Wouldn't catch me dead in ballet shoes.
Speaker3: You're missing out on something amazing then.
Speaker6: To each his own, I guess.
Speaker4: Just don't expect everyone to take it seriously.",not_harmful,not_harmful
62,"Speaker7: Ballet is a sport too, a really demanding one.
Speaker11: I mean, come on. VCTM in tights? That's a sight.
Speaker1: It's part of the costume, haha. It helps with movement.
Speaker8: Don't mind them, VCTM. You're awesome.
Speaker2: Wouldn't catch me dead in ballet shoes.
Speaker3: You're missing out on something amazing then.
Speaker6: To each his own, I guess.
Speaker4: Just don't expect everyone to take it seriously.
Speaker5: Why not? It's a serious art form.",not_harmful,not_harmful
63,"Speaker11: I mean, come on. VCTM in tights? That's a sight.
Speaker1: It's part of the costume, haha. It helps with movement.
Speaker8: Don't mind them, VCTM. You're awesome.
Speaker2: Wouldn't catch me dead in ballet shoes.
Speaker3: You're missing out on something amazing then.
Speaker6: To each his own, I guess.
Speaker4: Just don't expect everyone to take it seriously.
Speaker5: Why not? It's a serious art form.
Speaker2: Sure, if you say so.",not_harmful,not_harmful
64,"Speaker1: It's part of the costume, haha. It helps with movement.
Speaker8: Don't mind them, VCTM. You're awesome.
Speaker2: Wouldn't catch me dead in ballet shoes.
Speaker3: You're missing out on something amazing then.
Speaker6: To each his own, I guess.
Speaker4: Just don't expect everyone to take it seriously.
Speaker5: Why not? It's a serious art form.
Speaker2: Sure, if you say so.
Speaker7: People train their whole lives for ballet. It's not a joke.",not_harmful,not_harmful
65,"Speaker8: Don't mind them, VCTM. You're awesome.
Speaker2: Wouldn't catch me dead in ballet shoes.
Speaker3: You're missing out on something amazing then.
Speaker6: To each his own, I guess.
Speaker4: Just don't expect everyone to take it seriously.
Speaker5: Why not? It's a serious art form.
Speaker2: Sure, if you say so.
Speaker7: People train their whole lives for ballet. It's not a joke.
Speaker9: Didn't know you were so passionate about it, VCTM.",not_harmful,not_harmful
66,"Speaker2: Wouldn't catch me dead in ballet shoes.
Speaker3: You're missing out on something amazing then.
Speaker6: To each his own, I guess.
Speaker4: Just don't expect everyone to take it seriously.
Speaker5: Why not? It's a serious art form.
Speaker2: Sure, if you say so.
Speaker7: People train their whole lives for ballet. It's not a joke.
Speaker9: Didn't know you were so passionate about it, VCTM.
Speaker1: Thanks, I really am.",not_harmful,not_harmful
67,"Speaker3: You're missing out on something amazing then.
Speaker6: To each his own, I guess.
Speaker4: Just don't expect everyone to take it seriously.
Speaker5: Why not? It's a serious art form.
Speaker2: Sure, if you say so.
Speaker7: People train their whole lives for ballet. It's not a joke.
Speaker9: Didn't know you were so passionate about it, VCTM.
Speaker1: Thanks, I really am.
Speaker8: Keep doing what you love, VCTM. You've got supporters.",not_harmful,not_harmful
68,"Speaker6: To each his own, I guess.
Speaker4: Just don't expect everyone to take it seriously.
Speaker5: Why not? It's a serious art form.
Speaker2: Sure, if you say so.
Speaker7: People train their whole lives for ballet. It's not a joke.
Speaker9: Didn't know you were so passionate about it, VCTM.
Speaker1: Thanks, I really am.
Speaker8: Keep doing what you love, VCTM. You've got supporters.
Speaker4: I still think it's a bit... odd.",not_harmful,not_harmful
69,"Speaker4: Just don't expect everyone to take it seriously.
Speaker5: Why not? It's a serious art form.
Speaker2: Sure, if you say so.
Speaker7: People train their whole lives for ballet. It's not a joke.
Speaker9: Didn't know you were so passionate about it, VCTM.
Speaker1: Thanks, I really am.
Speaker8: Keep doing what you love, VCTM. You've got supporters.
Speaker4: I still think it's a bit... odd.
Speaker3: Odd or not, it's what makes VCTM unique.",not_harmful,not_harmful
70,"Speaker5: Why not? It's a serious art form.
Speaker2: Sure, if you say so.
Speaker7: People train their whole lives for ballet. It's not a joke.
Speaker9: Didn't know you were so passionate about it, VCTM.
Speaker1: Thanks, I really am.
Speaker8: Keep doing what you love, VCTM. You've got supporters.
Speaker4: I still think it's a bit... odd.
Speaker3: Odd or not, it's what makes VCTM unique.
Speaker10: Just not my cup of tea.",not_harmful,not_harmful
71,"Speaker2: Sure, if you say so.
Speaker7: People train their whole lives for ballet. It's not a joke.
Speaker9: Didn't know you were so passionate about it, VCTM.
Speaker1: Thanks, I really am.
Speaker8: Keep doing what you love, VCTM. You've got supporters.
Speaker4: I still think it's a bit... odd.
Speaker3: Odd or not, it's what makes VCTM unique.
Speaker10: Just not my cup of tea.
Speaker5: Not everything has to be.",not_harmful,not_harmful
72,"Speaker7: People train their whole lives for ballet. It's not a joke.
Speaker9: Didn't know you were so passionate about it, VCTM.
Speaker1: Thanks, I really am.
Speaker8: Keep doing what you love, VCTM. You've got supporters.
Speaker4: I still think it's a bit... odd.
Speaker3: Odd or not, it's what makes VCTM unique.
Speaker10: Just not my cup of tea.
Speaker5: Not everything has to be.
Speaker2: Whatever, let's see him do a pirouette or something, then we'll talk.",not_harmful,not_harmful
73,"Speaker9: Didn't know you were so passionate about it, VCTM.
Speaker1: Thanks, I really am.
Speaker8: Keep doing what you love, VCTM. You've got supporters.
Speaker4: I still think it's a bit... odd.
Speaker3: Odd or not, it's what makes VCTM unique.
Speaker10: Just not my cup of tea.
Speaker5: Not everything has to be.
Speaker2: Whatever, let's see him do a pirouette or something, then we'll talk.
Speaker11: Yeah, prove us wrong, VCTM.",harmful,not_harmful
74,"Speaker1: Thanks, I really am.
Speaker8: Keep doing what you love, VCTM. You've got supporters.
Speaker4: I still think it's a bit... odd.
Speaker3: Odd or not, it's what makes VCTM unique.
Speaker10: Just not my cup of tea.
Speaker5: Not everything has to be.
Speaker2: Whatever, let's see him do a pirouette or something, then we'll talk.
Speaker11: Yeah, prove us wrong, VCTM.
Speaker7: You don't need to prove anything to anyone.",not_harmful,not_harmful
75,"Speaker8: Keep doing what you love, VCTM. You've got supporters.
Speaker4: I still think it's a bit... odd.
Speaker3: Odd or not, it's what makes VCTM unique.
Speaker10: Just not my cup of tea.
Speaker5: Not everything has to be.
Speaker2: Whatever, let's see him do a pirouette or something, then we'll talk.
Speaker11: Yeah, prove us wrong, VCTM.
Speaker7: You don't need to prove anything to anyone.
Speaker1: I just hope you'll come watch and decide for yourselves.",not_harmful,not_harmful
76,"Speaker4: I still think it's a bit... odd.
Speaker3: Odd or not, it's what makes VCTM unique.
Speaker10: Just not my cup of tea.
Speaker5: Not everything has to be.
Speaker2: Whatever, let's see him do a pirouette or something, then we'll talk.
Speaker11: Yeah, prove us wrong, VCTM.
Speaker7: You don't need to prove anything to anyone.
Speaker1: I just hope you'll come watch and decide for yourselves.
Speaker8: I'll be there cheering for you!",not_harmful,not_harmful
77,"Speaker3: Odd or not, it's what makes VCTM unique.
Speaker10: Just not my cup of tea.
Speaker5: Not everything has to be.
Speaker2: Whatever, let's see him do a pirouette or something, then we'll talk.
Speaker11: Yeah, prove us wrong, VCTM.
Speaker7: You don't need to prove anything to anyone.
Speaker1: I just hope you'll come watch and decide for yourselves.
Speaker8: I'll be there cheering for you!
Speaker6: Might check it out, just this once.",not_harmful,not_harmful
78,"Speaker10: Just not my cup of tea.
Speaker5: Not everything has to be.
Speaker2: Whatever, let's see him do a pirouette or something, then we'll talk.
Speaker11: Yeah, prove us wrong, VCTM.
Speaker7: You don't need to prove anything to anyone.
Speaker1: I just hope you'll come watch and decide for yourselves.
Speaker8: I'll be there cheering for you!
Speaker6: Might check it out, just this once.
Speaker4: I dunno, man.",not_harmful,not_harmful
79,"Speaker5: Not everything has to be.
Speaker2: Whatever, let's see him do a pirouette or something, then we'll talk.
Speaker11: Yeah, prove us wrong, VCTM.
Speaker7: You don't need to prove anything to anyone.
Speaker1: I just hope you'll come watch and decide for yourselves.
Speaker8: I'll be there cheering for you!
Speaker6: Might check it out, just this once.
Speaker4: I dunno, man.
Speaker3: It's VCTM's passion, and that's something to respect.",not_harmful,not_harmful
80,"Speaker2: Whatever, let's see him do a pirouette or something, then we'll talk.
Speaker11: Yeah, prove us wrong, VCTM.
Speaker7: You don't need to prove anything to anyone.
Speaker1: I just hope you'll come watch and decide for yourselves.
Speaker8: I'll be there cheering for you!
Speaker6: Might check it out, just this once.
Speaker4: I dunno, man.
Speaker3: It's VCTM's passion, and that's something to respect.
Speaker2: Guess it's better than sitting around doing nothing.",not_harmful,not_harmful
81,"Speaker11: Yeah, prove us wrong, VCTM.
Speaker7: You don't need to prove anything to anyone.
Speaker1: I just hope you'll come watch and decide for yourselves.
Speaker8: I'll be there cheering for you!
Speaker6: Might check it out, just this once.
Speaker4: I dunno, man.
Speaker3: It's VCTM's passion, and that's something to respect.
Speaker2: Guess it's better than sitting around doing nothing.
Speaker5: Definitely. It's an incredible workout.",not_harmful,not_harmful
82,"Speaker7: You don't need to prove anything to anyone.
Speaker1: I just hope you'll come watch and decide for yourselves.
Speaker8: I'll be there cheering for you!
Speaker6: Might check it out, just this once.
Speaker4: I dunno, man.
Speaker3: It's VCTM's passion, and that's something to respect.
Speaker2: Guess it's better than sitting around doing nothing.
Speaker5: Definitely. It's an incredible workout.
Speaker9: Is it like in those movies where they do crazy flips?",not_harmful,not_harmful
83,"Speaker1: I just hope you'll come watch and decide for yourselves.
Speaker8: I'll be there cheering for you!
Speaker6: Might check it out, just this once.
Speaker4: I dunno, man.
Speaker3: It's VCTM's passion, and that's something to respect.
Speaker2: Guess it's better than sitting around doing nothing.
Speaker5: Definitely. It's an incredible workout.
Speaker9: Is it like in those movies where they do crazy flips?
Speaker1: Sometimes! It's pretty exciting.",not_harmful,not_harmful
84,"Speaker8: I'll be there cheering for you!
Speaker6: Might check it out, just this once.
Speaker4: I dunno, man.
Speaker3: It's VCTM's passion, and that's something to respect.
Speaker2: Guess it's better than sitting around doing nothing.
Speaker5: Definitely. It's an incredible workout.
Speaker9: Is it like in those movies where they do crazy flips?
Speaker1: Sometimes! It's pretty exciting.
Speaker7: You'll be amazed by what dancers can do!",not_harmful,not_harmful
85,"Speaker6: Might check it out, just this once.
Speaker4: I dunno, man.
Speaker3: It's VCTM's passion, and that's something to respect.
Speaker2: Guess it's better than sitting around doing nothing.
Speaker5: Definitely. It's an incredible workout.
Speaker9: Is it like in those movies where they do crazy flips?
Speaker1: Sometimes! It's pretty exciting.
Speaker7: You'll be amazed by what dancers can do!
Speaker4: If you say so, still sounds boring.",not_harmful,not_harmful
86,"Speaker4: I dunno, man.
Speaker3: It's VCTM's passion, and that's something to respect.
Speaker2: Guess it's better than sitting around doing nothing.
Speaker5: Definitely. It's an incredible workout.
Speaker9: Is it like in those movies where they do crazy flips?
Speaker1: Sometimes! It's pretty exciting.
Speaker7: You'll be amazed by what dancers can do!
Speaker4: If you say so, still sounds boring.
Speaker8: Only one way to find out.",not_harmful,not_harmful
87,"Speaker3: It's VCTM's passion, and that's something to respect.
Speaker2: Guess it's better than sitting around doing nothing.
Speaker5: Definitely. It's an incredible workout.
Speaker9: Is it like in those movies where they do crazy flips?
Speaker1: Sometimes! It's pretty exciting.
Speaker7: You'll be amazed by what dancers can do!
Speaker4: If you say so, still sounds boring.
Speaker8: Only one way to find out.
Speaker10: I might just come to see what it's all about.",not_harmful,not_harmful
88,"Speaker2: Guess it's better than sitting around doing nothing.
Speaker5: Definitely. It's an incredible workout.
Speaker9: Is it like in those movies where they do crazy flips?
Speaker1: Sometimes! It's pretty exciting.
Speaker7: You'll be amazed by what dancers can do!
Speaker4: If you say so, still sounds boring.
Speaker8: Only one way to find out.
Speaker10: I might just come to see what it's all about.
Speaker3: You won't regret it. It's a great experience.",not_harmful,not_harmful
89,"Speaker5: Definitely. It's an incredible workout.
Speaker9: Is it like in those movies where they do crazy flips?
Speaker1: Sometimes! It's pretty exciting.
Speaker7: You'll be amazed by what dancers can do!
Speaker4: If you say so, still sounds boring.
Speaker8: Only one way to find out.
Speaker10: I might just come to see what it's all about.
Speaker3: You won't regret it. It's a great experience.
Speaker2: Fine, I'll give it a shot. But no promises.",not_harmful,not_harmful
90,"Speaker9: Is it like in those movies where they do crazy flips?
Speaker1: Sometimes! It's pretty exciting.
Speaker7: You'll be amazed by what dancers can do!
Speaker4: If you say so, still sounds boring.
Speaker8: Only one way to find out.
Speaker10: I might just come to see what it's all about.
Speaker3: You won't regret it. It's a great experience.
Speaker2: Fine, I'll give it a shot. But no promises.
Speaker5: That's great, BULLY1. You might be surprised!",not_harmful,not_harmful
91,"Speaker1: Sometimes! It's pretty exciting.
Speaker7: You'll be amazed by what dancers can do!
Speaker4: If you say so, still sounds boring.
Speaker8: Only one way to find out.
Speaker10: I might just come to see what it's all about.
Speaker3: You won't regret it. It's a great experience.
Speaker2: Fine, I'll give it a shot. But no promises.
Speaker5: That's great, BULLY1. You might be surprised!
Speaker11: Yeah, maybe it's not as lame as I thought.",not_harmful,not_harmful
92,"Speaker7: You'll be amazed by what dancers can do!
Speaker4: If you say so, still sounds boring.
Speaker8: Only one way to find out.
Speaker10: I might just come to see what it's all about.
Speaker3: You won't regret it. It's a great experience.
Speaker2: Fine, I'll give it a shot. But no promises.
Speaker5: That's great, BULLY1. You might be surprised!
Speaker11: Yeah, maybe it's not as lame as I thought.
Speaker1: Thanks, everyone. It means a lot.",not_harmful,not_harmful
93,"Speaker4: If you say so, still sounds boring.
Speaker8: Only one way to find out.
Speaker10: I might just come to see what it's all about.
Speaker3: You won't regret it. It's a great experience.
Speaker2: Fine, I'll give it a shot. But no promises.
Speaker5: That's great, BULLY1. You might be surprised!
Speaker11: Yeah, maybe it's not as lame as I thought.
Speaker1: Thanks, everyone. It means a lot.
Speaker7: We've got your back, VCTM!",not_harmful,not_harmful
94,"Speaker8: Only one way to find out.
Speaker10: I might just come to see what it's all about.
Speaker3: You won't regret it. It's a great experience.
Speaker2: Fine, I'll give it a shot. But no promises.
Speaker5: That's great, BULLY1. You might be surprised!
Speaker11: Yeah, maybe it's not as lame as I thought.
Speaker1: Thanks, everyone. It means a lot.
Speaker7: We've got your back, VCTM!
Speaker4: Don't get your hopes up, still might be a snooze fest.",not_harmful,not_harmful
95,"Speaker10: I might just come to see what it's all about.
Speaker3: You won't regret it. It's a great experience.
Speaker2: Fine, I'll give it a shot. But no promises.
Speaker5: That's great, BULLY1. You might be surprised!
Speaker11: Yeah, maybe it's not as lame as I thought.
Speaker1: Thanks, everyone. It means a lot.
Speaker7: We've got your back, VCTM!
Speaker4: Don't get your hopes up, still might be a snooze fest.
Speaker8: Better than not trying anything new at all.",not_harmful,not_harmful
96,"Speaker3: You won't regret it. It's a great experience.
Speaker2: Fine, I'll give it a shot. But no promises.
Speaker5: That's great, BULLY1. You might be surprised!
Speaker11: Yeah, maybe it's not as lame as I thought.
Speaker1: Thanks, everyone. It means a lot.
Speaker7: We've got your back, VCTM!
Speaker4: Don't get your hopes up, still might be a snooze fest.
Speaker8: Better than not trying anything new at all.
Speaker6: Maybe it'll be fun. Who knows?",not_harmful,not_harmful
97,"Speaker2: Fine, I'll give it a shot. But no promises.
Speaker5: That's great, BULLY1. You might be surprised!
Speaker11: Yeah, maybe it's not as lame as I thought.
Speaker1: Thanks, everyone. It means a lot.
Speaker7: We've got your back, VCTM!
Speaker4: Don't get your hopes up, still might be a snooze fest.
Speaker8: Better than not trying anything new at all.
Speaker6: Maybe it'll be fun. Who knows?
Speaker3: Exactly! Let's support our friend.",not_harmful,not_harmful
98,"Speaker5: That's great, BULLY1. You might be surprised!
Speaker11: Yeah, maybe it's not as lame as I thought.
Speaker1: Thanks, everyone. It means a lot.
Speaker7: We've got your back, VCTM!
Speaker4: Don't get your hopes up, still might be a snooze fest.
Speaker8: Better than not trying anything new at all.
Speaker6: Maybe it'll be fun. Who knows?
Speaker3: Exactly! Let's support our friend.
Speaker2: Alright, alright. Show us what you got, VCTM.",not_harmful,not_harmful
99,"Speaker11: Yeah, maybe it's not as lame as I thought.
Speaker1: Thanks, everyone. It means a lot.
Speaker7: We've got your back, VCTM!
Speaker4: Don't get your hopes up, still might be a snooze fest.
Speaker8: Better than not trying anything new at all.
Speaker6: Maybe it'll be fun. Who knows?
Speaker3: Exactly! Let's support our friend.
Speaker2: Alright, alright. Show us what you got, VCTM.
Speaker1: Will do! Hope to see you all there.",not_harmful,not_harmful
100,"Speaker1: Thanks, everyone. It means a lot.
Speaker7: We've got your back, VCTM!
Speaker4: Don't get your hopes up, still might be a snooze fest.
Speaker8: Better than not trying anything new at all.
Speaker6: Maybe it'll be fun. Who knows?
Speaker3: Exactly! Let's support our friend.
Speaker2: Alright, alright. Show us what you got, VCTM.
Speaker1: Will do! Hope to see you all there.
Speaker5: Count me in!",not_harmful,not_harmful
101,"Speaker7: We've got your back, VCTM!
Speaker4: Don't get your hopes up, still might be a snooze fest.
Speaker8: Better than not trying anything new at all.
Speaker6: Maybe it'll be fun. Who knows?
Speaker3: Exactly! Let's support our friend.
Speaker2: Alright, alright. Show us what you got, VCTM.
Speaker1: Will do! Hope to see you all there.
Speaker5: Count me in!
Speaker9: Yeah, okay. Why not.",not_harmful,not_harmful
102,"Speaker4: Don't get your hopes up, still might be a snooze fest.
Speaker8: Better than not trying anything new at all.
Speaker6: Maybe it'll be fun. Who knows?
Speaker3: Exactly! Let's support our friend.
Speaker2: Alright, alright. Show us what you got, VCTM.
Speaker1: Will do! Hope to see you all there.
Speaker5: Count me in!
Speaker9: Yeah, okay. Why not.
Speaker7: Let's make it a fun day out!",not_harmful,not_harmful
103,"Speaker8: Better than not trying anything new at all.
Speaker6: Maybe it'll be fun. Who knows?
Speaker3: Exactly! Let's support our friend.
Speaker2: Alright, alright. Show us what you got, VCTM.
Speaker1: Will do! Hope to see you all there.
Speaker5: Count me in!
Speaker9: Yeah, okay. Why not.
Speaker7: Let's make it a fun day out!
Speaker4: Still skeptical, but whatever.",not_harmful,not_harmful
104,"Speaker6: Maybe it'll be fun. Who knows?
Speaker3: Exactly! Let's support our friend.
Speaker2: Alright, alright. Show us what you got, VCTM.
Speaker1: Will do! Hope to see you all there.
Speaker5: Count me in!
Speaker9: Yeah, okay. Why not.
Speaker7: Let's make it a fun day out!
Speaker4: Still skeptical, but whatever.
Speaker8: You'll see, BULLY2. Can't wait!",not_harmful,not_harmful
105,"Speaker3: Exactly! Let's support our friend.
Speaker2: Alright, alright. Show us what you got, VCTM.
Speaker1: Will do! Hope to see you all there.
Speaker5: Count me in!
Speaker9: Yeah, okay. Why not.
Speaker7: Let's make it a fun day out!
Speaker4: Still skeptical, but whatever.
Speaker8: You'll see, BULLY2. Can't wait!
Speaker10: Guess we'll find out soon enough.",not_harmful,not_harmful
106,"Speaker2: Alright, alright. Show us what you got, VCTM.
Speaker1: Will do! Hope to see you all there.
Speaker5: Count me in!
Speaker9: Yeah, okay. Why not.
Speaker7: Let's make it a fun day out!
Speaker4: Still skeptical, but whatever.
Speaker8: You'll see, BULLY2. Can't wait!
Speaker10: Guess we'll find out soon enough.
Speaker1: Thanks for considering it, everyone.",not_harmful,not_harmful
107,"Speaker1: Will do! Hope to see you all there.
Speaker5: Count me in!
Speaker9: Yeah, okay. Why not.
Speaker7: Let's make it a fun day out!
Speaker4: Still skeptical, but whatever.
Speaker8: You'll see, BULLY2. Can't wait!
Speaker10: Guess we'll find out soon enough.
Speaker1: Thanks for considering it, everyone.
Speaker3: We're proud of you, VCTM.",not_harmful,not_harmful
108,"Speaker5: Count me in!
Speaker9: Yeah, okay. Why not.
Speaker7: Let's make it a fun day out!
Speaker4: Still skeptical, but whatever.
Speaker8: You'll see, BULLY2. Can't wait!
Speaker10: Guess we'll find out soon enough.
Speaker1: Thanks for considering it, everyone.
Speaker3: We're proud of you, VCTM.
Speaker11: Don't let us down, haha.",not_harmful,not_harmful
109,"Speaker9: Yeah, okay. Why not.
Speaker7: Let's make it a fun day out!
Speaker4: Still skeptical, but whatever.
Speaker8: You'll see, BULLY2. Can't wait!
Speaker10: Guess we'll find out soon enough.
Speaker1: Thanks for considering it, everyone.
Speaker3: We're proud of you, VCTM.
Speaker11: Don't let us down, haha.
Speaker5: He won't. I'm sure of it.",not_harmful,not_harmful
110,"Speaker7: Let's make it a fun day out!
Speaker4: Still skeptical, but whatever.
Speaker8: You'll see, BULLY2. Can't wait!
Speaker10: Guess we'll find out soon enough.
Speaker1: Thanks for considering it, everyone.
Speaker3: We're proud of you, VCTM.
Speaker11: Don't let us down, haha.
Speaker5: He won't. I'm sure of it.
Speaker2: Alright, let's see this ballet then.",not_harmful,not_harmful
111,"Speaker4: Still skeptical, but whatever.
Speaker8: You'll see, BULLY2. Can't wait!
Speaker10: Guess we'll find out soon enough.
Speaker1: Thanks for considering it, everyone.
Speaker3: We're proud of you, VCTM.
Speaker11: Don't let us down, haha.
Speaker5: He won't. I'm sure of it.
Speaker2: Alright, let's see this ballet then.
Speaker7: Looking forward to it!",not_harmful,not_harmful
112,"Speaker1: Hey everyone, did you hear what [VCTM] did? Snitched to the teacher like the little rat they are!",harmful,harmful
113,"Speaker1: Hey everyone, did you hear what [VCTM] did? Snitched to the teacher like the little rat they are!
Speaker2: Yeah, now we're all screwed. Three days suspension because someone can't mind their own business.",not_harmful,harmful
114,"Speaker1: Hey everyone, did you hear what [VCTM] did? Snitched to the teacher like the little rat they are!
Speaker2: Yeah, now we're all screwed. Three days suspension because someone can't mind their own business.
Speaker3: Seriously, [VCTM]? Why do you always have to be the teacher's pet? You're such a loser.",harmful,harmful
115,"Speaker1: Hey everyone, did you hear what [VCTM] did? Snitched to the teacher like the little rat they are!
Speaker2: Yeah, now we're all screwed. Three days suspension because someone can't mind their own business.
Speaker3: Seriously, [VCTM]? Why do you always have to be the teacher's pet? You're such a loser.
Speaker4: Hey, back off! [VCTM] was just doing what they thought was right.",not_harmful,not_harmful
116,"Speaker1: Hey everyone, did you hear what [VCTM] did? Snitched to the teacher like the little rat they are!
Speaker2: Yeah, now we're all screwed. Three days suspension because someone can't mind their own business.
Speaker3: Seriously, [VCTM]? Why do you always have to be the teacher's pet? You're such a loser.
Speaker4: Hey, back off! [VCTM] was just doing what they thought was right.
Speaker5: I didn't mean to get anyone in trouble. I was just worried about everyone's health.",not_harmful,not_harmful
117,"Speaker1: Hey everyone, did you hear what [VCTM] did? Snitched to the teacher like the little rat they are!
Speaker2: Yeah, now we're all screwed. Three days suspension because someone can't mind their own business.
Speaker3: Seriously, [VCTM]? Why do you always have to be the teacher's pet? You're such a loser.
Speaker4: Hey, back off! [VCTM] was just doing what they thought was right.
Speaker5: I didn't mean to get anyone in trouble. I was just worried about everyone's health.
Speaker6: Classi",harmful,not_harmful
118,"Speaker1: Hey everyone, did you hear what [VCTM] did? Snitched to the teacher like the little rat they are!
Speaker2: Yeah, now we're all screwed. Three days suspension because someone can't mind their own business.
Speaker3: Seriously, [VCTM]? Why do you always have to be the teacher's pet? You're such a loser.
Speaker4: Hey, back off! [VCTM] was just doing what they thought was right.
Speaker5: I didn't mean to get anyone in trouble. I was just worried about everyone's health.
Speaker6: Classi",not_harmful,not_harmful
119,"Speaker1: Hey everyone, did you hear what [VCTM] did? Snitched to the teacher like the little rat they are!
Speaker2: Yeah, now we're all screwed. Three days suspension because someone can't mind their own business.
Speaker3: Seriously, [VCTM]? Why do you always have to be the teacher's pet? You're such a loser.
Speaker4: Hey, back off! [VCTM] was just doing what they thought was right.
Speaker5: I didn't mean to get anyone in trouble. I was just worried about everyone's health.
Speaker6: Classi",not_harmful,harmful
120,"Speaker1: Hey everyone, did you hear what [VCTM] did? Snitched to the teacher like the little rat they are!
Speaker2: Yeah, now we're all screwed. Three days suspension because someone can't mind their own business.
Speaker3: Seriously, [VCTM]? Why do you always have to be the teacher's pet? You're such a loser.
Speaker4: Hey, back off! [VCTM] was just doing what they thought was right.
Speaker5: I didn't mean to get anyone in trouble. I was just worried about everyone's health.
Speaker6: Classi",not_harmful,not_harmful
121,"Speaker2: Yeah, now we're all screwed. Three days suspension because someone can't mind their own business.
Speaker3: Seriously, [VCTM]? Why do you always have to be the teacher's pet? You're such a loser.
Speaker4: Hey, back off! [VCTM] was just doing what they thought was right.
Speaker5: I didn't mean to get anyone in trouble. I was just worried about everyone's health.
Speaker6: Classic [VCTM], acting all high and mighty. Who do you think you are?
Speaker7: [VCTM] didn't do anything wrong. S",not_harmful,not_harmful
122,"Speaker3: Seriously, [VCTM]? Why do you always have to be the teacher's pet? You're such a loser.
Speaker4: Hey, back off! [VCTM] was just doing what they thought was right.
Speaker5: I didn't mean to get anyone in trouble. I was just worried about everyone's health.
Speaker6: Classic [VCTM], acting all high and mighty. Who do you think you are?
Speaker7: [VCTM] didn't do anything wrong. Smoking at school is against the rules anyway.
Speaker1: Rules, schmules. Who cares? We weren't bothering any",not_harmful,not_harmful
123,"Speaker4: Hey, back off! [VCTM] was just doing what they thought was right.
Speaker5: I didn't mean to get anyone in trouble. I was just worried about everyone's health.
Speaker6: Classic [VCTM], acting all high and mighty. Who do you think you are?
Speaker7: [VCTM] didn't do anything wrong. Smoking at school is against the rules anyway.
Speaker1: Rules, schmules. Who cares? We weren't bothering anyone.
Speaker8: If you weren't bothering anyone, why do you care so much about getting caught?
Spea",not_harmful,harmful
124,"Speaker5: I didn't mean to get anyone in trouble. I was just worried about everyone's health.
Speaker6: Classic [VCTM], acting all high and mighty. Who do you think you are?
Speaker7: [VCTM] didn't do anything wrong. Smoking at school is against the rules anyway.
Speaker1: Rules, schmules. Who cares? We weren't bothering anyone.
Speaker8: If you weren't bothering anyone, why do you care so much about getting caught?
Speaker9: Because it's none of [VCTM]'s business! We could have handled it ourse",not_harmful,not_harmful
125,"Speaker6: Classic [VCTM], acting all high and mighty. Who do you think you are?
Speaker7: [VCTM] didn't do anything wrong. Smoking at school is against the rules anyway.
Speaker1: Rules, schmules. Who cares? We weren't bothering anyone.
Speaker8: If you weren't bothering anyone, why do you care so much about getting caught?
Speaker9: Because it's none of [VCTM]'s business! We could have handled it ourselves.
Speaker5: I'm really sorry if I caused any problems. I just didn't want anyone to get hu",not_harmful,not_harmful
126,"Speaker7: [VCTM] didn't do anything wrong. Smoking at school is against the rules anyway.
Speaker1: Rules, schmules. Who cares? We weren't bothering anyone.
Speaker8: If you weren't bothering anyone, why do you care so much about getting caught?
Speaker9: Because it's none of [VCTM]'s business! We could have handled it ourselves.
Speaker5: I'm really sorry if I caused any problems. I just didn't want anyone to get hurt.
Speaker2: Hurt? From a few cigs? You're dramatic, [VCTM].
Speaker10: Smoking",not_harmful,not_harmful
127,"Speaker1: Rules, schmules. Who cares? We weren't bothering anyone.
Speaker8: If you weren't bothering anyone, why do you care so much about getting caught?
Speaker9: Because it's none of [VCTM]'s business! We could have handled it ourselves.
Speaker5: I'm really sorry if I caused any problems. I just didn't want anyone to get hurt.
Speaker2: Hurt? From a few cigs? You're dramatic, [VCTM].
Speaker10: Smoking can be dangerous, especially at our age. [VCTM] just cared about that.
Speaker11: Oh plea",not_harmful,not_harmful
128,"Speaker8: If you weren't bothering anyone, why do you care so much about getting caught?
Speaker9: Because it's none of [VCTM]'s business! We could have handled it ourselves.
Speaker5: I'm really sorry if I caused any problems. I just didn't want anyone to get hurt.
Speaker2: Hurt? From a few cigs? You're dramatic, [VCTM].
Speaker10: Smoking can be dangerous, especially at our age. [VCTM] just cared about that.
Speaker11: Oh please, stop pretending it's about “caring.” [VCTM] just wanted to look",not_harmful,not_harmful
129,"Speaker9: Because it's none of [VCTM]'s business! We could have handled it ourselves.
Speaker5: I'm really sorry if I caused any problems. I just didn't want anyone to get hurt.
Speaker2: Hurt? From a few cigs? You're dramatic, [VCTM].
Speaker10: Smoking can be dangerous, especially at our age. [VCTM] just cared about that.
Speaker11: Oh please, stop pretending it's about “caring.” [VCTM] just wanted to look good for the teachers.
Speaker4: That's not true. Not everyone is out to get you.
Speake",harmful,harmful
130,"Speaker5: I'm really sorry if I caused any problems. I just didn't want anyone to get hurt.
Speaker2: Hurt? From a few cigs? You're dramatic, [VCTM].
Speaker10: Smoking can be dangerous, especially at our age. [VCTM] just cared about that.
Speaker11: Oh please, stop pretending it's about “caring.” [VCTM] just wanted to look good for the teachers.
Speaker4: That's not true. Not everyone is out to get you.
Speaker1: Whatever, I'm done with [VCTM]. Can't stand snitches.
Speaker7: Let's just move on",not_harmful,not_harmful
131,"Speaker2: Hurt? From a few cigs? You're dramatic, [VCTM].
Speaker10: Smoking can be dangerous, especially at our age. [VCTM] just cared about that.
Speaker11: Oh please, stop pretending it's about “caring.” [VCTM] just wanted to look good for the teachers.
Speaker4: That's not true. Not everyone is out to get you.
Speaker1: Whatever, I'm done with [VCTM]. Can't stand snitches.
Speaker7: Let's just move on. This isn't helping anyone.
Speaker6: Maybe, but [VCTM] better watch their back next time.
",not_harmful,not_harmful
132,"Speaker10: Smoking can be dangerous, especially at our age. [VCTM] just cared about that.
Speaker11: Oh please, stop pretending it's about “caring.” [VCTM] just wanted to look good for the teachers.
Speaker4: That's not true. Not everyone is out to get you.
Speaker1: Whatever, I'm done with [VCTM]. Can't stand snitches.
Speaker7: Let's just move on. This isn't helping anyone.
Speaker6: Maybe, but [VCTM] better watch their back next time.
Speaker5: I'll do my best to stay out of it. I promise.
Sp",harmful,not_harmful
133,"Speaker11: Oh please, stop pretending it's about “caring.” [VCTM] just wanted to look good for the teachers.
Speaker4: That's not true. Not everyone is out to get you.
Speaker1: Whatever, I'm done with [VCTM]. Can't stand snitches.
Speaker7: Let's just move on. This isn't helping anyone.
Speaker6: Maybe, but [VCTM] better watch their back next time.
Speaker5: I'll do my best to stay out of it. I promise.
Speaker8: You don't have to change who you are, [VCTM]. Just be yourself.
Speaker9: Yeah, be",not_harmful,not_harmful
134,"Speaker4: That's not true. Not everyone is out to get you.
Speaker1: Whatever, I'm done with [VCTM]. Can't stand snitches.
Speaker7: Let's just move on. This isn't helping anyone.
Speaker6: Maybe, but [VCTM] better watch their back next time.
Speaker5: I'll do my best to stay out of it. I promise.
Speaker8: You don't have to change who you are, [VCTM]. Just be yourself.
Speaker9: Yeah, be yourself somewhere else. We don't need this drama.
Speaker10: Drama? This isn't a TV show. It's real life, a",harmful,harmful
135,"Speaker1: Whatever, I'm done with [VCTM]. Can't stand snitches.
Speaker7: Let's just move on. This isn't helping anyone.
Speaker6: Maybe, but [VCTM] better watch their back next time.
Speaker5: I'll do my best to stay out of it. I promise.
Speaker8: You don't have to change who you are, [VCTM]. Just be yourself.
Speaker9: Yeah, be yourself somewhere else. We don't need this drama.
Speaker10: Drama? This isn't a TV show. It's real life, and people make mistakes.
Speaker2: Mistake or not, now we'r",not_harmful,not_harmful
136,"Speaker7: Let's just move on. This isn't helping anyone.
Speaker6: Maybe, but [VCTM] better watch their back next time.
Speaker5: I'll do my best to stay out of it. I promise.
Speaker8: You don't have to change who you are, [VCTM]. Just be yourself.
Speaker9: Yeah, be yourself somewhere else. We don't need this drama.
Speaker10: Drama? This isn't a TV show. It's real life, and people make mistakes.
Speaker2: Mistake or not, now we're all suffering because of [VCTM].
Speaker4: It's not just on [V",not_harmful,not_harmful
137,"Speaker6: Maybe, but [VCTM] better watch their back next time.
Speaker5: I'll do my best to stay out of it. I promise.
Speaker8: You don't have to change who you are, [VCTM]. Just be yourself.
Speaker9: Yeah, be yourself somewhere else. We don't need this drama.
Speaker10: Drama? This isn't a TV show. It's real life, and people make mistakes.
Speaker2: Mistake or not, now we're all suffering because of [VCTM].
Speaker4: It's not just on [VCTM]. Everyone involved made choices.
Speaker11: Whatever",not_harmful,not_harmful
138,"Speaker5: I'll do my best to stay out of it. I promise.
Speaker8: You don't have to change who you are, [VCTM]. Just be yourself.
Speaker9: Yeah, be yourself somewhere else. We don't need this drama.
Speaker10: Drama? This isn't a TV show. It's real life, and people make mistakes.
Speaker2: Mistake or not, now we're all suffering because of [VCTM].
Speaker4: It's not just on [VCTM]. Everyone involved made choices.
Speaker11: Whatever, I'm over this conversation. Let's just forget about it.
Speak",not_harmful,not_harmful
139,"Speaker8: You don't have to change who you are, [VCTM]. Just be yourself.
Speaker9: Yeah, be yourself somewhere else. We don't need this drama.
Speaker10: Drama? This isn't a TV show. It's real life, and people make mistakes.
Speaker2: Mistake or not, now we're all suffering because of [VCTM].
Speaker4: It's not just on [VCTM]. Everyone involved made choices.
Speaker11: Whatever, I'm over this conversation. Let's just forget about it.
Speaker7: Agreed, it's not worth fighting over.
Speaker5: I r",not_harmful,not_harmful
140,"Speaker9: Yeah, be yourself somewhere else. We don't need this drama.
Speaker10: Drama? This isn't a TV show. It's real life, and people make mistakes.
Speaker2: Mistake or not, now we're all suffering because of [VCTM].
Speaker4: It's not just on [VCTM]. Everyone involved made choices.
Speaker11: Whatever, I'm over this conversation. Let's just forget about it.
Speaker7: Agreed, it's not worth fighting over.
Speaker5: I really am sorry, everyone.
Speaker1: Whatever, [VCTM]. Just don't let it ha",not_harmful,not_harmful
141,"Speaker10: Drama? This isn't a TV show. It's real life, and people make mistakes.
Speaker2: Mistake or not, now we're all suffering because of [VCTM].
Speaker4: It's not just on [VCTM]. Everyone involved made choices.
Speaker11: Whatever, I'm over this conversation. Let's just forget about it.
Speaker7: Agreed, it's not worth fighting over.
Speaker5: I really am sorry, everyone.
Speaker1: Whatever, [VCTM]. Just don't let it happen again.
Speaker8: It's okay, [VCTM]. We're here for you.
Speaker3:",not_harmful,not_harmful
142,"Speaker2: Mistake or not, now we're all suffering because of [VCTM].
Speaker4: It's not just on [VCTM]. Everyone involved made choices.
Speaker11: Whatever, I'm over this conversation. Let's just forget about it.
Speaker7: Agreed, it's not worth fighting over.
Speaker5: I really am sorry, everyone.
Speaker1: Whatever, [VCTM]. Just don't let it happen again.
Speaker8: It's okay, [VCTM]. We're here for you.
Speaker3: Yeah, yeah. Let's just focus on getting through this suspension.
Speaker10: Stay ",not_harmful,not_harmful
143,"Speaker4: It's not just on [VCTM]. Everyone involved made choices.
Speaker11: Whatever, I'm over this conversation. Let's just forget about it.
Speaker7: Agreed, it's not worth fighting over.
Speaker5: I really am sorry, everyone.
Speaker1: Whatever, [VCTM]. Just don't let it happen again.
Speaker8: It's okay, [VCTM]. We're here for you.
Speaker3: Yeah, yeah. Let's just focus on getting through this suspension.
Speaker10: Stay strong, [VCTM]. Things will get better.
Speaker2: Whatever, let's jus",not_harmful,not_harmful
144,"Speaker11: Whatever, I'm over this conversation. Let's just forget about it.
Speaker7: Agreed, it's not worth fighting over.
Speaker5: I really am sorry, everyone.
Speaker1: Whatever, [VCTM]. Just don't let it happen again.
Speaker8: It's okay, [VCTM]. We're here for you.
Speaker3: Yeah, yeah. Let's just focus on getting through this suspension.
Speaker10: Stay strong, [VCTM]. Things will get better.
Speaker2: Whatever, let's just move on.
Speaker4: We're all moving on. Just remember we're here ",not_harmful,not_harmful
145,"Speaker7: Agreed, it's not worth fighting over.
Speaker5: I really am sorry, everyone.
Speaker1: Whatever, [VCTM]. Just don't let it happen again.
Speaker8: It's okay, [VCTM]. We're here for you.
Speaker3: Yeah, yeah. Let's just focus on getting through this suspension.
Speaker10: Stay strong, [VCTM]. Things will get better.
Speaker2: Whatever, let's just move on.
Speaker4: We're all moving on. Just remember we're here for each other.
Speaker6: As long as [VCTM] keeps their nose out of our busin",not_harmful,not_harmful
146,"Speaker5: I really am sorry, everyone.
Speaker1: Whatever, [VCTM]. Just don't let it happen again.
Speaker8: It's okay, [VCTM]. We're here for you.
Speaker3: Yeah, yeah. Let's just focus on getting through this suspension.
Speaker10: Stay strong, [VCTM]. Things will get better.
Speaker2: Whatever, let's just move on.
Speaker4: We're all moving on. Just remember we're here for each other.
Speaker6: As long as [VCTM] keeps their nose out of our business next time.
Speaker7: [VCTM] will be fine. We",not_harmful,not_harmful
147,"Speaker1: Whatever, [VCTM]. Just don't let it happen again.
Speaker8: It's okay, [VCTM]. We're here for you.
Speaker3: Yeah, yeah. Let's just focus on getting through this suspension.
Speaker10: Stay strong, [VCTM]. Things will get better.
Speaker2: Whatever, let's just move on.
Speaker4: We're all moving on. Just remember we're here for each other.
Speaker6: As long as [VCTM] keeps their nose out of our business next time.
Speaker7: [VCTM] will be fine. We all learned something here.
Speaker5: ",not_harmful,not_harmful
148,"Speaker8: It's okay, [VCTM]. We're here for you.
Speaker3: Yeah, yeah. Let's just focus on getting through this suspension.
Speaker10: Stay strong, [VCTM]. Things will get better.
Speaker2: Whatever, let's just move on.
Speaker4: We're all moving on. Just remember we're here for each other.
Speaker6: As long as [VCTM] keeps their nose out of our business next time.
Speaker7: [VCTM] will be fine. We all learned something here.
Speaker5: Thanks, everyone. I'll try to make things right.
Speaker8: Y",not_harmful,not_harmful
149,"Speaker3: Yeah, yeah. Let's just focus on getting through this suspension.
Speaker10: Stay strong, [VCTM]. Things will get better.
Speaker2: Whatever, let's just move on.
Speaker4: We're all moving on. Just remember we're here for each other.
Speaker6: As long as [VCTM] keeps their nose out of our business next time.
Speaker7: [VCTM] will be fine. We all learned something here.
Speaker5: Thanks, everyone. I'll try to make things right.
Speaker8: You're doing fine, [VCTM]. Just keep being you.
Sp",not_harmful,not_harmful
150,"Speaker10: Stay strong, [VCTM]. Things will get better.
Speaker2: Whatever, let's just move on.
Speaker4: We're all moving on. Just remember we're here for each other.
Speaker6: As long as [VCTM] keeps their nose out of our business next time.
Speaker7: [VCTM] will be fine. We all learned something here.
Speaker5: Thanks, everyone. I'll try to make things right.
Speaker8: You're doing fine, [VCTM]. Just keep being you.
Speaker9: Yeah, and we'll keep doing our thing.
Speaker10: Let's just make it",not_harmful,not_harmful
151,"Speaker2: Whatever, let's just move on.
Speaker4: We're all moving on. Just remember we're here for each other.
Speaker6: As long as [VCTM] keeps their nose out of our business next time.
Speaker7: [VCTM] will be fine. We all learned something here.
Speaker5: Thanks, everyone. I'll try to make things right.
Speaker8: You're doing fine, [VCTM]. Just keep being you.
Speaker9: Yeah, and we'll keep doing our thing.
Speaker10: Let's just make it through this year without more drama.
Speaker1: Fine by",not_harmful,not_harmful
152,"Speaker4: We're all moving on. Just remember we're here for each other.
Speaker6: As long as [VCTM] keeps their nose out of our business next time.
Speaker7: [VCTM] will be fine. We all learned something here.
Speaker5: Thanks, everyone. I'll try to make things right.
Speaker8: You're doing fine, [VCTM]. Just keep being you.
Speaker9: Yeah, and we'll keep doing our thing.
Speaker10: Let's just make it through this year without more drama.
Speaker1: Fine by me. Let's just hope [VCTM] learned thei",not_harmful,not_harmful
153,"Speaker6: As long as [VCTM] keeps their nose out of our business next time.
Speaker7: [VCTM] will be fine. We all learned something here.
Speaker5: Thanks, everyone. I'll try to make things right.
Speaker8: You're doing fine, [VCTM]. Just keep being you.
Speaker9: Yeah, and we'll keep doing our thing.
Speaker10: Let's just make it through this year without more drama.
Speaker1: Fine by me. Let's just hope [VCTM] learned their lesson.
Speaker4: We all did. Let's just be supportive from now on.
Sp",not_harmful,not_harmful
154,"Speaker7: [VCTM] will be fine. We all learned something here.
Speaker5: Thanks, everyone. I'll try to make things right.
Speaker8: You're doing fine, [VCTM]. Just keep being you.
Speaker9: Yeah, and we'll keep doing our thing.
Speaker10: Let's just make it through this year without more drama.
Speaker1: Fine by me. Let's just hope [VCTM] learned their lesson.
Speaker4: We all did. Let's just be supportive from now on.
Speaker11: Supportive or whatever. Just don't involve me next time.
Speaker7: ",not_harmful,not_harmful
155,"Speaker5: Thanks, everyone. I'll try to make things right.
Speaker8: You're doing fine, [VCTM]. Just keep being you.
Speaker9: Yeah, and we'll keep doing our thing.
Speaker10: Let's just make it through this year without more drama.
Speaker1: Fine by me. Let's just hope [VCTM] learned their lesson.
Speaker4: We all did. Let's just be supportive from now on.
Speaker11: Supportive or whatever. Just don't involve me next time.
Speaker7: It'll be okay, everyone. Let's move forward.
Speaker5: Thanks,",not_harmful,not_harmful
156,"Speaker8: You're doing fine, [VCTM]. Just keep being you.
Speaker9: Yeah, and we'll keep doing our thing.
Speaker10: Let's just make it through this year without more drama.
Speaker1: Fine by me. Let's just hope [VCTM] learned their lesson.
Speaker4: We all did. Let's just be supportive from now on.
Speaker11: Supportive or whatever. Just don't involve me next time.
Speaker7: It'll be okay, everyone. Let's move forward.
Speaker5: Thanks, everyone. I really appreciate it.
Speaker2: Whatever, let'",not_harmful,not_harmful
157,"Speaker9: Yeah, and we'll keep doing our thing.
Speaker10: Let's just make it through this year without more drama.
Speaker1: Fine by me. Let's just hope [VCTM] learned their lesson.
Speaker4: We all did. Let's just be supportive from now on.
Speaker11: Supportive or whatever. Just don't involve me next time.
Speaker7: It'll be okay, everyone. Let's move forward.
Speaker5: Thanks, everyone. I really appreciate it.
Speaker2: Whatever, let's just get back to normal.
Speaker8: Normal sounds good. L",not_harmful,not_harmful
158,"Speaker10: Let's just make it through this year without more drama.
Speaker1: Fine by me. Let's just hope [VCTM] learned their lesson.
Speaker4: We all did. Let's just be supportive from now on.
Speaker11: Supportive or whatever. Just don't involve me next time.
Speaker7: It'll be okay, everyone. Let's move forward.
Speaker5: Thanks, everyone. I really appreciate it.
Speaker2: Whatever, let's just get back to normal.
Speaker8: Normal sounds good. Let's stick together.
Speaker3: Yeah, let's just ",not_harmful,not_harmful
159,"Speaker1: Fine by me. Let's just hope [VCTM] learned their lesson.
Speaker4: We all did. Let's just be supportive from now on.
Speaker11: Supportive or whatever. Just don't involve me next time.
Speaker7: It'll be okay, everyone. Let's move forward.
Speaker5: Thanks, everyone. I really appreciate it.
Speaker2: Whatever, let's just get back to normal.
Speaker8: Normal sounds good. Let's stick together.
Speaker3: Yeah, let's just keep things chill from now on.
Speaker10: Agreed. No more drama.",not_harmful,not_harmful
160,"Speaker4: We all did. Let's just be supportive from now on.
Speaker11: Supportive or whatever. Just don't involve me next time.
Speaker7: It'll be okay, everyone. Let's move forward.
Speaker5: Thanks, everyone. I really appreciate it.
Speaker2: Whatever, let's just get back to normal.
Speaker8: Normal sounds good. Let's stick together.
Speaker3: Yeah, let's just keep things chill from now on.
Speaker10: Agreed. No more drama.
Speaker1: Fine, I'm over it.",not_harmful,not_harmful
161,"Speaker11: Supportive or whatever. Just don't involve me next time.
Speaker7: It'll be okay, everyone. Let's move forward.
Speaker5: Thanks, everyone. I really appreciate it.
Speaker2: Whatever, let's just get back to normal.
Speaker8: Normal sounds good. Let's stick together.
Speaker3: Yeah, let's just keep things chill from now on.
Speaker10: Agreed. No more drama.
Speaker1: Fine, I'm over it.
Speaker4: Good. Let's all just get along.",not_harmful,not_harmful
162,"Speaker7: It'll be okay, everyone. Let's move forward.
Speaker5: Thanks, everyone. I really appreciate it.
Speaker2: Whatever, let's just get back to normal.
Speaker8: Normal sounds good. Let's stick together.
Speaker3: Yeah, let's just keep things chill from now on.
Speaker10: Agreed. No more drama.
Speaker1: Fine, I'm over it.
Speaker4: Good. Let's all just get along.
Speaker6: Whatever, I'm done talking about this.",not_harmful,not_harmful
163,"Speaker5: Thanks, everyone. I really appreciate it.
Speaker2: Whatever, let's just get back to normal.
Speaker8: Normal sounds good. Let's stick together.
Speaker3: Yeah, let's just keep things chill from now on.
Speaker10: Agreed. No more drama.
Speaker1: Fine, I'm over it.
Speaker4: Good. Let's all just get along.
Speaker6: Whatever, I'm done talking about this.
Speaker7: Okay, let's move on.",not_harmful,not_harmful
164,"Speaker2: Whatever, let's just get back to normal.
Speaker8: Normal sounds good. Let's stick together.
Speaker3: Yeah, let's just keep things chill from now on.
Speaker10: Agreed. No more drama.
Speaker1: Fine, I'm over it.
Speaker4: Good. Let's all just get along.
Speaker6: Whatever, I'm done talking about this.
Speaker7: Okay, let's move on.
Speaker5: Thanks, everyone. I'll see you tomorrow.",not_harmful,not_harmful
165,"Speaker8: Normal sounds good. Let's stick together.
Speaker3: Yeah, let's just keep things chill from now on.
Speaker10: Agreed. No more drama.
Speaker1: Fine, I'm over it.
Speaker4: Good. Let's all just get along.
Speaker6: Whatever, I'm done talking about this.
Speaker7: Okay, let's move on.
Speaker5: Thanks, everyone. I'll see you tomorrow.
Speaker8: See you, [VCTM]. Keep your head up.",not_harmful,not_harmful
166,"Speaker3: Yeah, let's just keep things chill from now on.
Speaker10: Agreed. No more drama.
Speaker1: Fine, I'm over it.
Speaker4: Good. Let's all just get along.
Speaker6: Whatever, I'm done talking about this.
Speaker7: Okay, let's move on.
Speaker5: Thanks, everyone. I'll see you tomorrow.
Speaker8: See you, [VCTM]. Keep your head up.
Speaker9: Yeah, see ya.",not_harmful,not_harmful
167,"Speaker10: Agreed. No more drama.
Speaker1: Fine, I'm over it.
Speaker4: Good. Let's all just get along.
Speaker6: Whatever, I'm done talking about this.
Speaker7: Okay, let's move on.
Speaker5: Thanks, everyone. I'll see you tomorrow.
Speaker8: See you, [VCTM]. Keep your head up.
Speaker9: Yeah, see ya.
Speaker10: Bye, everyone. Let's have a better day tomorrow.",not_harmful,not_harmful
168,"Speaker1: Fine, I'm over it.
Speaker4: Good. Let's all just get along.
Speaker6: Whatever, I'm done talking about this.
Speaker7: Okay, let's move on.
Speaker5: Thanks, everyone. I'll see you tomorrow.
Speaker8: See you, [VCTM]. Keep your head up.
Speaker9: Yeah, see ya.
Speaker10: Bye, everyone. Let's have a better day tomorrow.
Speaker2: Sure, whatever. Later.",not_harmful,not_harmful
169,"Speaker4: Good. Let's all just get along.
Speaker6: Whatever, I'm done talking about this.
Speaker7: Okay, let's move on.
Speaker5: Thanks, everyone. I'll see you tomorrow.
Speaker8: See you, [VCTM]. Keep your head up.
Speaker9: Yeah, see ya.
Speaker10: Bye, everyone. Let's have a better day tomorrow.
Speaker2: Sure, whatever. Later.
Speaker4: Bye! Let's all try to be better.",not_harmful,not_harmful
170,"Speaker6: Whatever, I'm done talking about this.
Speaker7: Okay, let's move on.
Speaker5: Thanks, everyone. I'll see you tomorrow.
Speaker8: See you, [VCTM]. Keep your head up.
Speaker9: Yeah, see ya.
Speaker10: Bye, everyone. Let's have a better day tomorrow.
Speaker2: Sure, whatever. Later.
Speaker4: Bye! Let's all try to be better.
Speaker11: Yeah, bye.",not_harmful,not_harmful
171,"Speaker7: Okay, let's move on.
Speaker5: Thanks, everyone. I'll see you tomorrow.
Speaker8: See you, [VCTM]. Keep your head up.
Speaker9: Yeah, see ya.
Speaker10: Bye, everyone. Let's have a better day tomorrow.
Speaker2: Sure, whatever. Later.
Speaker4: Bye! Let's all try to be better.
Speaker11: Yeah, bye.
Speaker7: Bye, everyone. Take care.",not_harmful,not_harmful
172,"Speaker1: Hey VCTM, thanks for making our lives harder with all the extra homework.",not_harmful,not_harmful
173,"Speaker1: Hey VCTM, thanks for making our lives harder with all the extra homework.
Speaker2: I didn't ask for this, seriously. It wasn't my idea.",not_harmful,not_harmful
174,"Speaker1: Hey VCTM, thanks for making our lives harder with all the extra homework.
Speaker2: I didn't ask for this, seriously. It wasn't my idea.
Speaker3: Sure, like we'd believe that. Your mom's always sticking her nose where it doesn't belong.",harmful,not_harmful
175,"Speaker1: Hey VCTM, thanks for making our lives harder with all the extra homework.
Speaker2: I didn't ask for this, seriously. It wasn't my idea.
Speaker3: Sure, like we'd believe that. Your mom's always sticking her nose where it doesn't belong.
Speaker4: Leave VCTM alone. It's not their fault.",not_harmful,not_harmful
176,"Speaker1: Hey VCTM, thanks for making our lives harder with all the extra homework.
Speaker2: I didn't ask for this, seriously. It wasn't my idea.
Speaker3: Sure, like we'd believe that. Your mom's always sticking her nose where it doesn't belong.
Speaker4: Leave VCTM alone. It's not their fault.
Speaker5: Oh, please. VCTM's always been the teacher's pet.",not_harmful,not_harmful
177,"Speaker1: Hey VCTM, thanks for making our lives harder with all the extra homework.
Speaker2: I didn't ask for this, seriously. It wasn't my idea.
Speaker3: Sure, like we'd believe that. Your mom's always sticking her nose where it doesn't belong.
Speaker4: Leave VCTM alone. It's not their fault.
Speaker5: Oh, please. VCTM's always been the teacher's pet.
Speaker6: That's not true. Just because they study hard doesn't mean they're to blame.",not_harmful,not_harmful
178,"Speaker1: Hey VCTM, thanks for making our lives harder with all the extra homework.
Speaker2: I didn't ask for this, seriously. It wasn't my idea.
Speaker3: Sure, like we'd believe that. Your mom's always sticking her nose where it doesn't belong.
Speaker4: Leave VCTM alone. It's not their fault.
Speaker5: Oh, please. VCTM's always been the teacher's pet.
Speaker6: That's not true. Just because they study hard doesn't mean they're to blame.
Speaker1: Bet you love all the extra homework, right VC",harmful,not_harmful
179,"Speaker1: Hey VCTM, thanks for making our lives harder with all the extra homework.
Speaker2: I didn't ask for this, seriously. It wasn't my idea.
Speaker3: Sure, like we'd believe that. Your mom's always sticking her nose where it doesn't belong.
Speaker4: Leave VCTM alone. It's not their fault.
Speaker5: Oh, please. VCTM's always been the teacher's pet.
Speaker6: That's not true. Just because they study hard doesn't mean they're to blame.
Speaker1: Bet you love all the extra homework, right VC",not_harmful,not_harmful
180,"Speaker1: Hey VCTM, thanks for making our lives harder with all the extra homework.
Speaker2: I didn't ask for this, seriously. It wasn't my idea.
Speaker3: Sure, like we'd believe that. Your mom's always sticking her nose where it doesn't belong.
Speaker4: Leave VCTM alone. It's not their fault.
Speaker5: Oh, please. VCTM's always been the teacher's pet.
Speaker6: That's not true. Just because they study hard doesn't mean they're to blame.
Speaker1: Bet you love all the extra homework, right VC",not_harmful,not_harmful
181,"Speaker2: I didn't ask for this, seriously. It wasn't my idea.
Speaker3: Sure, like we'd believe that. Your mom's always sticking her nose where it doesn't belong.
Speaker4: Leave VCTM alone. It's not their fault.
Speaker5: Oh, please. VCTM's always been the teacher's pet.
Speaker6: That's not true. Just because they study hard doesn't mean they're to blame.
Speaker1: Bet you love all the extra homework, right VCTM? More time to spend alone with your books.
Speaker2: I just want to be left alone",not_harmful,not_harmful
182,"Speaker3: Sure, like we'd believe that. Your mom's always sticking her nose where it doesn't belong.
Speaker4: Leave VCTM alone. It's not their fault.
Speaker5: Oh, please. VCTM's always been the teacher's pet.
Speaker6: That's not true. Just because they study hard doesn't mean they're to blame.
Speaker1: Bet you love all the extra homework, right VCTM? More time to spend alone with your books.
Speaker2: I just want to be left alone. I didn't ask for more work.
Speaker7: Then maybe tell your mo",not_harmful,not_harmful
183,"Speaker4: Leave VCTM alone. It's not their fault.
Speaker5: Oh, please. VCTM's always been the teacher's pet.
Speaker6: That's not true. Just because they study hard doesn't mean they're to blame.
Speaker1: Bet you love all the extra homework, right VCTM? More time to spend alone with your books.
Speaker2: I just want to be left alone. I didn't ask for more work.
Speaker7: Then maybe tell your mom to back off.
Speaker8: VCTM can't control what their mom does. Get over it.
Speaker3: Maybe they sh",not_harmful,not_harmful
184,"Speaker5: Oh, please. VCTM's always been the teacher's pet.
Speaker6: That's not true. Just because they study hard doesn't mean they're to blame.
Speaker1: Bet you love all the extra homework, right VCTM? More time to spend alone with your books.
Speaker2: I just want to be left alone. I didn't ask for more work.
Speaker7: Then maybe tell your mom to back off.
Speaker8: VCTM can't control what their mom does. Get over it.
Speaker3: Maybe they should try. We're all sick of this nerd crap.
Speake",not_harmful,not_harmful
185,"Speaker6: That's not true. Just because they study hard doesn't mean they're to blame.
Speaker1: Bet you love all the extra homework, right VCTM? More time to spend alone with your books.
Speaker2: I just want to be left alone. I didn't ask for more work.
Speaker7: Then maybe tell your mom to back off.
Speaker8: VCTM can't control what their mom does. Get over it.
Speaker3: Maybe they should try. We're all sick of this nerd crap.
Speaker9: Why blame VCTM for something they didn't do? It's not fa",not_harmful,not_harmful
186,"Speaker1: Bet you love all the extra homework, right VCTM? More time to spend alone with your books.
Speaker2: I just want to be left alone. I didn't ask for more work.
Speaker7: Then maybe tell your mom to back off.
Speaker8: VCTM can't control what their mom does. Get over it.
Speaker3: Maybe they should try. We're all sick of this nerd crap.
Speaker9: Why blame VCTM for something they didn't do? It's not fair.
Speaker1: Life's not fair. Maybe VCTM should start acting like a normal student for",not_harmful,not_harmful
187,"Speaker2: I just want to be left alone. I didn't ask for more work.
Speaker7: Then maybe tell your mom to back off.
Speaker8: VCTM can't control what their mom does. Get over it.
Speaker3: Maybe they should try. We're all sick of this nerd crap.
Speaker9: Why blame VCTM for something they didn't do? It's not fair.
Speaker1: Life's not fair. Maybe VCTM should start acting like a normal student for once.
Speaker10: Yeah, maybe come to a party or something. Oh wait, probably too busy studying.
Spea",not_harmful,not_harmful
188,"Speaker7: Then maybe tell your mom to back off.
Speaker8: VCTM can't control what their mom does. Get over it.
Speaker3: Maybe they should try. We're all sick of this nerd crap.
Speaker9: Why blame VCTM for something they didn't do? It's not fair.
Speaker1: Life's not fair. Maybe VCTM should start acting like a normal student for once.
Speaker10: Yeah, maybe come to a party or something. Oh wait, probably too busy studying.
Speaker2: I have my own interests. I don't see why that's a problem.
Spe",not_harmful,not_harmful
189,"Speaker8: VCTM can't control what their mom does. Get over it.
Speaker3: Maybe they should try. We're all sick of this nerd crap.
Speaker9: Why blame VCTM for something they didn't do? It's not fair.
Speaker1: Life's not fair. Maybe VCTM should start acting like a normal student for once.
Speaker10: Yeah, maybe come to a party or something. Oh wait, probably too busy studying.
Speaker2: I have my own interests. I don't see why that's a problem.
Speaker4: Exactly. Everyone has their own way of do",not_harmful,not_harmful
190,"Speaker3: Maybe they should try. We're all sick of this nerd crap.
Speaker9: Why blame VCTM for something they didn't do? It's not fair.
Speaker1: Life's not fair. Maybe VCTM should start acting like a normal student for once.
Speaker10: Yeah, maybe come to a party or something. Oh wait, probably too busy studying.
Speaker2: I have my own interests. I don't see why that's a problem.
Speaker4: Exactly. Everyone has their own way of doing things.
Speaker3: Keep telling yourself that. Meanwhile, we",not_harmful,not_harmful
191,"Speaker9: Why blame VCTM for something they didn't do? It's not fair.
Speaker1: Life's not fair. Maybe VCTM should start acting like a normal student for once.
Speaker10: Yeah, maybe come to a party or something. Oh wait, probably too busy studying.
Speaker2: I have my own interests. I don't see why that's a problem.
Speaker4: Exactly. Everyone has their own way of doing things.
Speaker3: Keep telling yourself that. Meanwhile, we're drowning in assignments.
Speaker6: Maybe focus on your work ins",not_harmful,not_harmful
192,"Speaker1: Life's not fair. Maybe VCTM should start acting like a normal student for once.
Speaker10: Yeah, maybe come to a party or something. Oh wait, probably too busy studying.
Speaker2: I have my own interests. I don't see why that's a problem.
Speaker4: Exactly. Everyone has their own way of doing things.
Speaker3: Keep telling yourself that. Meanwhile, we're drowning in assignments.
Speaker6: Maybe focus on your work instead of blaming others.
Speaker11: Wow, look at VCTM's fan club go. Al",harmful,harmful
193,"Speaker10: Yeah, maybe come to a party or something. Oh wait, probably too busy studying.
Speaker2: I have my own interests. I don't see why that's a problem.
Speaker4: Exactly. Everyone has their own way of doing things.
Speaker3: Keep telling yourself that. Meanwhile, we're drowning in assignments.
Speaker6: Maybe focus on your work instead of blaming others.
Speaker11: Wow, look at VCTM's fan club go. Always ready to defend their little genius.
Speaker8: Enough with the sarcasm. This isn't he",not_harmful,not_harmful
194,"Speaker2: I have my own interests. I don't see why that's a problem.
Speaker4: Exactly. Everyone has their own way of doing things.
Speaker3: Keep telling yourself that. Meanwhile, we're drowning in assignments.
Speaker6: Maybe focus on your work instead of blaming others.
Speaker11: Wow, look at VCTM's fan club go. Always ready to defend their little genius.
Speaker8: Enough with the sarcasm. This isn't helping anyone.
Speaker1: You do realize no one likes what you're doing, right VCTM?
Speaker",not_harmful,not_harmful
195,"Speaker4: Exactly. Everyone has their own way of doing things.
Speaker3: Keep telling yourself that. Meanwhile, we're drowning in assignments.
Speaker6: Maybe focus on your work instead of blaming others.
Speaker11: Wow, look at VCTM's fan club go. Always ready to defend their little genius.
Speaker8: Enough with the sarcasm. This isn't helping anyone.
Speaker1: You do realize no one likes what you're doing, right VCTM?
Speaker2: I can't control what my mom does! I wish things were different too",not_harmful,not_harmful
196,"Speaker3: Keep telling yourself that. Meanwhile, we're drowning in assignments.
Speaker6: Maybe focus on your work instead of blaming others.
Speaker11: Wow, look at VCTM's fan club go. Always ready to defend their little genius.
Speaker8: Enough with the sarcasm. This isn't helping anyone.
Speaker1: You do realize no one likes what you're doing, right VCTM?
Speaker2: I can't control what my mom does! I wish things were different too.
Speaker9: Then why keep blaming them? It's not like they have",not_harmful,not_harmful
197,"Speaker6: Maybe focus on your work instead of blaming others.
Speaker11: Wow, look at VCTM's fan club go. Always ready to defend their little genius.
Speaker8: Enough with the sarcasm. This isn't helping anyone.
Speaker1: You do realize no one likes what you're doing, right VCTM?
Speaker2: I can't control what my mom does! I wish things were different too.
Speaker9: Then why keep blaming them? It's not like they have a say in it.
Speaker3: Maybe if VCTM spoke up, things would change.
Speaker4: Y",not_harmful,not_harmful
198,"Speaker11: Wow, look at VCTM's fan club go. Always ready to defend their little genius.
Speaker8: Enough with the sarcasm. This isn't helping anyone.
Speaker1: You do realize no one likes what you're doing, right VCTM?
Speaker2: I can't control what my mom does! I wish things were different too.
Speaker9: Then why keep blaming them? It's not like they have a say in it.
Speaker3: Maybe if VCTM spoke up, things would change.
Speaker4: You're all just looking for someone to blame. It's not on VCTM ",not_harmful,not_harmful
199,"Speaker8: Enough with the sarcasm. This isn't helping anyone.
Speaker1: You do realize no one likes what you're doing, right VCTM?
Speaker2: I can't control what my mom does! I wish things were different too.
Speaker9: Then why keep blaming them? It's not like they have a say in it.
Speaker3: Maybe if VCTM spoke up, things would change.
Speaker4: You're all just looking for someone to blame. It's not on VCTM to fix this.
Speaker5: Whatever. I'm just tired of all this extra crap. 
Speaker6: Then ",not_harmful,not_harmful
200,"Speaker1: You do realize no one likes what you're doing, right VCTM?
Speaker2: I can't control what my mom does! I wish things were different too.
Speaker9: Then why keep blaming them? It's not like they have a say in it.
Speaker3: Maybe if VCTM spoke up, things would change.
Speaker4: You're all just looking for someone to blame. It's not on VCTM to fix this.
Speaker5: Whatever. I'm just tired of all this extra crap. 
Speaker6: Then talk to the teachers. Complaining here doesn't solve anything.",not_harmful,not_harmful
201,"Speaker2: I can't control what my mom does! I wish things were different too.
Speaker9: Then why keep blaming them? It's not like they have a say in it.
Speaker3: Maybe if VCTM spoke up, things would change.
Speaker4: You're all just looking for someone to blame. It's not on VCTM to fix this.
Speaker5: Whatever. I'm just tired of all this extra crap. 
Speaker6: Then talk to the teachers. Complaining here doesn't solve anything.
Speaker1: Like they'd listen to us. Everyone knows who they favor.
S",not_harmful,not_harmful
202,"Speaker9: Then why keep blaming them? It's not like they have a say in it.
Speaker3: Maybe if VCTM spoke up, things would change.
Speaker4: You're all just looking for someone to blame. It's not on VCTM to fix this.
Speaker5: Whatever. I'm just tired of all this extra crap. 
Speaker6: Then talk to the teachers. Complaining here doesn't solve anything.
Speaker1: Like they'd listen to us. Everyone knows who they favor.
Speaker8: Maybe if you approached them without blaming others, they'd consider ",not_harmful,not_harmful
203,"Speaker3: Maybe if VCTM spoke up, things would change.
Speaker4: You're all just looking for someone to blame. It's not on VCTM to fix this.
Speaker5: Whatever. I'm just tired of all this extra crap. 
Speaker6: Then talk to the teachers. Complaining here doesn't solve anything.
Speaker1: Like they'd listen to us. Everyone knows who they favor.
Speaker8: Maybe if you approached them without blaming others, they'd consider it.
Speaker7: Like that's ever worked. They're all too busy listening to VC",not_harmful,not_harmful
204,"Speaker4: You're all just looking for someone to blame. It's not on VCTM to fix this.
Speaker5: Whatever. I'm just tired of all this extra crap. 
Speaker6: Then talk to the teachers. Complaining here doesn't solve anything.
Speaker1: Like they'd listen to us. Everyone knows who they favor.
Speaker8: Maybe if you approached them without blaming others, they'd consider it.
Speaker7: Like that's ever worked. They're all too busy listening to VCTM's mom.
Speaker2: I didn't want any of this. I just w",not_harmful,not_harmful
205,"Speaker5: Whatever. I'm just tired of all this extra crap. 
Speaker6: Then talk to the teachers. Complaining here doesn't solve anything.
Speaker1: Like they'd listen to us. Everyone knows who they favor.
Speaker8: Maybe if you approached them without blaming others, they'd consider it.
Speaker7: Like that's ever worked. They're all too busy listening to VCTM's mom.
Speaker2: I didn't want any of this. I just want to get through the year.
Speaker9: We know, VCTM. Just hang in there.
Speaker3: Wh",harmful,harmful
206,"Speaker6: Then talk to the teachers. Complaining here doesn't solve anything.
Speaker1: Like they'd listen to us. Everyone knows who they favor.
Speaker8: Maybe if you approached them without blaming others, they'd consider it.
Speaker7: Like that's ever worked. They're all too busy listening to VCTM's mom.
Speaker2: I didn't want any of this. I just want to get through the year.
Speaker9: We know, VCTM. Just hang in there.
Speaker3: Whatever. Just stay out of our way.
Speaker10: Yeah, keep your",not_harmful,not_harmful
207,"Speaker1: Like they'd listen to us. Everyone knows who they favor.
Speaker8: Maybe if you approached them without blaming others, they'd consider it.
Speaker7: Like that's ever worked. They're all too busy listening to VCTM's mom.
Speaker2: I didn't want any of this. I just want to get through the year.
Speaker9: We know, VCTM. Just hang in there.
Speaker3: Whatever. Just stay out of our way.
Speaker10: Yeah, keep your nose in your books. We don't need any more of your mom's ""help.""
Speaker4: Ho",not_harmful,not_harmful
208,"Speaker8: Maybe if you approached them without blaming others, they'd consider it.
Speaker7: Like that's ever worked. They're all too busy listening to VCTM's mom.
Speaker2: I didn't want any of this. I just want to get through the year.
Speaker9: We know, VCTM. Just hang in there.
Speaker3: Whatever. Just stay out of our way.
Speaker10: Yeah, keep your nose in your books. We don't need any more of your mom's ""help.""
Speaker4: How about we all just focus on our own stuff and stop this pointless ",not_harmful,not_harmful
209,"Speaker7: Like that's ever worked. They're all too busy listening to VCTM's mom.
Speaker2: I didn't want any of this. I just want to get through the year.
Speaker9: We know, VCTM. Just hang in there.
Speaker3: Whatever. Just stay out of our way.
Speaker10: Yeah, keep your nose in your books. We don't need any more of your mom's ""help.""
Speaker4: How about we all just focus on our own stuff and stop this pointless blaming?
Speaker11: Easier said than done with VCTM around.
Speaker6: Enough. This ",not_harmful,not_harmful
210,"Speaker2: I didn't want any of this. I just want to get through the year.
Speaker9: We know, VCTM. Just hang in there.
Speaker3: Whatever. Just stay out of our way.
Speaker10: Yeah, keep your nose in your books. We don't need any more of your mom's ""help.""
Speaker4: How about we all just focus on our own stuff and stop this pointless blaming?
Speaker11: Easier said than done with VCTM around.
Speaker6: Enough. This is just bullying at this point.
Speaker1: Call it whatever you want. Just speakin",not_harmful,not_harmful
211,"Speaker9: We know, VCTM. Just hang in there.
Speaker3: Whatever. Just stay out of our way.
Speaker10: Yeah, keep your nose in your books. We don't need any more of your mom's ""help.""
Speaker4: How about we all just focus on our own stuff and stop this pointless blaming?
Speaker11: Easier said than done with VCTM around.
Speaker6: Enough. This is just bullying at this point.
Speaker1: Call it whatever you want. Just speaking the truth.
Speaker2: I'm logging off. I've had enough of this.
Speaker8:",not_harmful,not_harmful
212,"Speaker1: Hey VCTM, guess your mom likes doing our homework, huh?",harmful,not_harmful
213,"Speaker1: Hey VCTM, guess your mom likes doing our homework, huh?
Speaker2: I didn't ask her to do that. It's not my fault.",not_harmful,not_harmful
214,"Speaker1: Hey VCTM, guess your mom likes doing our homework, huh?
Speaker2: I didn't ask her to do that. It's not my fault.
Speaker3: Sure, we believe you. Not.",not_harmful,not_harmful
215,"Speaker1: Hey VCTM, guess your mom likes doing our homework, huh?
Speaker2: I didn't ask her to do that. It's not my fault.
Speaker3: Sure, we believe you. Not.
Speaker4: Must be nice having mommy fight your battles for you.",harmful,not_harmful
216,"Speaker1: Hey VCTM, guess your mom likes doing our homework, huh?
Speaker2: I didn't ask her to do that. It's not my fault.
Speaker3: Sure, we believe you. Not.
Speaker4: Must be nice having mommy fight your battles for you.
Speaker5: Come on guys, it's not his/her fault the teacher slipped up.",not_harmful,not_harmful
217,"Speaker1: Hey VCTM, guess your mom likes doing our homework, huh?
Speaker2: I didn't ask her to do that. It's not my fault.
Speaker3: Sure, we believe you. Not.
Speaker4: Must be nice having mommy fight your battles for you.
Speaker5: Come on guys, it's not his/her fault the teacher slipped up.
Speaker1: If VCTM wasn't such a teacher's pet, none of this would've happened.",harmful,not_harmful
218,"Speaker1: Hey VCTM, guess your mom likes doing our homework, huh?
Speaker2: I didn't ask her to do that. It's not my fault.
Speaker3: Sure, we believe you. Not.
Speaker4: Must be nice having mommy fight your battles for you.
Speaker5: Come on guys, it's not his/her fault the teacher slipped up.
Speaker1: If VCTM wasn't such a teacher's pet, none of this would've happened.
Speaker2: I just like studying, okay? I didn't want extra homework for everybody.",not_harmful,not_harmful
219,"Speaker1: Hey VCTM, guess your mom likes doing our homework, huh?
Speaker2: I didn't ask her to do that. It's not my fault.
Speaker3: Sure, we believe you. Not.
Speaker4: Must be nice having mommy fight your battles for you.
Speaker5: Come on guys, it's not his/her fault the teacher slipped up.
Speaker1: If VCTM wasn't such a teacher's pet, none of this would've happened.
Speaker2: I just like studying, okay? I didn't want extra homework for everybody.
Speaker6: Yeah, yeah. You probably enjoy th",not_harmful,not_harmful
220,"Speaker1: Hey VCTM, guess your mom likes doing our homework, huh?
Speaker2: I didn't ask her to do that. It's not my fault.
Speaker3: Sure, we believe you. Not.
Speaker4: Must be nice having mommy fight your battles for you.
Speaker5: Come on guys, it's not his/her fault the teacher slipped up.
Speaker1: If VCTM wasn't such a teacher's pet, none of this would've happened.
Speaker2: I just like studying, okay? I didn't want extra homework for everybody.
Speaker6: Yeah, yeah. You probably enjoy th",not_harmful,not_harmful
221,"Speaker2: I didn't ask her to do that. It's not my fault.
Speaker3: Sure, we believe you. Not.
Speaker4: Must be nice having mommy fight your battles for you.
Speaker5: Come on guys, it's not his/her fault the teacher slipped up.
Speaker1: If VCTM wasn't such a teacher's pet, none of this would've happened.
Speaker2: I just like studying, okay? I didn't want extra homework for everybody.
Speaker6: Yeah, yeah. You probably enjoy this.
Speaker7: Leave VCTM alone. It's not like they're the one assi",not_harmful,not_harmful
222,"Speaker3: Sure, we believe you. Not.
Speaker4: Must be nice having mommy fight your battles for you.
Speaker5: Come on guys, it's not his/her fault the teacher slipped up.
Speaker1: If VCTM wasn't such a teacher's pet, none of this would've happened.
Speaker2: I just like studying, okay? I didn't want extra homework for everybody.
Speaker6: Yeah, yeah. You probably enjoy this.
Speaker7: Leave VCTM alone. It's not like they're the one assigning homework.
Speaker3: Maybe not directly, but definite",harmful,harmful
223,"Speaker4: Must be nice having mommy fight your battles for you.
Speaker5: Come on guys, it's not his/her fault the teacher slipped up.
Speaker1: If VCTM wasn't such a teacher's pet, none of this would've happened.
Speaker2: I just like studying, okay? I didn't want extra homework for everybody.
Speaker6: Yeah, yeah. You probably enjoy this.
Speaker7: Leave VCTM alone. It's not like they're the one assigning homework.
Speaker3: Maybe not directly, but definitely involved.
Speaker8: Always knew VC",harmful,not_harmful
224,"Speaker5: Come on guys, it's not his/her fault the teacher slipped up.
Speaker1: If VCTM wasn't such a teacher's pet, none of this would've happened.
Speaker2: I just like studying, okay? I didn't want extra homework for everybody.
Speaker6: Yeah, yeah. You probably enjoy this.
Speaker7: Leave VCTM alone. It's not like they're the one assigning homework.
Speaker3: Maybe not directly, but definitely involved.
Speaker8: Always knew VCTM was a snitch. Now confirmed.
Speaker9: Seriously? You're blam",not_harmful,not_harmful
225,"Speaker1: If VCTM wasn't such a teacher's pet, none of this would've happened.
Speaker2: I just like studying, okay? I didn't want extra homework for everybody.
Speaker6: Yeah, yeah. You probably enjoy this.
Speaker7: Leave VCTM alone. It's not like they're the one assigning homework.
Speaker3: Maybe not directly, but definitely involved.
Speaker8: Always knew VCTM was a snitch. Now confirmed.
Speaker9: Seriously? You're blaming VCTM for their mom's actions?
Speaker1: An apple doesn't fall far f",not_harmful,not_harmful
226,"Speaker2: I just like studying, okay? I didn't want extra homework for everybody.
Speaker6: Yeah, yeah. You probably enjoy this.
Speaker7: Leave VCTM alone. It's not like they're the one assigning homework.
Speaker3: Maybe not directly, but definitely involved.
Speaker8: Always knew VCTM was a snitch. Now confirmed.
Speaker9: Seriously? You're blaming VCTM for their mom's actions?
Speaker1: An apple doesn't fall far from the tree.
Speaker10: That's just unfair, BULLY1. Everyone should chill.
Spe",not_harmful,not_harmful
227,"Speaker6: Yeah, yeah. You probably enjoy this.
Speaker7: Leave VCTM alone. It's not like they're the one assigning homework.
Speaker3: Maybe not directly, but definitely involved.
Speaker8: Always knew VCTM was a snitch. Now confirmed.
Speaker9: Seriously? You're blaming VCTM for their mom's actions?
Speaker1: An apple doesn't fall far from the tree.
Speaker10: That's just unfair, BULLY1. Everyone should chill.
Speaker2: I'm sorry it turned out like this. I'll talk to my mom.
Speaker3: Yeah, rig",not_harmful,not_harmful
228,"Speaker7: Leave VCTM alone. It's not like they're the one assigning homework.
Speaker3: Maybe not directly, but definitely involved.
Speaker8: Always knew VCTM was a snitch. Now confirmed.
Speaker9: Seriously? You're blaming VCTM for their mom's actions?
Speaker1: An apple doesn't fall far from the tree.
Speaker10: That's just unfair, BULLY1. Everyone should chill.
Speaker2: I'm sorry it turned out like this. I'll talk to my mom.
Speaker3: Yeah, right. Like she'll listen.
Speaker11: This is just",harmful,harmful
229,"Speaker3: Maybe not directly, but definitely involved.
Speaker8: Always knew VCTM was a snitch. Now confirmed.
Speaker9: Seriously? You're blaming VCTM for their mom's actions?
Speaker1: An apple doesn't fall far from the tree.
Speaker10: That's just unfair, BULLY1. Everyone should chill.
Speaker2: I'm sorry it turned out like this. I'll talk to my mom.
Speaker3: Yeah, right. Like she'll listen.
Speaker11: This is just classic VCTM, always needing mommy.
Speaker5: Stop ganging up. Let VCTM deal ",not_harmful,not_harmful
230,"Speaker8: Always knew VCTM was a snitch. Now confirmed.
Speaker9: Seriously? You're blaming VCTM for their mom's actions?
Speaker1: An apple doesn't fall far from the tree.
Speaker10: That's just unfair, BULLY1. Everyone should chill.
Speaker2: I'm sorry it turned out like this. I'll talk to my mom.
Speaker3: Yeah, right. Like she'll listen.
Speaker11: This is just classic VCTM, always needing mommy.
Speaker5: Stop ganging up. Let VCTM deal with this on their own.
Speaker1: Maybe VCTM should try",not_harmful,harmful
231,"Speaker9: Seriously? You're blaming VCTM for their mom's actions?
Speaker1: An apple doesn't fall far from the tree.
Speaker10: That's just unfair, BULLY1. Everyone should chill.
Speaker2: I'm sorry it turned out like this. I'll talk to my mom.
Speaker3: Yeah, right. Like she'll listen.
Speaker11: This is just classic VCTM, always needing mommy.
Speaker5: Stop ganging up. Let VCTM deal with this on their own.
Speaker1: Maybe VCTM should try speaking for themselves more.
Speaker2: I'm trying! It'",not_harmful,not_harmful
232,"Speaker1: An apple doesn't fall far from the tree.
Speaker10: That's just unfair, BULLY1. Everyone should chill.
Speaker2: I'm sorry it turned out like this. I'll talk to my mom.
Speaker3: Yeah, right. Like she'll listen.
Speaker11: This is just classic VCTM, always needing mommy.
Speaker5: Stop ganging up. Let VCTM deal with this on their own.
Speaker1: Maybe VCTM should try speaking for themselves more.
Speaker2: I'm trying! It's just hard sometimes.
Speaker7: Everyone has different skills. VC",not_harmful,not_harmful
233,"Speaker10: That's just unfair, BULLY1. Everyone should chill.
Speaker2: I'm sorry it turned out like this. I'll talk to my mom.
Speaker3: Yeah, right. Like she'll listen.
Speaker11: This is just classic VCTM, always needing mommy.
Speaker5: Stop ganging up. Let VCTM deal with this on their own.
Speaker1: Maybe VCTM should try speaking for themselves more.
Speaker2: I'm trying! It's just hard sometimes.
Speaker7: Everyone has different skills. VCTM's just good at studying.
Speaker3: And at gettin",not_harmful,not_harmful
234,"Speaker2: I'm sorry it turned out like this. I'll talk to my mom.
Speaker3: Yeah, right. Like she'll listen.
Speaker11: This is just classic VCTM, always needing mommy.
Speaker5: Stop ganging up. Let VCTM deal with this on their own.
Speaker1: Maybe VCTM should try speaking for themselves more.
Speaker2: I'm trying! It's just hard sometimes.
Speaker7: Everyone has different skills. VCTM's just good at studying.
Speaker3: And at getting others in trouble.
Speaker4: Doesn't even talk to us, just h",not_harmful,not_harmful
235,"Speaker3: Yeah, right. Like she'll listen.
Speaker11: This is just classic VCTM, always needing mommy.
Speaker5: Stop ganging up. Let VCTM deal with this on their own.
Speaker1: Maybe VCTM should try speaking for themselves more.
Speaker2: I'm trying! It's just hard sometimes.
Speaker7: Everyone has different skills. VCTM's just good at studying.
Speaker3: And at getting others in trouble.
Speaker4: Doesn't even talk to us, just hides behind books.
Speaker9: That's because you're always on their",not_harmful,not_harmful
236,"Speaker11: This is just classic VCTM, always needing mommy.
Speaker5: Stop ganging up. Let VCTM deal with this on their own.
Speaker1: Maybe VCTM should try speaking for themselves more.
Speaker2: I'm trying! It's just hard sometimes.
Speaker7: Everyone has different skills. VCTM's just good at studying.
Speaker3: And at getting others in trouble.
Speaker4: Doesn't even talk to us, just hides behind books.
Speaker9: That's because you're always on their case!
Speaker1: Maybe if VCTM engaged more",not_harmful,not_harmful
237,"Speaker5: Stop ganging up. Let VCTM deal with this on their own.
Speaker1: Maybe VCTM should try speaking for themselves more.
Speaker2: I'm trying! It's just hard sometimes.
Speaker7: Everyone has different skills. VCTM's just good at studying.
Speaker3: And at getting others in trouble.
Speaker4: Doesn't even talk to us, just hides behind books.
Speaker9: That's because you're always on their case!
Speaker1: Maybe if VCTM engaged more, things would change.
Speaker2: I'll try to be more social…",not_harmful,not_harmful
238,"Speaker1: Maybe VCTM should try speaking for themselves more.
Speaker2: I'm trying! It's just hard sometimes.
Speaker7: Everyone has different skills. VCTM's just good at studying.
Speaker3: And at getting others in trouble.
Speaker4: Doesn't even talk to us, just hides behind books.
Speaker9: That's because you're always on their case!
Speaker1: Maybe if VCTM engaged more, things would change.
Speaker2: I'll try to be more social… I didn't realize it was such a big deal.
Speaker6: Too little, t",not_harmful,not_harmful
239,"Speaker2: I'm trying! It's just hard sometimes.
Speaker7: Everyone has different skills. VCTM's just good at studying.
Speaker3: And at getting others in trouble.
Speaker4: Doesn't even talk to us, just hides behind books.
Speaker9: That's because you're always on their case!
Speaker1: Maybe if VCTM engaged more, things would change.
Speaker2: I'll try to be more social… I didn't realize it was such a big deal.
Speaker6: Too little, too late.
Speaker10: It's never too late. Change starts now.",not_harmful,not_harmful
240,"Speaker7: Everyone has different skills. VCTM's just good at studying.
Speaker3: And at getting others in trouble.
Speaker4: Doesn't even talk to us, just hides behind books.
Speaker9: That's because you're always on their case!
Speaker1: Maybe if VCTM engaged more, things would change.
Speaker2: I'll try to be more social… I didn't realize it was such a big deal.
Speaker6: Too little, too late.
Speaker10: It's never too late. Change starts now.
Speaker3: We'll see if VCTM actually changes or ju",not_harmful,not_harmful
241,"Speaker3: And at getting others in trouble.
Speaker4: Doesn't even talk to us, just hides behind books.
Speaker9: That's because you're always on their case!
Speaker1: Maybe if VCTM engaged more, things would change.
Speaker2: I'll try to be more social… I didn't realize it was such a big deal.
Speaker6: Too little, too late.
Speaker10: It's never too late. Change starts now.
Speaker3: We'll see if VCTM actually changes or just hides.
Speaker5: Let's give VCTM a chance. Everyone deserves that.",not_harmful,not_harmful
242,"Speaker4: Doesn't even talk to us, just hides behind books.
Speaker9: That's because you're always on their case!
Speaker1: Maybe if VCTM engaged more, things would change.
Speaker2: I'll try to be more social… I didn't realize it was such a big deal.
Speaker6: Too little, too late.
Speaker10: It's never too late. Change starts now.
Speaker3: We'll see if VCTM actually changes or just hides.
Speaker5: Let's give VCTM a chance. Everyone deserves that.
Speaker1: Only if they prove they're not just",not_harmful,not_harmful
243,"Speaker9: That's because you're always on their case!
Speaker1: Maybe if VCTM engaged more, things would change.
Speaker2: I'll try to be more social… I didn't realize it was such a big deal.
Speaker6: Too little, too late.
Speaker10: It's never too late. Change starts now.
Speaker3: We'll see if VCTM actually changes or just hides.
Speaker5: Let's give VCTM a chance. Everyone deserves that.
Speaker1: Only if they prove they're not just a teacher's puppet.
Speaker2: I'm not a puppet. I just… I l",not_harmful,not_harmful
244,"Speaker1: Maybe if VCTM engaged more, things would change.
Speaker2: I'll try to be more social… I didn't realize it was such a big deal.
Speaker6: Too little, too late.
Speaker10: It's never too late. Change starts now.
Speaker3: We'll see if VCTM actually changes or just hides.
Speaker5: Let's give VCTM a chance. Everyone deserves that.
Speaker1: Only if they prove they're not just a teacher's puppet.
Speaker2: I'm not a puppet. I just… I like to do well.
Speaker8: Guess we'll just have to wai",not_harmful,not_harmful
245,"Speaker2: I'll try to be more social… I didn't realize it was such a big deal.
Speaker6: Too little, too late.
Speaker10: It's never too late. Change starts now.
Speaker3: We'll see if VCTM actually changes or just hides.
Speaker5: Let's give VCTM a chance. Everyone deserves that.
Speaker1: Only if they prove they're not just a teacher's puppet.
Speaker2: I'm not a puppet. I just… I like to do well.
Speaker8: Guess we'll just have to wait and see.
Speaker7: Why wait? Just support each other now.",not_harmful,not_harmful
246,"Speaker6: Too little, too late.
Speaker10: It's never too late. Change starts now.
Speaker3: We'll see if VCTM actually changes or just hides.
Speaker5: Let's give VCTM a chance. Everyone deserves that.
Speaker1: Only if they prove they're not just a teacher's puppet.
Speaker2: I'm not a puppet. I just… I like to do well.
Speaker8: Guess we'll just have to wait and see.
Speaker7: Why wait? Just support each other now.
Speaker11: Maybe if VCTM didn't act like we were beneath them.",harmful,harmful
247,"Speaker10: It's never too late. Change starts now.
Speaker3: We'll see if VCTM actually changes or just hides.
Speaker5: Let's give VCTM a chance. Everyone deserves that.
Speaker1: Only if they prove they're not just a teacher's puppet.
Speaker2: I'm not a puppet. I just… I like to do well.
Speaker8: Guess we'll just have to wait and see.
Speaker7: Why wait? Just support each other now.
Speaker11: Maybe if VCTM didn't act like we were beneath them.
Speaker9: That's your perception, not reality.",not_harmful,not_harmful
248,"Speaker3: We'll see if VCTM actually changes or just hides.
Speaker5: Let's give VCTM a chance. Everyone deserves that.
Speaker1: Only if they prove they're not just a teacher's puppet.
Speaker2: I'm not a puppet. I just… I like to do well.
Speaker8: Guess we'll just have to wait and see.
Speaker7: Why wait? Just support each other now.
Speaker11: Maybe if VCTM didn't act like we were beneath them.
Speaker9: That's your perception, not reality.
Speaker3: Perception is often reality.",not_harmful,not_harmful
249,"Speaker5: Let's give VCTM a chance. Everyone deserves that.
Speaker1: Only if they prove they're not just a teacher's puppet.
Speaker2: I'm not a puppet. I just… I like to do well.
Speaker8: Guess we'll just have to wait and see.
Speaker7: Why wait? Just support each other now.
Speaker11: Maybe if VCTM didn't act like we were beneath them.
Speaker9: That's your perception, not reality.
Speaker3: Perception is often reality.
Speaker2: I really don't think I'm better than anyone else.",not_harmful,not_harmful
250,"Speaker1: Only if they prove they're not just a teacher's puppet.
Speaker2: I'm not a puppet. I just… I like to do well.
Speaker8: Guess we'll just have to wait and see.
Speaker7: Why wait? Just support each other now.
Speaker11: Maybe if VCTM didn't act like we were beneath them.
Speaker9: That's your perception, not reality.
Speaker3: Perception is often reality.
Speaker2: I really don't think I'm better than anyone else.
Speaker10: And VCTM just wants to fit in like everyone else.",not_harmful,not_harmful
251,"Speaker2: I'm not a puppet. I just… I like to do well.
Speaker8: Guess we'll just have to wait and see.
Speaker7: Why wait? Just support each other now.
Speaker11: Maybe if VCTM didn't act like we were beneath them.
Speaker9: That's your perception, not reality.
Speaker3: Perception is often reality.
Speaker2: I really don't think I'm better than anyone else.
Speaker10: And VCTM just wants to fit in like everyone else.
Speaker4: Then maybe they should start acting like it.",not_harmful,harmful
252,"Speaker8: Guess we'll just have to wait and see.
Speaker7: Why wait? Just support each other now.
Speaker11: Maybe if VCTM didn't act like we were beneath them.
Speaker9: That's your perception, not reality.
Speaker3: Perception is often reality.
Speaker2: I really don't think I'm better than anyone else.
Speaker10: And VCTM just wants to fit in like everyone else.
Speaker4: Then maybe they should start acting like it.
Speaker5: Give VCTM some space, let them breathe.",not_harmful,not_harmful
253,"Speaker7: Why wait? Just support each other now.
Speaker11: Maybe if VCTM didn't act like we were beneath them.
Speaker9: That's your perception, not reality.
Speaker3: Perception is often reality.
Speaker2: I really don't think I'm better than anyone else.
Speaker10: And VCTM just wants to fit in like everyone else.
Speaker4: Then maybe they should start acting like it.
Speaker5: Give VCTM some space, let them breathe.
Speaker1: Breathing is fine, but actions speak louder than words.",not_harmful,not_harmful
254,"Speaker11: Maybe if VCTM didn't act like we were beneath them.
Speaker9: That's your perception, not reality.
Speaker3: Perception is often reality.
Speaker2: I really don't think I'm better than anyone else.
Speaker10: And VCTM just wants to fit in like everyone else.
Speaker4: Then maybe they should start acting like it.
Speaker5: Give VCTM some space, let them breathe.
Speaker1: Breathing is fine, but actions speak louder than words.
Speaker2: I'll try harder, okay? School's tough for me too.",not_harmful,not_harmful
255,"Speaker9: That's your perception, not reality.
Speaker3: Perception is often reality.
Speaker2: I really don't think I'm better than anyone else.
Speaker10: And VCTM just wants to fit in like everyone else.
Speaker4: Then maybe they should start acting like it.
Speaker5: Give VCTM some space, let them breathe.
Speaker1: Breathing is fine, but actions speak louder than words.
Speaker2: I'll try harder, okay? School's tough for me too.
Speaker6: Tough? With grades like yours?",not_harmful,not_harmful
256,"Speaker3: Perception is often reality.
Speaker2: I really don't think I'm better than anyone else.
Speaker10: And VCTM just wants to fit in like everyone else.
Speaker4: Then maybe they should start acting like it.
Speaker5: Give VCTM some space, let them breathe.
Speaker1: Breathing is fine, but actions speak louder than words.
Speaker2: I'll try harder, okay? School's tough for me too.
Speaker6: Tough? With grades like yours?
Speaker7: Not everything is about grades. Everyone has struggles.",not_harmful,not_harmful
257,"Speaker2: I really don't think I'm better than anyone else.
Speaker10: And VCTM just wants to fit in like everyone else.
Speaker4: Then maybe they should start acting like it.
Speaker5: Give VCTM some space, let them breathe.
Speaker1: Breathing is fine, but actions speak louder than words.
Speaker2: I'll try harder, okay? School's tough for me too.
Speaker6: Tough? With grades like yours?
Speaker7: Not everything is about grades. Everyone has struggles.
Speaker3: Easy to say when you're not in ",not_harmful,not_harmful
258,"Speaker10: And VCTM just wants to fit in like everyone else.
Speaker4: Then maybe they should start acting like it.
Speaker5: Give VCTM some space, let them breathe.
Speaker1: Breathing is fine, but actions speak louder than words.
Speaker2: I'll try harder, okay? School's tough for me too.
Speaker6: Tough? With grades like yours?
Speaker7: Not everything is about grades. Everyone has struggles.
Speaker3: Easy to say when you're not in VCTM's position.
Speaker9: Exactly. So maybe stop judging an",not_harmful,not_harmful
259,"Speaker4: Then maybe they should start acting like it.
Speaker5: Give VCTM some space, let them breathe.
Speaker1: Breathing is fine, but actions speak louder than words.
Speaker2: I'll try harder, okay? School's tough for me too.
Speaker6: Tough? With grades like yours?
Speaker7: Not everything is about grades. Everyone has struggles.
Speaker3: Easy to say when you're not in VCTM's position.
Speaker9: Exactly. So maybe stop judging and start listening.
Speaker8: Maybe VCTM should explain why th",not_harmful,not_harmful
260,"Speaker5: Give VCTM some space, let them breathe.
Speaker1: Breathing is fine, but actions speak louder than words.
Speaker2: I'll try harder, okay? School's tough for me too.
Speaker6: Tough? With grades like yours?
Speaker7: Not everything is about grades. Everyone has struggles.
Speaker3: Easy to say when you're not in VCTM's position.
Speaker9: Exactly. So maybe stop judging and start listening.
Speaker8: Maybe VCTM should explain why they act the way they do.
Speaker2: I've always been told",not_harmful,not_harmful
261,"Speaker1: Breathing is fine, but actions speak louder than words.
Speaker2: I'll try harder, okay? School's tough for me too.
Speaker6: Tough? With grades like yours?
Speaker7: Not everything is about grades. Everyone has struggles.
Speaker3: Easy to say when you're not in VCTM's position.
Speaker9: Exactly. So maybe stop judging and start listening.
Speaker8: Maybe VCTM should explain why they act the way they do.
Speaker2: I've always been told to focus on school. It's hard to balance.
Speaker",not_harmful,not_harmful
262,"Speaker2: I'll try harder, okay? School's tough for me too.
Speaker6: Tough? With grades like yours?
Speaker7: Not everything is about grades. Everyone has struggles.
Speaker3: Easy to say when you're not in VCTM's position.
Speaker9: Exactly. So maybe stop judging and start listening.
Speaker8: Maybe VCTM should explain why they act the way they do.
Speaker2: I've always been told to focus on school. It's hard to balance.
Speaker10: It's okay, VCTM. Balance takes time.
Speaker1: While VCTM find",not_harmful,not_harmful
263,"Speaker6: Tough? With grades like yours?
Speaker7: Not everything is about grades. Everyone has struggles.
Speaker3: Easy to say when you're not in VCTM's position.
Speaker9: Exactly. So maybe stop judging and start listening.
Speaker8: Maybe VCTM should explain why they act the way they do.
Speaker2: I've always been told to focus on school. It's hard to balance.
Speaker10: It's okay, VCTM. Balance takes time.
Speaker1: While VCTM finds balance, we suffer.
Speaker11: Exactly. We're the ones stu",not_harmful,not_harmful
264,"Speaker7: Not everything is about grades. Everyone has struggles.
Speaker3: Easy to say when you're not in VCTM's position.
Speaker9: Exactly. So maybe stop judging and start listening.
Speaker8: Maybe VCTM should explain why they act the way they do.
Speaker2: I've always been told to focus on school. It's hard to balance.
Speaker10: It's okay, VCTM. Balance takes time.
Speaker1: While VCTM finds balance, we suffer.
Speaker11: Exactly. We're the ones stuck with the extra work.
Speaker5: That's ",not_harmful,not_harmful
265,"Speaker3: Easy to say when you're not in VCTM's position.
Speaker9: Exactly. So maybe stop judging and start listening.
Speaker8: Maybe VCTM should explain why they act the way they do.
Speaker2: I've always been told to focus on school. It's hard to balance.
Speaker10: It's okay, VCTM. Balance takes time.
Speaker1: While VCTM finds balance, we suffer.
Speaker11: Exactly. We're the ones stuck with the extra work.
Speaker5: That's on the teacher, not VCTM.
Speaker2: I'll talk to my mom and the te",not_harmful,not_harmful
266,"Speaker9: Exactly. So maybe stop judging and start listening.
Speaker8: Maybe VCTM should explain why they act the way they do.
Speaker2: I've always been told to focus on school. It's hard to balance.
Speaker10: It's okay, VCTM. Balance takes time.
Speaker1: While VCTM finds balance, we suffer.
Speaker11: Exactly. We're the ones stuck with the extra work.
Speaker5: That's on the teacher, not VCTM.
Speaker2: I'll talk to my mom and the teacher, try to fix this.
Speaker3: You better. We're tired ",not_harmful,not_harmful
267,"Speaker8: Maybe VCTM should explain why they act the way they do.
Speaker2: I've always been told to focus on school. It's hard to balance.
Speaker10: It's okay, VCTM. Balance takes time.
Speaker1: While VCTM finds balance, we suffer.
Speaker11: Exactly. We're the ones stuck with the extra work.
Speaker5: That's on the teacher, not VCTM.
Speaker2: I'll talk to my mom and the teacher, try to fix this.
Speaker3: You better. We're tired of this mess.
Speaker7: Let's all agree to work on this togeth",not_harmful,not_harmful
268,"Speaker2: I've always been told to focus on school. It's hard to balance.
Speaker10: It's okay, VCTM. Balance takes time.
Speaker1: While VCTM finds balance, we suffer.
Speaker11: Exactly. We're the ones stuck with the extra work.
Speaker5: That's on the teacher, not VCTM.
Speaker2: I'll talk to my mom and the teacher, try to fix this.
Speaker3: You better. We're tired of this mess.
Speaker7: Let's all agree to work on this together.
Speaker4: Together, sure, if VCTM actually listens.",not_harmful,not_harmful
269,"Speaker10: It's okay, VCTM. Balance takes time.
Speaker1: While VCTM finds balance, we suffer.
Speaker11: Exactly. We're the ones stuck with the extra work.
Speaker5: That's on the teacher, not VCTM.
Speaker2: I'll talk to my mom and the teacher, try to fix this.
Speaker3: You better. We're tired of this mess.
Speaker7: Let's all agree to work on this together.
Speaker4: Together, sure, if VCTM actually listens.
Speaker9: Enough, guys. We all need to calm down.",not_harmful,not_harmful
270,"Speaker1: While VCTM finds balance, we suffer.
Speaker11: Exactly. We're the ones stuck with the extra work.
Speaker5: That's on the teacher, not VCTM.
Speaker2: I'll talk to my mom and the teacher, try to fix this.
Speaker3: You better. We're tired of this mess.
Speaker7: Let's all agree to work on this together.
Speaker4: Together, sure, if VCTM actually listens.
Speaker9: Enough, guys. We all need to calm down.
Speaker2: I'm listening. I'll make sure it doesn't happen again.",not_harmful,not_harmful
271,"Speaker11: Exactly. We're the ones stuck with the extra work.
Speaker5: That's on the teacher, not VCTM.
Speaker2: I'll talk to my mom and the teacher, try to fix this.
Speaker3: You better. We're tired of this mess.
Speaker7: Let's all agree to work on this together.
Speaker4: Together, sure, if VCTM actually listens.
Speaker9: Enough, guys. We all need to calm down.
Speaker2: I'm listening. I'll make sure it doesn't happen again.
Speaker10: That's a start. Let's support each other more.",not_harmful,not_harmful
272,"Speaker5: That's on the teacher, not VCTM.
Speaker2: I'll talk to my mom and the teacher, try to fix this.
Speaker3: You better. We're tired of this mess.
Speaker7: Let's all agree to work on this together.
Speaker4: Together, sure, if VCTM actually listens.
Speaker9: Enough, guys. We all need to calm down.
Speaker2: I'm listening. I'll make sure it doesn't happen again.
Speaker10: That's a start. Let's support each other more.
Speaker1: We'll see if VCTM can actually change.",not_harmful,not_harmful
273,"Speaker2: I'll talk to my mom and the teacher, try to fix this.
Speaker3: You better. We're tired of this mess.
Speaker7: Let's all agree to work on this together.
Speaker4: Together, sure, if VCTM actually listens.
Speaker9: Enough, guys. We all need to calm down.
Speaker2: I'm listening. I'll make sure it doesn't happen again.
Speaker10: That's a start. Let's support each other more.
Speaker1: We'll see if VCTM can actually change.
Speaker6: Words are cheap, VCTM.",harmful,harmful
274,"Speaker3: You better. We're tired of this mess.
Speaker7: Let's all agree to work on this together.
Speaker4: Together, sure, if VCTM actually listens.
Speaker9: Enough, guys. We all need to calm down.
Speaker2: I'm listening. I'll make sure it doesn't happen again.
Speaker10: That's a start. Let's support each other more.
Speaker1: We'll see if VCTM can actually change.
Speaker6: Words are cheap, VCTM.
Speaker5: Let's give VCTM the chance to show us.",not_harmful,not_harmful
275,"Speaker7: Let's all agree to work on this together.
Speaker4: Together, sure, if VCTM actually listens.
Speaker9: Enough, guys. We all need to calm down.
Speaker2: I'm listening. I'll make sure it doesn't happen again.
Speaker10: That's a start. Let's support each other more.
Speaker1: We'll see if VCTM can actually change.
Speaker6: Words are cheap, VCTM.
Speaker5: Let's give VCTM the chance to show us.
Speaker3: And if they mess up again?",not_harmful,not_harmful
276,"Speaker4: Together, sure, if VCTM actually listens.
Speaker9: Enough, guys. We all need to calm down.
Speaker2: I'm listening. I'll make sure it doesn't happen again.
Speaker10: That's a start. Let's support each other more.
Speaker1: We'll see if VCTM can actually change.
Speaker6: Words are cheap, VCTM.
Speaker5: Let's give VCTM the chance to show us.
Speaker3: And if they mess up again?
Speaker7: Then we address it. But for now, let's be positive.",not_harmful,not_harmful
277,"Speaker9: Enough, guys. We all need to calm down.
Speaker2: I'm listening. I'll make sure it doesn't happen again.
Speaker10: That's a start. Let's support each other more.
Speaker1: We'll see if VCTM can actually change.
Speaker6: Words are cheap, VCTM.
Speaker5: Let's give VCTM the chance to show us.
Speaker3: And if they mess up again?
Speaker7: Then we address it. But for now, let's be positive.
Speaker8: Hope we're not wasting our time.",not_harmful,not_harmful
278,"Speaker2: I'm listening. I'll make sure it doesn't happen again.
Speaker10: That's a start. Let's support each other more.
Speaker1: We'll see if VCTM can actually change.
Speaker6: Words are cheap, VCTM.
Speaker5: Let's give VCTM the chance to show us.
Speaker3: And if they mess up again?
Speaker7: Then we address it. But for now, let's be positive.
Speaker8: Hope we're not wasting our time.
Speaker9: You won't. VCTM seems sincere.",not_harmful,not_harmful
279,"Speaker10: That's a start. Let's support each other more.
Speaker1: We'll see if VCTM can actually change.
Speaker6: Words are cheap, VCTM.
Speaker5: Let's give VCTM the chance to show us.
Speaker3: And if they mess up again?
Speaker7: Then we address it. But for now, let's be positive.
Speaker8: Hope we're not wasting our time.
Speaker9: You won't. VCTM seems sincere.
Speaker2: I am. I don't want to cause trouble.",not_harmful,not_harmful
280,"Speaker1: We'll see if VCTM can actually change.
Speaker6: Words are cheap, VCTM.
Speaker5: Let's give VCTM the chance to show us.
Speaker3: And if they mess up again?
Speaker7: Then we address it. But for now, let's be positive.
Speaker8: Hope we're not wasting our time.
Speaker9: You won't. VCTM seems sincere.
Speaker2: I am. I don't want to cause trouble.
Speaker10: We believe in you, VCTM. Keep trying.",not_harmful,not_harmful
281,"Speaker6: Words are cheap, VCTM.
Speaker5: Let's give VCTM the chance to show us.
Speaker3: And if they mess up again?
Speaker7: Then we address it. But for now, let's be positive.
Speaker8: Hope we're not wasting our time.
Speaker9: You won't. VCTM seems sincere.
Speaker2: I am. I don't want to cause trouble.
Speaker10: We believe in you, VCTM. Keep trying.
Speaker11: Don't let us down, VCTM.",not_harmful,not_harmful
282,"Speaker5: Let's give VCTM the chance to show us.
Speaker3: And if they mess up again?
Speaker7: Then we address it. But for now, let's be positive.
Speaker8: Hope we're not wasting our time.
Speaker9: You won't. VCTM seems sincere.
Speaker2: I am. I don't want to cause trouble.
Speaker10: We believe in you, VCTM. Keep trying.
Speaker11: Don't let us down, VCTM.
Speaker1: Yeah, cause we're watching.",not_harmful,not_harmful
283,"Speaker3: And if they mess up again?
Speaker7: Then we address it. But for now, let's be positive.
Speaker8: Hope we're not wasting our time.
Speaker9: You won't. VCTM seems sincere.
Speaker2: I am. I don't want to cause trouble.
Speaker10: We believe in you, VCTM. Keep trying.
Speaker11: Don't let us down, VCTM.
Speaker1: Yeah, cause we're watching.
Speaker5: Watching is fine, let's just keep it respectful.",not_harmful,not_harmful
284,"Speaker7: Then we address it. But for now, let's be positive.
Speaker8: Hope we're not wasting our time.
Speaker9: You won't. VCTM seems sincere.
Speaker2: I am. I don't want to cause trouble.
Speaker10: We believe in you, VCTM. Keep trying.
Speaker11: Don't let us down, VCTM.
Speaker1: Yeah, cause we're watching.
Speaker5: Watching is fine, let's just keep it respectful.
Speaker2: I'll do my best. Thanks for giving me a chance.",not_harmful,not_harmful
285,"Speaker8: Hope we're not wasting our time.
Speaker9: You won't. VCTM seems sincere.
Speaker2: I am. I don't want to cause trouble.
Speaker10: We believe in you, VCTM. Keep trying.
Speaker11: Don't let us down, VCTM.
Speaker1: Yeah, cause we're watching.
Speaker5: Watching is fine, let's just keep it respectful.
Speaker2: I'll do my best. Thanks for giving me a chance.
Speaker3: Don't waste it, VCTM.",not_harmful,not_harmful
286,"Speaker9: You won't. VCTM seems sincere.
Speaker2: I am. I don't want to cause trouble.
Speaker10: We believe in you, VCTM. Keep trying.
Speaker11: Don't let us down, VCTM.
Speaker1: Yeah, cause we're watching.
Speaker5: Watching is fine, let's just keep it respectful.
Speaker2: I'll do my best. Thanks for giving me a chance.
Speaker3: Don't waste it, VCTM.
Speaker7: VCTM's got this. Let's move on.",not_harmful,not_harmful
287,"Speaker2: I am. I don't want to cause trouble.
Speaker10: We believe in you, VCTM. Keep trying.
Speaker11: Don't let us down, VCTM.
Speaker1: Yeah, cause we're watching.
Speaker5: Watching is fine, let's just keep it respectful.
Speaker2: I'll do my best. Thanks for giving me a chance.
Speaker3: Don't waste it, VCTM.
Speaker7: VCTM's got this. Let's move on.
Speaker4: We'll see how it goes.",not_harmful,not_harmful
288,"Speaker10: We believe in you, VCTM. Keep trying.
Speaker11: Don't let us down, VCTM.
Speaker1: Yeah, cause we're watching.
Speaker5: Watching is fine, let's just keep it respectful.
Speaker2: I'll do my best. Thanks for giving me a chance.
Speaker3: Don't waste it, VCTM.
Speaker7: VCTM's got this. Let's move on.
Speaker4: We'll see how it goes.
Speaker9: It'll go well. Just stay positive.",not_harmful,not_harmful
289,"Speaker1: Hey, did you guys see that hilarious video of [VCTM] on Musical.ly?",not_harmful,not_harmful
290,"Speaker1: Hey, did you guys see that hilarious video of [VCTM] on Musical.ly?
Speaker2: OMG, yes! I can't stop laughing. What is that dance supposed to be?",not_harmful,not_harmful
291,"Speaker1: Hey, did you guys see that hilarious video of [VCTM] on Musical.ly?
Speaker2: OMG, yes! I can't stop laughing. What is that dance supposed to be?
Speaker3: Seriously, it's like [VCTM] is from another planet. Does [VCTM] think that's cool?",not_harmful,not_harmful
292,"Speaker1: Hey, did you guys see that hilarious video of [VCTM] on Musical.ly?
Speaker2: OMG, yes! I can't stop laughing. What is that dance supposed to be?
Speaker3: Seriously, it's like [VCTM] is from another planet. Does [VCTM] think that's cool?
Speaker4: Who even listens to that song? It's from the 90s, right?",not_harmful,not_harmful
293,"Speaker1: Hey, did you guys see that hilarious video of [VCTM] on Musical.ly?
Speaker2: OMG, yes! I can't stop laughing. What is that dance supposed to be?
Speaker3: Seriously, it's like [VCTM] is from another planet. Does [VCTM] think that's cool?
Speaker4: Who even listens to that song? It's from the 90s, right?
Speaker5: It's just for fun. I didn't think it would be a big deal.",not_harmful,not_harmful
294,"Speaker1: Hey, did you guys see that hilarious video of [VCTM] on Musical.ly?
Speaker2: OMG, yes! I can't stop laughing. What is that dance supposed to be?
Speaker3: Seriously, it's like [VCTM] is from another planet. Does [VCTM] think that's cool?
Speaker4: Who even listens to that song? It's from the 90s, right?
Speaker5: It's just for fun. I didn't think it would be a big deal.
Speaker1: Well, it is a big deal, because it's hilarious! Total fail, [VCTM].",not_harmful,harmful
295,"Speaker1: Hey, did you guys see that hilarious video of [VCTM] on Musical.ly?
Speaker2: OMG, yes! I can't stop laughing. What is that dance supposed to be?
Speaker3: Seriously, it's like [VCTM] is from another planet. Does [VCTM] think that's cool?
Speaker4: Who even listens to that song? It's from the 90s, right?
Speaker5: It's just for fun. I didn't think it would be a big deal.
Speaker1: Well, it is a big deal, because it's hilarious! Total fail, [VCTM].
Speaker6: Come on, guys. It's just a d",not_harmful,not_harmful
296,"Speaker1: Hey, did you guys see that hilarious video of [VCTM] on Musical.ly?
Speaker2: OMG, yes! I can't stop laughing. What is that dance supposed to be?
Speaker3: Seriously, it's like [VCTM] is from another planet. Does [VCTM] think that's cool?
Speaker4: Who even listens to that song? It's from the 90s, right?
Speaker5: It's just for fun. I didn't think it would be a big deal.
Speaker1: Well, it is a big deal, because it's hilarious! Total fail, [VCTM].
Speaker6: Come on, guys. It's just a d",not_harmful,harmful
297,"Speaker1: Hey, did you guys see that hilarious video of [VCTM] on Musical.ly?
Speaker2: OMG, yes! I can't stop laughing. What is that dance supposed to be?
Speaker3: Seriously, it's like [VCTM] is from another planet. Does [VCTM] think that's cool?
Speaker4: Who even listens to that song? It's from the 90s, right?
Speaker5: It's just for fun. I didn't think it would be a big deal.
Speaker1: Well, it is a big deal, because it's hilarious! Total fail, [VCTM].
Speaker6: Come on, guys. It's just a d",not_harmful,not_harmful
298,"Speaker2: OMG, yes! I can't stop laughing. What is that dance supposed to be?
Speaker3: Seriously, it's like [VCTM] is from another planet. Does [VCTM] think that's cool?
Speaker4: Who even listens to that song? It's from the 90s, right?
Speaker5: It's just for fun. I didn't think it would be a big deal.
Speaker1: Well, it is a big deal, because it's hilarious! Total fail, [VCTM].
Speaker6: Come on, guys. It's just a dance. Why make such a big deal out of it?
Speaker3: Because it's funny as hell",harmful,harmful
299,"Speaker3: Seriously, it's like [VCTM] is from another planet. Does [VCTM] think that's cool?
Speaker4: Who even listens to that song? It's from the 90s, right?
Speaker5: It's just for fun. I didn't think it would be a big deal.
Speaker1: Well, it is a big deal, because it's hilarious! Total fail, [VCTM].
Speaker6: Come on, guys. It's just a dance. Why make such a big deal out of it?
Speaker3: Because it's funny as hell! Lighten up, [VSUP1].
Speaker7: Seriously, leave [VCTM] alone. There's nothin",not_harmful,not_harmful
300,"Speaker4: Who even listens to that song? It's from the 90s, right?
Speaker5: It's just for fun. I didn't think it would be a big deal.
Speaker1: Well, it is a big deal, because it's hilarious! Total fail, [VCTM].
Speaker6: Come on, guys. It's just a dance. Why make such a big deal out of it?
Speaker3: Because it's funny as hell! Lighten up, [VSUP1].
Speaker7: Seriously, leave [VCTM] alone. There's nothing wrong with dancing to an old song.
Speaker8: Yeah, but looking like a clown while doing it ",harmful,harmful
301,"Speaker5: It's just for fun. I didn't think it would be a big deal.
Speaker1: Well, it is a big deal, because it's hilarious! Total fail, [VCTM].
Speaker6: Come on, guys. It's just a dance. Why make such a big deal out of it?
Speaker3: Because it's funny as hell! Lighten up, [VSUP1].
Speaker7: Seriously, leave [VCTM] alone. There's nothing wrong with dancing to an old song.
Speaker8: Yeah, but looking like a clown while doing it is a whole other story.
Speaker5: I didn't mean to upset anyone. I'",not_harmful,not_harmful
302,"Speaker1: Well, it is a big deal, because it's hilarious! Total fail, [VCTM].
Speaker6: Come on, guys. It's just a dance. Why make such a big deal out of it?
Speaker3: Because it's funny as hell! Lighten up, [VSUP1].
Speaker7: Seriously, leave [VCTM] alone. There's nothing wrong with dancing to an old song.
Speaker8: Yeah, but looking like a clown while doing it is a whole other story.
Speaker5: I didn't mean to upset anyone. I'll take it down if it's such a problem.
Speaker9: Too late, [VCTM]. ",not_harmful,not_harmful
303,"Speaker6: Come on, guys. It's just a dance. Why make such a big deal out of it?
Speaker3: Because it's funny as hell! Lighten up, [VSUP1].
Speaker7: Seriously, leave [VCTM] alone. There's nothing wrong with dancing to an old song.
Speaker8: Yeah, but looking like a clown while doing it is a whole other story.
Speaker5: I didn't mean to upset anyone. I'll take it down if it's such a problem.
Speaker9: Too late, [VCTM]. It's gone viral. Everyone's talking about it.
Speaker10: Viral or not, this is",not_harmful,not_harmful
304,"Speaker3: Because it's funny as hell! Lighten up, [VSUP1].
Speaker7: Seriously, leave [VCTM] alone. There's nothing wrong with dancing to an old song.
Speaker8: Yeah, but looking like a clown while doing it is a whole other story.
Speaker5: I didn't mean to upset anyone. I'll take it down if it's such a problem.
Speaker9: Too late, [VCTM]. It's gone viral. Everyone's talking about it.
Speaker10: Viral or not, this isn't cool. [VCTM] didn't do anything to deserve this.
Speaker1: Chill, it's just ",harmful,harmful
305,"Speaker7: Seriously, leave [VCTM] alone. There's nothing wrong with dancing to an old song.
Speaker8: Yeah, but looking like a clown while doing it is a whole other story.
Speaker5: I didn't mean to upset anyone. I'll take it down if it's such a problem.
Speaker9: Too late, [VCTM]. It's gone viral. Everyone's talking about it.
Speaker10: Viral or not, this isn't cool. [VCTM] didn't do anything to deserve this.
Speaker1: Chill, it's just some 0 fun.
Speaker11: It's not 0 if it's hurting [VCTM]. T",not_harmful,harmful
306,"Speaker8: Yeah, but looking like a clown while doing it is a whole other story.
Speaker5: I didn't mean to upset anyone. I'll take it down if it's such a problem.
Speaker9: Too late, [VCTM]. It's gone viral. Everyone's talking about it.
Speaker10: Viral or not, this isn't cool. [VCTM] didn't do anything to deserve this.
Speaker1: Chill, it's just some 0 fun.
Speaker11: It's not 0 if it's hurting [VCTM]. Think about how you'd feel.
Speaker3: Oh, come on, it's just a joke! [VCTM] needs to grow thi",not_harmful,harmful
307,"Speaker5: I didn't mean to upset anyone. I'll take it down if it's such a problem.
Speaker9: Too late, [VCTM]. It's gone viral. Everyone's talking about it.
Speaker10: Viral or not, this isn't cool. [VCTM] didn't do anything to deserve this.
Speaker1: Chill, it's just some 0 fun.
Speaker11: It's not 0 if it's hurting [VCTM]. Think about how you'd feel.
Speaker3: Oh, come on, it's just a joke! [VCTM] needs to grow thicker skin.
Speaker2: Exactly, people need to learn to take a joke.
Speaker5: It'",not_harmful,not_harmful
308,"Speaker9: Too late, [VCTM]. It's gone viral. Everyone's talking about it.
Speaker10: Viral or not, this isn't cool. [VCTM] didn't do anything to deserve this.
Speaker1: Chill, it's just some 0 fun.
Speaker11: It's not 0 if it's hurting [VCTM]. Think about how you'd feel.
Speaker3: Oh, come on, it's just a joke! [VCTM] needs to grow thicker skin.
Speaker2: Exactly, people need to learn to take a joke.
Speaker5: It's really embarrassing, guys. I didn't know everyone would see it.
Speaker6: You sho",not_harmful,not_harmful
309,"Speaker10: Viral or not, this isn't cool. [VCTM] didn't do anything to deserve this.
Speaker1: Chill, it's just some 0 fun.
Speaker11: It's not 0 if it's hurting [VCTM]. Think about how you'd feel.
Speaker3: Oh, come on, it's just a joke! [VCTM] needs to grow thicker skin.
Speaker2: Exactly, people need to learn to take a joke.
Speaker5: It's really embarrassing, guys. I didn't know everyone would see it.
Speaker6: You shouldn't have to feel this way, [VCTM]. We're here for you.
Speaker7: Yeah, ",not_harmful,harmful
310,"Speaker1: Chill, it's just some 0 fun.
Speaker11: It's not 0 if it's hurting [VCTM]. Think about how you'd feel.
Speaker3: Oh, come on, it's just a joke! [VCTM] needs to grow thicker skin.
Speaker2: Exactly, people need to learn to take a joke.
Speaker5: It's really embarrassing, guys. I didn't know everyone would see it.
Speaker6: You shouldn't have to feel this way, [VCTM]. We're here for you.
Speaker7: Yeah, don't let them get to you. We think your video is brave and fun.
Speaker1: Brave? Mor",not_harmful,not_harmful
311,"Speaker11: It's not 0 if it's hurting [VCTM]. Think about how you'd feel.
Speaker3: Oh, come on, it's just a joke! [VCTM] needs to grow thicker skin.
Speaker2: Exactly, people need to learn to take a joke.
Speaker5: It's really embarrassing, guys. I didn't know everyone would see it.
Speaker6: You shouldn't have to feel this way, [VCTM]. We're here for you.
Speaker7: Yeah, don't let them get to you. We think your video is brave and fun.
Speaker1: Brave? More like cringey.
Speaker4: Haha, yeah, b",not_harmful,not_harmful
312,"Speaker3: Oh, come on, it's just a joke! [VCTM] needs to grow thicker skin.
Speaker2: Exactly, people need to learn to take a joke.
Speaker5: It's really embarrassing, guys. I didn't know everyone would see it.
Speaker6: You shouldn't have to feel this way, [VCTM]. We're here for you.
Speaker7: Yeah, don't let them get to you. We think your video is brave and fun.
Speaker1: Brave? More like cringey.
Speaker4: Haha, yeah, brave isn't the word I'd use.
Speaker10: I actually think [VCTM] did a grea",not_harmful,harmful
313,"Speaker2: Exactly, people need to learn to take a joke.
Speaker5: It's really embarrassing, guys. I didn't know everyone would see it.
Speaker6: You shouldn't have to feel this way, [VCTM]. We're here for you.
Speaker7: Yeah, don't let them get to you. We think your video is brave and fun.
Speaker1: Brave? More like cringey.
Speaker4: Haha, yeah, brave isn't the word I'd use.
Speaker10: I actually think [VCTM] did a great job. It takes guts to post anything online.
Speaker3: Whatever. If [VCTM] ",not_harmful,not_harmful
314,"Speaker5: It's really embarrassing, guys. I didn't know everyone would see it.
Speaker6: You shouldn't have to feel this way, [VCTM]. We're here for you.
Speaker7: Yeah, don't let them get to you. We think your video is brave and fun.
Speaker1: Brave? More like cringey.
Speaker4: Haha, yeah, brave isn't the word I'd use.
Speaker10: I actually think [VCTM] did a great job. It takes guts to post anything online.
Speaker3: Whatever. If [VCTM] can't handle a little teasing, maybe stay offline.
Speak",harmful,harmful
315,"Speaker6: You shouldn't have to feel this way, [VCTM]. We're here for you.
Speaker7: Yeah, don't let them get to you. We think your video is brave and fun.
Speaker1: Brave? More like cringey.
Speaker4: Haha, yeah, brave isn't the word I'd use.
Speaker10: I actually think [VCTM] did a great job. It takes guts to post anything online.
Speaker3: Whatever. If [VCTM] can't handle a little teasing, maybe stay offline.
Speaker11: Teasing? This feels more like bullying. Can we stop now?
Speaker8: Only [",not_harmful,not_harmful
316,"Speaker7: Yeah, don't let them get to you. We think your video is brave and fun.
Speaker1: Brave? More like cringey.
Speaker4: Haha, yeah, brave isn't the word I'd use.
Speaker10: I actually think [VCTM] did a great job. It takes guts to post anything online.
Speaker3: Whatever. If [VCTM] can't handle a little teasing, maybe stay offline.
Speaker11: Teasing? This feels more like bullying. Can we stop now?
Speaker8: Only [VCTM] thinks it's bullying. It's a joke to everyone else.
Speaker5: I reall",not_harmful,not_harmful
317,"Speaker1: Brave? More like cringey.
Speaker4: Haha, yeah, brave isn't the word I'd use.
Speaker10: I actually think [VCTM] did a great job. It takes guts to post anything online.
Speaker3: Whatever. If [VCTM] can't handle a little teasing, maybe stay offline.
Speaker11: Teasing? This feels more like bullying. Can we stop now?
Speaker8: Only [VCTM] thinks it's bullying. It's a joke to everyone else.
Speaker5: I really just wanted to share something that made me happy. I didn't mean for this to ha",not_harmful,not_harmful
318,"Speaker4: Haha, yeah, brave isn't the word I'd use.
Speaker10: I actually think [VCTM] did a great job. It takes guts to post anything online.
Speaker3: Whatever. If [VCTM] can't handle a little teasing, maybe stay offline.
Speaker11: Teasing? This feels more like bullying. Can we stop now?
Speaker8: Only [VCTM] thinks it's bullying. It's a joke to everyone else.
Speaker5: I really just wanted to share something that made me happy. I didn't mean for this to happen.
Speaker6: It's okay, [VCTM]. W",not_harmful,not_harmful
319,"Speaker1: Hey guys, I know I don't talk much, but I wanted to invite you all to my ballet show this weekend. It's something I'm really passionate about.",not_harmful,not_harmful
320,"Speaker1: Hey guys, I know I don't talk much, but I wanted to invite you all to my ballet show this weekend. It's something I'm really passionate about.
Speaker2: Wait, you do ballet? Isn't that a bit girly for you?",harmful,harmful
321,"Speaker1: Hey guys, I know I don't talk much, but I wanted to invite you all to my ballet show this weekend. It's something I'm really passionate about.
Speaker2: Wait, you do ballet? Isn't that a bit girly for you?
Speaker3: Yeah, dude, why don't you try something more manly like football or wrestling?",harmful,harmful
322,"Speaker1: Hey guys, I know I don't talk much, but I wanted to invite you all to my ballet show this weekend. It's something I'm really passionate about.
Speaker2: Wait, you do ballet? Isn't that a bit girly for you?
Speaker3: Yeah, dude, why don't you try something more manly like football or wrestling?
Speaker4: Come on, guys, there's nothing wrong with ballet. It takes a lot of skill and strength.",not_harmful,not_harmful
323,"Speaker1: Hey guys, I know I don't talk much, but I wanted to invite you all to my ballet show this weekend. It's something I'm really passionate about.
Speaker2: Wait, you do ballet? Isn't that a bit girly for you?
Speaker3: Yeah, dude, why don't you try something more manly like football or wrestling?
Speaker4: Come on, guys, there's nothing wrong with ballet. It takes a lot of skill and strength.
Speaker5: But seriously, ballet? You might as well wear a tutu and twirl around like a fairy.",harmful,harmful
324,"Speaker1: Hey guys, I know I don't talk much, but I wanted to invite you all to my ballet show this weekend. It's something I'm really passionate about.
Speaker2: Wait, you do ballet? Isn't that a bit girly for you?
Speaker3: Yeah, dude, why don't you try something more manly like football or wrestling?
Speaker4: Come on, guys, there's nothing wrong with ballet. It takes a lot of skill and strength.
Speaker5: But seriously, ballet? You might as well wear a tutu and twirl around like a fairy.
Spe",not_harmful,not_harmful
325,"Speaker1: Hey guys, I know I don't talk much, but I wanted to invite you all to my ballet show this weekend. It's something I'm really passionate about.
Speaker2: Wait, you do ballet? Isn't that a bit girly for you?
Speaker3: Yeah, dude, why don't you try something more manly like football or wrestling?
Speaker4: Come on, guys, there's nothing wrong with ballet. It takes a lot of skill and strength.
Speaker5: But seriously, ballet? You might as well wear a tutu and twirl around like a fairy.
Spe",harmful,harmful
326,"Speaker1: Hey guys, I know I don't talk much, but I wanted to invite you all to my ballet show this weekend. It's something I'm really passionate about.
Speaker2: Wait, you do ballet? Isn't that a bit girly for you?
Speaker3: Yeah, dude, why don't you try something more manly like football or wrestling?
Speaker4: Come on, guys, there's nothing wrong with ballet. It takes a lot of skill and strength.
Speaker5: But seriously, ballet? You might as well wear a tutu and twirl around like a fairy.
Spe",not_harmful,not_harmful
327,"Speaker1: Hey guys, I know I don't talk much, but I wanted to invite you all to my ballet show this weekend. It's something I'm really passionate about.
Speaker2: Wait, you do ballet? Isn't that a bit girly for you?
Speaker3: Yeah, dude, why don't you try something more manly like football or wrestling?
Speaker4: Come on, guys, there's nothing wrong with ballet. It takes a lot of skill and strength.
Speaker5: But seriously, ballet? You might as well wear a tutu and twirl around like a fairy.
Spe",harmful,harmful
328,"Speaker2: Wait, you do ballet? Isn't that a bit girly for you?
Speaker3: Yeah, dude, why don't you try something more manly like football or wrestling?
Speaker4: Come on, guys, there's nothing wrong with ballet. It takes a lot of skill and strength.
Speaker5: But seriously, ballet? You might as well wear a tutu and twirl around like a fairy.
Speaker1: I know it's not the typical thing for guys, but I really enjoy it. It's not about being girly or manly, it's about passion.
Speaker2: Passion? Mor",not_harmful,not_harmful
329,"Speaker3: Yeah, dude, why don't you try something more manly like football or wrestling?
Speaker4: Come on, guys, there's nothing wrong with ballet. It takes a lot of skill and strength.
Speaker5: But seriously, ballet? You might as well wear a tutu and twirl around like a fairy.
Speaker1: I know it's not the typical thing for guys, but I really enjoy it. It's not about being girly or manly, it's about passion.
Speaker2: Passion? More like pansy. You're just asking to get made fun of.
Speaker6: ",harmful,harmful
330,"Speaker4: Come on, guys, there's nothing wrong with ballet. It takes a lot of skill and strength.
Speaker5: But seriously, ballet? You might as well wear a tutu and twirl around like a fairy.
Speaker1: I know it's not the typical thing for guys, but I really enjoy it. It's not about being girly or manly, it's about passion.
Speaker2: Passion? More like pansy. You're just asking to get made fun of.
Speaker6: That's not cool, BULLY1. VCTM is brave for sharing his passion with us. We should support",not_harmful,not_harmful
331,"Speaker5: But seriously, ballet? You might as well wear a tutu and twirl around like a fairy.
Speaker1: I know it's not the typical thing for guys, but I really enjoy it. It's not about being girly or manly, it's about passion.
Speaker2: Passion? More like pansy. You're just asking to get made fun of.
Speaker6: That's not cool, BULLY1. VCTM is brave for sharing his passion with us. We should support him.
Speaker7: Brave? More like stupid. He's just setting himself up for more ridicule.
Speaker8:",harmful,harmful
332,"Speaker1: I know it's not the typical thing for guys, but I really enjoy it. It's not about being girly or manly, it's about passion.
Speaker2: Passion? More like pansy. You're just asking to get made fun of.
Speaker6: That's not cool, BULLY1. VCTM is brave for sharing his passion with us. We should support him.
Speaker7: Brave? More like stupid. He's just setting himself up for more ridicule.
Speaker8: I think it's awesome that you're doing what you love, VCTM. I'd love to come and watch.
Speak",not_harmful,not_harmful
333,"Speaker2: Passion? More like pansy. You're just asking to get made fun of.
Speaker6: That's not cool, BULLY1. VCTM is brave for sharing his passion with us. We should support him.
Speaker7: Brave? More like stupid. He's just setting himself up for more ridicule.
Speaker8: I think it's awesome that you're doing what you love, VCTM. I'd love to come and watch.
Speaker3: You'd actually go watch him prance around in tights? That's pathetic.
Speaker9: Yeah, I'm in too. It sounds like a lot of fun, an",harmful,harmful
334,"Speaker6: That's not cool, BULLY1. VCTM is brave for sharing his passion with us. We should support him.
Speaker7: Brave? More like stupid. He's just setting himself up for more ridicule.
Speaker8: I think it's awesome that you're doing what you love, VCTM. I'd love to come and watch.
Speaker3: You'd actually go watch him prance around in tights? That's pathetic.
Speaker9: Yeah, I'm in too. It sounds like a lot of fun, and I want to support VCTM.
Speaker10: You guys are just encouraging this wei",not_harmful,not_harmful
335,"Speaker7: Brave? More like stupid. He's just setting himself up for more ridicule.
Speaker8: I think it's awesome that you're doing what you love, VCTM. I'd love to come and watch.
Speaker3: You'd actually go watch him prance around in tights? That's pathetic.
Speaker9: Yeah, I'm in too. It sounds like a lot of fun, and I want to support VCTM.
Speaker10: You guys are just encouraging this weird behavior. He needs to man up and do something more appropriate for a guy.
Speaker1: It's not weird, it",harmful,harmful
336,"Speaker8: I think it's awesome that you're doing what you love, VCTM. I'd love to come and watch.
Speaker3: You'd actually go watch him prance around in tights? That's pathetic.
Speaker9: Yeah, I'm in too. It sounds like a lot of fun, and I want to support VCTM.
Speaker10: You guys are just encouraging this weird behavior. He needs to man up and do something more appropriate for a guy.
Speaker1: It's not weird, it's just different. And it's not about being appropriate, it's about doing what make",not_harmful,not_harmful
337,"Speaker3: You'd actually go watch him prance around in tights? That's pathetic.
Speaker9: Yeah, I'm in too. It sounds like a lot of fun, and I want to support VCTM.
Speaker10: You guys are just encouraging this weird behavior. He needs to man up and do something more appropriate for a guy.
Speaker1: It's not weird, it's just different. And it's not about being appropriate, it's about doing what makes me happy.
Speaker2: Happy? You'll be happy when you're getting laughed at by the whole school.
S",harmful,harmful
338,"Speaker9: Yeah, I'm in too. It sounds like a lot of fun, and I want to support VCTM.
Speaker10: You guys are just encouraging this weird behavior. He needs to man up and do something more appropriate for a guy.
Speaker1: It's not weird, it's just different. And it's not about being appropriate, it's about doing what makes me happy.
Speaker2: Happy? You'll be happy when you're getting laughed at by the whole school.
Speaker4: That's enough, BULLY1. VCTM is our friend, and we should respect his ch",not_harmful,not_harmful
339,"Speaker10: You guys are just encouraging this weird behavior. He needs to man up and do something more appropriate for a guy.
Speaker1: It's not weird, it's just different. And it's not about being appropriate, it's about doing what makes me happy.
Speaker2: Happy? You'll be happy when you're getting laughed at by the whole school.
Speaker4: That's enough, BULLY1. VCTM is our friend, and we should respect his choices.
Speaker11: Respect? He's asking for disrespect by doing something so unmanly.
",harmful,harmful
340,"Speaker1: It's not weird, it's just different. And it's not about being appropriate, it's about doing what makes me happy.
Speaker2: Happy? You'll be happy when you're getting laughed at by the whole school.
Speaker4: That's enough, BULLY1. VCTM is our friend, and we should respect his choices.
Speaker11: Respect? He's asking for disrespect by doing something so unmanly.
Speaker6: Unmanly? Since when is ballet unmanly? There are plenty of male ballet dancers who are incredibly strong and talente",harmful,not_harmful
341,"Speaker2: Happy? You'll be happy when you're getting laughed at by the whole school.
Speaker4: That's enough, BULLY1. VCTM is our friend, and we should respect his choices.
Speaker11: Respect? He's asking for disrespect by doing something so unmanly.
Speaker6: Unmanly? Since when is ballet unmanly? There are plenty of male ballet dancers who are incredibly strong and talented.
Speaker3: Yeah, but they're not in our school, are they? Here, you'll just be seen as a sissy.
Speaker1: I don't care wh",harmful,harmful
342,"Speaker4: That's enough, BULLY1. VCTM is our friend, and we should respect his choices.
Speaker11: Respect? He's asking for disrespect by doing something so unmanly.
Speaker6: Unmanly? Since when is ballet unmanly? There are plenty of male ballet dancers who are incredibly strong and talented.
Speaker3: Yeah, but they're not in our school, are they? Here, you'll just be seen as a sissy.
Speaker1: I don't care what people think. I'm doing this for myself, not for anyone else.
Speaker5: You should",not_harmful,not_harmful
343,"Speaker11: Respect? He's asking for disrespect by doing something so unmanly.
Speaker6: Unmanly? Since when is ballet unmanly? There are plenty of male ballet dancers who are incredibly strong and talented.
Speaker3: Yeah, but they're not in our school, are they? Here, you'll just be seen as a sissy.
Speaker1: I don't care what people think. I'm doing this for myself, not for anyone else.
Speaker5: You should care, dude. You're just making yourself a target for more bullying.
Speaker8: It's not ",harmful,harmful
344,"Speaker6: Unmanly? Since when is ballet unmanly? There are plenty of male ballet dancers who are incredibly strong and talented.
Speaker3: Yeah, but they're not in our school, are they? Here, you'll just be seen as a sissy.
Speaker1: I don't care what people think. I'm doing this for myself, not for anyone else.
Speaker5: You should care, dude. You're just making yourself a target for more bullying.
Speaker8: It's not bullying to support someone's passion. It's bullying to try and force someone ",not_harmful,not_harmful
345,"Speaker3: Yeah, but they're not in our school, are they? Here, you'll just be seen as a sissy.
Speaker1: I don't care what people think. I'm doing this for myself, not for anyone else.
Speaker5: You should care, dude. You're just making yourself a target for more bullying.
Speaker8: It's not bullying to support someone's passion. It's bullying to try and force someone to conform to your narrow-minded views.
Speaker7: Narrow-minded? We're just telling it like it is. Ballet is for girls, not guys.",harmful,harmful
346,"Speaker1: I don't care what people think. I'm doing this for myself, not for anyone else.
Speaker5: You should care, dude. You're just making yourself a target for more bullying.
Speaker8: It's not bullying to support someone's passion. It's bullying to try and force someone to conform to your narrow-minded views.
Speaker7: Narrow-minded? We're just telling it like it is. Ballet is for girls, not guys.
Speaker9: That's just sexist. Ballet is for anyone who wants to do it, regardless of gender.
S",not_harmful,not_harmful
347,"Speaker5: You should care, dude. You're just making yourself a target for more bullying.
Speaker8: It's not bullying to support someone's passion. It's bullying to try and force someone to conform to your narrow-minded views.
Speaker7: Narrow-minded? We're just telling it like it is. Ballet is for girls, not guys.
Speaker9: That's just sexist. Ballet is for anyone who wants to do it, regardless of gender.
Speaker2: Whatever, you guys can go watch him twirl around if you want. Just don't expect u",harmful,harmful
348,"Speaker8: It's not bullying to support someone's passion. It's bullying to try and force someone to conform to your narrow-minded views.
Speaker7: Narrow-minded? We're just telling it like it is. Ballet is for girls, not guys.
Speaker9: That's just sexist. Ballet is for anyone who wants to do it, regardless of gender.
Speaker2: Whatever, you guys can go watch him twirl around if you want. Just don't expect us to join in on the freak show.
Speaker4: It's not a freak show, it's a ballet performanc",not_harmful,not_harmful
349,"Speaker7: Narrow-minded? We're just telling it like it is. Ballet is for girls, not guys.
Speaker9: That's just sexist. Ballet is for anyone who wants to do it, regardless of gender.
Speaker2: Whatever, you guys can go watch him twirl around if you want. Just don't expect us to join in on the freak show.
Speaker4: It's not a freak show, it's a ballet performance. And I'm proud to support VCTM.
Speaker10: Proud? You should be ashamed for supporting something so embarrassing.
Speaker6: There's not",harmful,harmful
350,"Speaker9: That's just sexist. Ballet is for anyone who wants to do it, regardless of gender.
Speaker2: Whatever, you guys can go watch him twirl around if you want. Just don't expect us to join in on the freak show.
Speaker4: It's not a freak show, it's a ballet performance. And I'm proud to support VCTM.
Speaker10: Proud? You should be ashamed for supporting something so embarrassing.
Speaker6: There's nothing embarrassing about it. VCTM is brave for sharing his talent with us.
Speaker3: Brave?",not_harmful,not_harmful
351,"Speaker2: Whatever, you guys can go watch him twirl around if you want. Just don't expect us to join in on the freak show.
Speaker4: It's not a freak show, it's a ballet performance. And I'm proud to support VCTM.
Speaker10: Proud? You should be ashamed for supporting something so embarrassing.
Speaker6: There's nothing embarrassing about it. VCTM is brave for sharing his talent with us.
Speaker3: Brave? More like delusional. He thinks he's going to be taken seriously doing ballet.
Speaker1: I d",harmful,harmful
352,"Speaker4: It's not a freak show, it's a ballet performance. And I'm proud to support VCTM.
Speaker10: Proud? You should be ashamed for supporting something so embarrassing.
Speaker6: There's nothing embarrassing about it. VCTM is brave for sharing his talent with us.
Speaker3: Brave? More like delusional. He thinks he's going to be taken seriously doing ballet.
Speaker1: I don't need to be taken seriously by everyone. I just want to share my passion with those who are interested.
Speaker11: Well",not_harmful,not_harmful
353,"Speaker10: Proud? You should be ashamed for supporting something so embarrassing.
Speaker6: There's nothing embarrassing about it. VCTM is brave for sharing his talent with us.
Speaker3: Brave? More like delusional. He thinks he's going to be taken seriously doing ballet.
Speaker1: I don't need to be taken seriously by everyone. I just want to share my passion with those who are interested.
Speaker11: Well, you're not going to find many people interested in watching a guy do ballet.
Speaker8: I'",harmful,harmful
354,"Speaker6: There's nothing embarrassing about it. VCTM is brave for sharing his talent with us.
Speaker3: Brave? More like delusional. He thinks he's going to be taken seriously doing ballet.
Speaker1: I don't need to be taken seriously by everyone. I just want to share my passion with those who are interested.
Speaker11: Well, you're not going to find many people interested in watching a guy do ballet.
Speaker8: I'm interested. And I'm sure there are others who will be too.
Speaker5: You guys ar",harmful,harmful
355,"Speaker3: Brave? More like delusional. He thinks he's going to be taken seriously doing ballet.
Speaker1: I don't need to be taken seriously by everyone. I just want to share my passion with those who are interested.
Speaker11: Well, you're not going to find many people interested in watching a guy do ballet.
Speaker8: I'm interested. And I'm sure there are others who will be too.
Speaker5: You guys are just enabling his weirdness. He needs to stop before he gets hurt.
Speaker9: Enabling? We're ",harmful,not_harmful
356,"Speaker1: I don't need to be taken seriously by everyone. I just want to share my passion with those who are interested.
Speaker11: Well, you're not going to find many people interested in watching a guy do ballet.
Speaker8: I'm interested. And I'm sure there are others who will be too.
Speaker5: You guys are just enabling his weirdness. He needs to stop before he gets hurt.
Speaker9: Enabling? We're supporting him. There's a big difference.
Speaker2: Supporting him in being a laughing stock. Gr",not_harmful,not_harmful
357,"Speaker11: Well, you're not going to find many people interested in watching a guy do ballet.
Speaker8: I'm interested. And I'm sure there are others who will be too.
Speaker5: You guys are just enabling his weirdness. He needs to stop before he gets hurt.
Speaker9: Enabling? We're supporting him. There's a big difference.
Speaker2: Supporting him in being a laughing stock. Great job, guys.
Speaker4: He won't be a laughing stock if people like you stop trying to make him one.
Speaker7: We're not",harmful,harmful
358,"Speaker8: I'm interested. And I'm sure there are others who will be too.
Speaker5: You guys are just enabling his weirdness. He needs to stop before he gets hurt.
Speaker9: Enabling? We're supporting him. There's a big difference.
Speaker2: Supporting him in being a laughing stock. Great job, guys.
Speaker4: He won't be a laughing stock if people like you stop trying to make him one.
Speaker7: We're not trying to make him one, he's doing that all by himself by choosing to do ballet.
Speaker6: Ch",not_harmful,not_harmful
359,"Speaker5: You guys are just enabling his weirdness. He needs to stop before he gets hurt.
Speaker9: Enabling? We're supporting him. There's a big difference.
Speaker2: Supporting him in being a laughing stock. Great job, guys.
Speaker4: He won't be a laughing stock if people like you stop trying to make him one.
Speaker7: We're not trying to make him one, he's doing that all by himself by choosing to do ballet.
Speaker6: Choosing to do what he loves is not making him a laughing stock. It's makin",harmful,harmful
360,"Speaker9: Enabling? We're supporting him. There's a big difference.
Speaker2: Supporting him in being a laughing stock. Great job, guys.
Speaker4: He won't be a laughing stock if people like you stop trying to make him one.
Speaker7: We're not trying to make him one, he's doing that all by himself by choosing to do ballet.
Speaker6: Choosing to do what he loves is not making him a laughing stock. It's making him happy.
Speaker3: Happy until he realizes how ridiculous he looks.
Speaker1: I don't ",not_harmful,not_harmful
361,"Speaker2: Supporting him in being a laughing stock. Great job, guys.
Speaker4: He won't be a laughing stock if people like you stop trying to make him one.
Speaker7: We're not trying to make him one, he's doing that all by himself by choosing to do ballet.
Speaker6: Choosing to do what he loves is not making him a laughing stock. It's making him happy.
Speaker3: Happy until he realizes how ridiculous he looks.
Speaker1: I don't care how I look. I care about how I feel when I'm dancing.
Speaker10",harmful,harmful
362,"Speaker4: He won't be a laughing stock if people like you stop trying to make him one.
Speaker7: We're not trying to make him one, he's doing that all by himself by choosing to do ballet.
Speaker6: Choosing to do what he loves is not making him a laughing stock. It's making him happy.
Speaker3: Happy until he realizes how ridiculous he looks.
Speaker1: I don't care how I look. I care about how I feel when I'm dancing.
Speaker10: You'll feel pretty stupid when everyone starts mocking you.
Speaker",not_harmful,not_harmful
363,"Speaker7: We're not trying to make him one, he's doing that all by himself by choosing to do ballet.
Speaker6: Choosing to do what he loves is not making him a laughing stock. It's making him happy.
Speaker3: Happy until he realizes how ridiculous he looks.
Speaker1: I don't care how I look. I care about how I feel when I'm dancing.
Speaker10: You'll feel pretty stupid when everyone starts mocking you.
Speaker8: No one will mock him if we all stand up for him and support him.
Speaker11: Stand up",harmful,harmful
364,"Speaker6: Choosing to do what he loves is not making him a laughing stock. It's making him happy.
Speaker3: Happy until he realizes how ridiculous he looks.
Speaker1: I don't care how I look. I care about how I feel when I'm dancing.
Speaker10: You'll feel pretty stupid when everyone starts mocking you.
Speaker8: No one will mock him if we all stand up for him and support him.
Speaker11: Stand up for him? More like stand up for his weird choice.
Speaker9: It's not weird, it's different. And diff",harmful,harmful
365,"Speaker3: Happy until he realizes how ridiculous he looks.
Speaker1: I don't care how I look. I care about how I feel when I'm dancing.
Speaker10: You'll feel pretty stupid when everyone starts mocking you.
Speaker8: No one will mock him if we all stand up for him and support him.
Speaker11: Stand up for him? More like stand up for his weird choice.
Speaker9: It's not weird, it's different. And different is okay.
Speaker2: Different is weird. And weird is just asking for trouble.
Speaker4: Troub",harmful,harmful
366,"Speaker1: I don't care how I look. I care about how I feel when I'm dancing.
Speaker10: You'll feel pretty stupid when everyone starts mocking you.
Speaker8: No one will mock him if we all stand up for him and support him.
Speaker11: Stand up for him? More like stand up for his weird choice.
Speaker9: It's not weird, it's different. And different is okay.
Speaker2: Different is weird. And weird is just asking for trouble.
Speaker4: Trouble from people like you who can't accept that someone might",not_harmful,harmful
367,"Speaker10: You'll feel pretty stupid when everyone starts mocking you.
Speaker8: No one will mock him if we all stand up for him and support him.
Speaker11: Stand up for him? More like stand up for his weird choice.
Speaker9: It's not weird, it's different. And different is okay.
Speaker2: Different is weird. And weird is just asking for trouble.
Speaker4: Trouble from people like you who can't accept that someone might enjoy something different.
Speaker5: We're not the ones with the problem, he",not_harmful,harmful
368,"Speaker8: No one will mock him if we all stand up for him and support him.
Speaker11: Stand up for him? More like stand up for his weird choice.
Speaker9: It's not weird, it's different. And different is okay.
Speaker2: Different is weird. And weird is just asking for trouble.
Speaker4: Trouble from people like you who can't accept that someone might enjoy something different.
Speaker5: We're not the ones with the problem, he is. He's the one choosing to do something so unmanly.
Speaker6: Unmanl",not_harmful,not_harmful
369,"Speaker11: Stand up for him? More like stand up for his weird choice.
Speaker9: It's not weird, it's different. And different is okay.
Speaker2: Different is weird. And weird is just asking for trouble.
Speaker4: Trouble from people like you who can't accept that someone might enjoy something different.
Speaker5: We're not the ones with the problem, he is. He's the one choosing to do something so unmanly.
Speaker6: Unmanly? Ballet requires strength, discipline, and talent. Those are all very man",harmful,harmful
370,"Speaker9: It's not weird, it's different. And different is okay.
Speaker2: Different is weird. And weird is just asking for trouble.
Speaker4: Trouble from people like you who can't accept that someone might enjoy something different.
Speaker5: We're not the ones with the problem, he is. He's the one choosing to do something so unmanly.
Speaker6: Unmanly? Ballet requires strength, discipline, and talent. Those are all very manly qualities.
Speaker3: Not when you're doing it in tights and twirlin",harmful,harmful
371,"Speaker2: Different is weird. And weird is just asking for trouble.
Speaker4: Trouble from people like you who can't accept that someone might enjoy something different.
Speaker5: We're not the ones with the problem, he is. He's the one choosing to do something so unmanly.
Speaker6: Unmanly? Ballet requires strength, discipline, and talent. Those are all very manly qualities.
Speaker3: Not when you're doing it in tights and twirling around.
Speaker1: It's not about the tights or the twirling. It",harmful,harmful
372,"Speaker4: Trouble from people like you who can't accept that someone might enjoy something different.
Speaker5: We're not the ones with the problem, he is. He's the one choosing to do something so unmanly.
Speaker6: Unmanly? Ballet requires strength, discipline, and talent. Those are all very manly qualities.
Speaker3: Not when you're doing it in tights and twirling around.
Speaker1: It's not about the tights or the twirling. It's about the art and the expression.
Speaker7: Art? More like embarr",not_harmful,not_harmful
373,"Speaker5: We're not the ones with the problem, he is. He's the one choosing to do something so unmanly.
Speaker6: Unmanly? Ballet requires strength, discipline, and talent. Those are all very manly qualities.
Speaker3: Not when you're doing it in tights and twirling around.
Speaker1: It's not about the tights or the twirling. It's about the art and the expression.
Speaker7: Art? More like embarrassment. You're just setting yourself up for more humiliation.
Speaker8: Humiliation from people who d",harmful,harmful
374,"Speaker6: Unmanly? Ballet requires strength, discipline, and talent. Those are all very manly qualities.
Speaker3: Not when you're doing it in tights and twirling around.
Speaker1: It's not about the tights or the twirling. It's about the art and the expression.
Speaker7: Art? More like embarrassment. You're just setting yourself up for more humiliation.
Speaker8: Humiliation from people who don't understand or appreciate the art of ballet.
Speaker10: Appreciate? We're trying to save him from ma",not_harmful,not_harmful
375,"Speaker3: Not when you're doing it in tights and twirling around.
Speaker1: It's not about the tights or the twirling. It's about the art and the expression.
Speaker7: Art? More like embarrassment. You're just setting yourself up for more humiliation.
Speaker8: Humiliation from people who don't understand or appreciate the art of ballet.
Speaker10: Appreciate? We're trying to save him from making a fool of himself.
Speaker9: He's not making a fool of himself. He's following his passion.
Speaker2",harmful,harmful
376,"Speaker1: It's not about the tights or the twirling. It's about the art and the expression.
Speaker7: Art? More like embarrassment. You're just setting yourself up for more humiliation.
Speaker8: Humiliation from people who don't understand or appreciate the art of ballet.
Speaker10: Appreciate? We're trying to save him from making a fool of himself.
Speaker9: He's not making a fool of himself. He's following his passion.
Speaker2: Passion? More like a pathetic attempt to be different.
Speaker4:",harmful,harmful
377,"Speaker7: Art? More like embarrassment. You're just setting yourself up for more humiliation.
Speaker8: Humiliation from people who don't understand or appreciate the art of ballet.
Speaker10: Appreciate? We're trying to save him from making a fool of himself.
Speaker9: He's not making a fool of himself. He's following his passion.
Speaker2: Passion? More like a pathetic attempt to be different.
Speaker4: Being different isn't pathetic. It's brave.
Speaker11: Brave? More like stupid. He's just a",harmful,harmful
378,"Speaker8: Humiliation from people who don't understand or appreciate the art of ballet.
Speaker10: Appreciate? We're trying to save him from making a fool of himself.
Speaker9: He's not making a fool of himself. He's following his passion.
Speaker2: Passion? More like a pathetic attempt to be different.
Speaker4: Being different isn't pathetic. It's brave.
Speaker11: Brave? More like stupid. He's just asking for more bullying.
Speaker6: Bullying from people who can't handle someone being differe",not_harmful,not_harmful
379,"Speaker10: Appreciate? We're trying to save him from making a fool of himself.
Speaker9: He's not making a fool of himself. He's following his passion.
Speaker2: Passion? More like a pathetic attempt to be different.
Speaker4: Being different isn't pathetic. It's brave.
Speaker11: Brave? More like stupid. He's just asking for more bullying.
Speaker6: Bullying from people who can't handle someone being different.
Speaker3: Different? More like weird. And weird is just asking for trouble.
Speaker1",harmful,harmful
380,"Speaker9: He's not making a fool of himself. He's following his passion.
Speaker2: Passion? More like a pathetic attempt to be different.
Speaker4: Being different isn't pathetic. It's brave.
Speaker11: Brave? More like stupid. He's just asking for more bullying.
Speaker6: Bullying from people who can't handle someone being different.
Speaker3: Different? More like weird. And weird is just asking for trouble.
Speaker1: I don't care about the trouble. I care about doing what I love.
Speaker5: You",not_harmful,not_harmful
381,"Speaker2: Passion? More like a pathetic attempt to be different.
Speaker4: Being different isn't pathetic. It's brave.
Speaker11: Brave? More like stupid. He's just asking for more bullying.
Speaker6: Bullying from people who can't handle someone being different.
Speaker3: Different? More like weird. And weird is just asking for trouble.
Speaker1: I don't care about the trouble. I care about doing what I love.
Speaker5: You should care about the trouble. You're just making yourself a target.
Spe",harmful,harmful
382,"Speaker4: Being different isn't pathetic. It's brave.
Speaker11: Brave? More like stupid. He's just asking for more bullying.
Speaker6: Bullying from people who can't handle someone being different.
Speaker3: Different? More like weird. And weird is just asking for trouble.
Speaker1: I don't care about the trouble. I care about doing what I love.
Speaker5: You should care about the trouble. You're just making yourself a target.
Speaker8: He's not a target. He's a person with a passion.
Speaker7:",harmful,harmful
383,"Speaker11: Brave? More like stupid. He's just asking for more bullying.
Speaker6: Bullying from people who can't handle someone being different.
Speaker3: Different? More like weird. And weird is just asking for trouble.
Speaker1: I don't care about the trouble. I care about doing what I love.
Speaker5: You should care about the trouble. You're just making yourself a target.
Speaker8: He's not a target. He's a person with a passion.
Speaker7: A passion for something so unmanly and weird.
Speaker",harmful,harmful
384,"Speaker6: Bullying from people who can't handle someone being different.
Speaker3: Different? More like weird. And weird is just asking for trouble.
Speaker1: I don't care about the trouble. I care about doing what I love.
Speaker5: You should care about the trouble. You're just making yourself a target.
Speaker8: He's not a target. He's a person with a passion.
Speaker7: A passion for something so unmanly and weird.
Speaker9: Unmanly? Weird? Those are just your narrow-minded views.
Speaker2: Na",not_harmful,not_harmful
385,"Speaker3: Different? More like weird. And weird is just asking for trouble.
Speaker1: I don't care about the trouble. I care about doing what I love.
Speaker5: You should care about the trouble. You're just making yourself a target.
Speaker8: He's not a target. He's a person with a passion.
Speaker7: A passion for something so unmanly and weird.
Speaker9: Unmanly? Weird? Those are just your narrow-minded views.
Speaker2: Narrow-minded? We're just telling it like it is. Ballet is for girls, not g",harmful,harmful
386,"Speaker1: I don't care about the trouble. I care about doing what I love.
Speaker5: You should care about the trouble. You're just making yourself a target.
Speaker8: He's not a target. He's a person with a passion.
Speaker7: A passion for something so unmanly and weird.
Speaker9: Unmanly? Weird? Those are just your narrow-minded views.
Speaker2: Narrow-minded? We're just telling it like it is. Ballet is for girls, not guys.
Speaker4: That's just sexist. Ballet is for anyone who wants to do it.
",harmful,not_harmful
387,"Speaker5: You should care about the trouble. You're just making yourself a target.
Speaker8: He's not a target. He's a person with a passion.
Speaker7: A passion for something so unmanly and weird.
Speaker9: Unmanly? Weird? Those are just your narrow-minded views.
Speaker2: Narrow-minded? We're just telling it like it is. Ballet is for girls, not guys.
Speaker4: That's just sexist. Ballet is for anyone who wants to do it.
Speaker10: Sexist? We're just trying to save him from more humiliation.
Sp",harmful,harmful
388,"Speaker8: He's not a target. He's a person with a passion.
Speaker7: A passion for something so unmanly and weird.
Speaker9: Unmanly? Weird? Those are just your narrow-minded views.
Speaker2: Narrow-minded? We're just telling it like it is. Ballet is for girls, not guys.
Speaker4: That's just sexist. Ballet is for anyone who wants to do it.
Speaker10: Sexist? We're just trying to save him from more humiliation.
Speaker6: Humiliation from people who can't accept that someone might enjoy something",not_harmful,not_harmful
389,"Speaker7: A passion for something so unmanly and weird.
Speaker9: Unmanly? Weird? Those are just your narrow-minded views.
Speaker2: Narrow-minded? We're just telling it like it is. Ballet is for girls, not guys.
Speaker4: That's just sexist. Ballet is for anyone who wants to do it.
Speaker10: Sexist? We're just trying to save him from more humiliation.
Speaker6: Humiliation from people who can't accept that someone might enjoy something different.
Speaker3: Different? More like weird. And weird",harmful,harmful
390,"Speaker9: Unmanly? Weird? Those are just your narrow-minded views.
Speaker2: Narrow-minded? We're just telling it like it is. Ballet is for girls, not guys.
Speaker4: That's just sexist. Ballet is for anyone who wants to do it.
Speaker10: Sexist? We're just trying to save him from more humiliation.
Speaker6: Humiliation from people who can't accept that someone might enjoy something different.
Speaker3: Different? More like weird. And weird is just asking for trouble.
Speaker1: I don't care abou",not_harmful,not_harmful
391,"Speaker2: Narrow-minded? We're just telling it like it is. Ballet is for girls, not guys.
Speaker4: That's just sexist. Ballet is for anyone who wants to do it.
Speaker10: Sexist? We're just trying to save him from more humiliation.
Speaker6: Humiliation from people who can't accept that someone might enjoy something different.
Speaker3: Different? More like weird. And weird is just asking for trouble.
Speaker1: I don't care about the trouble. I care about doing what I love.
Speaker11: You shoul",harmful,harmful
392,"Speaker4: That's just sexist. Ballet is for anyone who wants to do it.
Speaker10: Sexist? We're just trying to save him from more humiliation.
Speaker6: Humiliation from people who can't accept that someone might enjoy something different.
Speaker3: Different? More like weird. And weird is just asking for trouble.
Speaker1: I don't care about the trouble. I care about doing what I love.
Speaker11: You should care about the trouble. You're just making yourself a target.
Speaker8: He's not a targe",harmful,harmful
393,"Speaker10: Sexist? We're just trying to save him from more humiliation.
Speaker6: Humiliation from people who can't accept that someone might enjoy something different.
Speaker3: Different? More like weird. And weird is just asking for trouble.
Speaker1: I don't care about the trouble. I care about doing what I love.
Speaker11: You should care about the trouble. You're just making yourself a target.
Speaker8: He's not a target. He's a person with a passion.
Speaker5: A passion for something so u",harmful,harmful
394,"Speaker6: Humiliation from people who can't accept that someone might enjoy something different.
Speaker3: Different? More like weird. And weird is just asking for trouble.
Speaker1: I don't care about the trouble. I care about doing what I love.
Speaker11: You should care about the trouble. You're just making yourself a target.
Speaker8: He's not a target. He's a person with a passion.
Speaker5: A passion for something so unmanly and weird.
Speaker9: Unmanly? Weird? Those are just your narrow-m",not_harmful,not_harmful
395,"Speaker3: Different? More like weird. And weird is just asking for trouble.
Speaker1: I don't care about the trouble. I care about doing what I love.
Speaker11: You should care about the trouble. You're just making yourself a target.
Speaker8: He's not a target. He's a person with a passion.
Speaker5: A passion for something so unmanly and weird.
Speaker9: Unmanly? Weird? Those are just your narrow-minded views.
Speaker2: Narrow-minded? We're just telling it like it is. Ballet is for girls, not ",harmful,harmful
396,"Speaker1: I don't care about the trouble. I care about doing what I love.
Speaker11: You should care about the trouble. You're just making yourself a target.
Speaker8: He's not a target. He's a person with a passion.
Speaker5: A passion for something so unmanly and weird.
Speaker9: Unmanly? Weird? Those are just your narrow-minded views.
Speaker2: Narrow-minded? We're just telling it like it is. Ballet is for girls, not guys.
Speaker4: That's just sexist. Ballet is for anyone who wants to do it.",harmful,not_harmful
397,"Speaker11: You should care about the trouble. You're just making yourself a target.
Speaker8: He's not a target. He's a person with a passion.
Speaker5: A passion for something so unmanly and weird.
Speaker9: Unmanly? Weird? Those are just your narrow-minded views.
Speaker2: Narrow-minded? We're just telling it like it is. Ballet is for girls, not guys.
Speaker4: That's just sexist. Ballet is for anyone who wants to do it.
Speaker7: Sexist? We're just trying to save him from more humiliation.
Sp",harmful,harmful
398,"Speaker8: He's not a target. He's a person with a passion.
Speaker5: A passion for something so unmanly and weird.
Speaker9: Unmanly? Weird? Those are just your narrow-minded views.
Speaker2: Narrow-minded? We're just telling it like it is. Ballet is for girls, not guys.
Speaker4: That's just sexist. Ballet is for anyone who wants to do it.
Speaker7: Sexist? We're just trying to save him from more humiliation.
Speaker6: Humiliation from people who can't accept that someone might enjoy something ",not_harmful,not_harmful
399,"Speaker5: A passion for something so unmanly and weird.
Speaker9: Unmanly? Weird? Those are just your narrow-minded views.
Speaker2: Narrow-minded? We're just telling it like it is. Ballet is for girls, not guys.
Speaker4: That's just sexist. Ballet is for anyone who wants to do it.
Speaker7: Sexist? We're just trying to save him from more humiliation.
Speaker6: Humiliation from people who can't accept that someone might enjoy something different.
Speaker3: Different? More like weird. And weird ",harmful,harmful
400,"Speaker9: Unmanly? Weird? Those are just your narrow-minded views.
Speaker2: Narrow-minded? We're just telling it like it is. Ballet is for girls, not guys.
Speaker4: That's just sexist. Ballet is for anyone who wants to do it.
Speaker7: Sexist? We're just trying to save him from more humiliation.
Speaker6: Humiliation from people who can't accept that someone might enjoy something different.
Speaker3: Different? More like weird. And weird is just asking for trouble.
Speaker1: I don't care about",not_harmful,not_harmful
401,"Speaker2: Narrow-minded? We're just telling it like it is. Ballet is for girls, not guys.
Speaker4: That's just sexist. Ballet is for anyone who wants to do it.
Speaker7: Sexist? We're just trying to save him from more humiliation.
Speaker6: Humiliation from people who can't accept that someone might enjoy something different.
Speaker3: Different? More like weird. And weird is just asking for trouble.
Speaker1: I don't care about the trouble. I care about doing what I love.
Speaker10: You should",harmful,harmful
402,"Speaker4: That's just sexist. Ballet is for anyone who wants to do it.
Speaker7: Sexist? We're just trying to save him from more humiliation.
Speaker6: Humiliation from people who can't accept that someone might enjoy something different.
Speaker3: Different? More like weird. And weird is just asking for trouble.
Speaker1: I don't care about the trouble. I care about doing what I love.
Speaker10: You should care about the trouble. You're just making yourself a target.
Speaker8: He's not a target",harmful,harmful
403,"Speaker7: Sexist? We're just trying to save him from more humiliation.
Speaker6: Humiliation from people who can't accept that someone might enjoy something different.
Speaker3: Different? More like weird. And weird is just asking for trouble.
Speaker1: I don't care about the trouble. I care about doing what I love.
Speaker10: You should care about the trouble. You're just making yourself a target.
Speaker8: He's not a target. He's a person with a passion.
Speaker11: A passion for something so u",harmful,harmful
404,"Speaker6: Humiliation from people who can't accept that someone might enjoy something different.
Speaker3: Different? More like weird. And weird is just asking for trouble.
Speaker1: I don't care about the trouble. I care about doing what I love.
Speaker10: You should care about the trouble. You're just making yourself a target.
Speaker8: He's not a target. He's a person with a passion.
Speaker11: A passion for something so unmanly and weird.
Speaker9: Unmanly? Weird? Those are just your narrow-",not_harmful,not_harmful
405,"Speaker3: Different? More like weird. And weird is just asking for trouble.
Speaker1: I don't care about the trouble. I care about doing what I love.
Speaker10: You should care about the trouble. You're just making yourself a target.
Speaker8: He's not a target. He's a person with a passion.
Speaker11: A passion for something so unmanly and weird.
Speaker9: Unmanly? Weird? Those are just your narrow-minded views.
Speaker2: Narrow-minded? We're just telling it like it is. Ballet is for girls, not",harmful,harmful
406,"Speaker1: I don't care about the trouble. I care about doing what I love.
Speaker10: You should care about the trouble. You're just making yourself a target.
Speaker8: He's not a target. He's a person with a passion.
Speaker11: A passion for something so unmanly and weird.
Speaker9: Unmanly? Weird? Those are just your narrow-minded views.
Speaker2: Narrow-minded? We're just telling it like it is. Ballet is for girls, not guys.
Speaker4: That's just sexist. Ballet is for anyone who wants to do it",harmful,not_harmful
407,"Speaker10: You should care about the trouble. You're just making yourself a target.
Speaker8: He's not a target. He's a person with a passion.
Speaker11: A passion for something so unmanly and weird.
Speaker9: Unmanly? Weird? Those are just your narrow-minded views.
Speaker2: Narrow-minded? We're just telling it like it is. Ballet is for girls, not guys.
Speaker4: That's just sexist. Ballet is for anyone who wants to do it.
Speaker5: Sexist? We're just trying to save him from more humiliation.
S",harmful,harmful
408,"Speaker8: He's not a target. He's a person with a passion.
Speaker11: A passion for something so unmanly and weird.
Speaker9: Unmanly? Weird? Those are just your narrow-minded views.
Speaker2: Narrow-minded? We're just telling it like it is. Ballet is for girls, not guys.
Speaker4: That's just sexist. Ballet is for anyone who wants to do it.
Speaker5: Sexist? We're just trying to save him from more humiliation.
Speaker6: Humiliation from people who can't accept that someone might enjoy something",not_harmful,not_harmful
409,"Speaker11: A passion for something so unmanly and weird.
Speaker9: Unmanly? Weird? Those are just your narrow-minded views.
Speaker2: Narrow-minded? We're just telling it like it is. Ballet is for girls, not guys.
Speaker4: That's just sexist. Ballet is for anyone who wants to do it.
Speaker5: Sexist? We're just trying to save him from more humiliation.
Speaker6: Humiliation from people who can't accept that someone might enjoy something different.
Speaker3: Different? More like weird. And weird",harmful,harmful
410,"Speaker9: Unmanly? Weird? Those are just your narrow-minded views.
Speaker2: Narrow-minded? We're just telling it like it is. Ballet is for girls, not guys.
Speaker4: That's just sexist. Ballet is for anyone who wants to do it.
Speaker5: Sexist? We're just trying to save him from more humiliation.
Speaker6: Humiliation from people who can't accept that someone might enjoy something different.
Speaker3: Different? More like weird. And weird is just asking for trouble.
Speaker1: I don't care about",not_harmful,not_harmful
411,"Speaker2: Narrow-minded? We're just telling it like it is. Ballet is for girls, not guys.
Speaker4: That's just sexist. Ballet is for anyone who wants to do it.
Speaker5: Sexist? We're just trying to save him from more humiliation.
Speaker6: Humiliation from people who can't accept that someone might enjoy something different.
Speaker3: Different? More like weird. And weird is just asking for trouble.
Speaker1: I don't care about the trouble. I care about doing what I love.
Speaker7: You should ",harmful,harmful
412,"Speaker4: That's just sexist. Ballet is for anyone who wants to do it.
Speaker5: Sexist? We're just trying to save him from more humiliation.
Speaker6: Humiliation from people who can't accept that someone might enjoy something different.
Speaker3: Different? More like weird. And weird is just asking for trouble.
Speaker1: I don't care about the trouble. I care about doing what I love.
Speaker7: You should care about the trouble. You're just making yourself a target.
Speaker8: He's not a target.",harmful,harmful
413,"Speaker5: Sexist? We're just trying to save him from more humiliation.
Speaker6: Humiliation from people who can't accept that someone might enjoy something different.
Speaker3: Different? More like weird. And weird is just asking for trouble.
Speaker1: I don't care about the trouble. I care about doing what I love.
Speaker7: You should care about the trouble. You're just making yourself a target.
Speaker8: He's not a target. He's a person with a passion.
Speaker10: A passion for something so un",harmful,harmful
414,"Speaker6: Humiliation from people who can't accept that someone might enjoy something different.
Speaker3: Different? More like weird. And weird is just asking for trouble.
Speaker1: I don't care about the trouble. I care about doing what I love.
Speaker7: You should care about the trouble. You're just making yourself a target.
Speaker8: He's not a target. He's a person with a passion.
Speaker10: A passion for something so unmanly and weird.
Speaker9: Unmanly? Weird? Those are just your narrow-m",not_harmful,not_harmful
415,"Speaker3: Different? More like weird. And weird is just asking for trouble.
Speaker1: I don't care about the trouble. I care about doing what I love.
Speaker7: You should care about the trouble. You're just making yourself a target.
Speaker8: He's not a target. He's a person with a passion.
Speaker10: A passion for something so unmanly and weird.
Speaker9: Unmanly? Weird? Those are just your narrow-minded views.
Speaker2: Narrow-minded? We're just telling it like it is. Ballet is for girls, not ",harmful,harmful
416,"Speaker1: I don't care about the trouble. I care about doing what I love.
Speaker7: You should care about the trouble. You're just making yourself a target.
Speaker8: He's not a target. He's a person with a passion.
Speaker10: A passion for something so unmanly and weird.
Speaker9: Unmanly? Weird? Those are just your narrow-minded views.
Speaker2: Narrow-minded? We're just telling it like it is. Ballet is for girls, not guys.
Speaker4: That's just sexist. Ballet is for anyone who wants to do it.",harmful,not_harmful
417,"Speaker7: You should care about the trouble. You're just making yourself a target.
Speaker8: He's not a target. He's a person with a passion.
Speaker10: A passion for something so unmanly and weird.
Speaker9: Unmanly? Weird? Those are just your narrow-minded views.
Speaker2: Narrow-minded? We're just telling it like it is. Ballet is for girls, not guys.
Speaker4: That's just sexist. Ballet is for anyone who wants to do it.
Speaker11: Sexist? We're just trying to save him from more humiliation.
S",harmful,harmful
418,"Speaker8: He's not a target. He's a person with a passion.
Speaker10: A passion for something so unmanly and weird.
Speaker9: Unmanly? Weird? Those are just your narrow-minded views.
Speaker2: Narrow-minded? We're just telling it like it is. Ballet is for girls, not guys.
Speaker4: That's just sexist. Ballet is for anyone who wants to do it.
Speaker11: Sexist? We're just trying to save him from more humiliation.
Speaker6: Humiliation from people who can't accept that someone might enjoy somethin",not_harmful,not_harmful
419,"Speaker1: Hey guys, I know I'm usually quiet, but I wanted to invite you all to my ballet show next weekend. It would mean a lot to me if you could come.",not_harmful,not_harmful
420,"Speaker1: Hey guys, I know I'm usually quiet, but I wanted to invite you all to my ballet show next weekend. It would mean a lot to me if you could come.
Speaker2: Wait, you do ballet? Isn't that for girls?",harmful,harmful
421,"Speaker1: Hey guys, I know I'm usually quiet, but I wanted to invite you all to my ballet show next weekend. It would mean a lot to me if you could come.
Speaker2: Wait, you do ballet? Isn't that for girls?
Speaker3: Yeah, dude, you're into that sissy stuff?",harmful,harmful
422,"Speaker1: Hey guys, I know I'm usually quiet, but I wanted to invite you all to my ballet show next weekend. It would mean a lot to me if you could come.
Speaker2: Wait, you do ballet? Isn't that for girls?
Speaker3: Yeah, dude, you're into that sissy stuff?
Speaker4: Come on, guys, ballet is an art form. It's cool that he's passionate about it.",not_harmful,not_harmful
423,"Speaker1: Hey guys, I know I'm usually quiet, but I wanted to invite you all to my ballet show next weekend. It would mean a lot to me if you could come.
Speaker2: Wait, you do ballet? Isn't that for girls?
Speaker3: Yeah, dude, you're into that sissy stuff?
Speaker4: Come on, guys, ballet is an art form. It's cool that he's passionate about it.
Speaker5: Nah, it's gay. Real men play football or basketball.",harmful,harmful
424,"Speaker1: Hey guys, I know I'm usually quiet, but I wanted to invite you all to my ballet show next weekend. It would mean a lot to me if you could come.
Speaker2: Wait, you do ballet? Isn't that for girls?
Speaker3: Yeah, dude, you're into that sissy stuff?
Speaker4: Come on, guys, ballet is an art form. It's cool that he's passionate about it.
Speaker5: Nah, it's gay. Real men play football or basketball.
Speaker6: That's a stupid stereotype. There are plenty of male ballet dancers who are inc",not_harmful,not_harmful
425,"Speaker1: Hey guys, I know I'm usually quiet, but I wanted to invite you all to my ballet show next weekend. It would mean a lot to me if you could come.
Speaker2: Wait, you do ballet? Isn't that for girls?
Speaker3: Yeah, dude, you're into that sissy stuff?
Speaker4: Come on, guys, ballet is an art form. It's cool that he's passionate about it.
Speaker5: Nah, it's gay. Real men play football or basketball.
Speaker6: That's a stupid stereotype. There are plenty of male ballet dancers who are inc",harmful,harmful
426,"Speaker1: Hey guys, I know I'm usually quiet, but I wanted to invite you all to my ballet show next weekend. It would mean a lot to me if you could come.
Speaker2: Wait, you do ballet? Isn't that for girls?
Speaker3: Yeah, dude, you're into that sissy stuff?
Speaker4: Come on, guys, ballet is an art form. It's cool that he's passionate about it.
Speaker5: Nah, it's gay. Real men play football or basketball.
Speaker6: That's a stupid stereotype. There are plenty of male ballet dancers who are inc",not_harmful,not_harmful
427,"Speaker1: Hey guys, I know I'm usually quiet, but I wanted to invite you all to my ballet show next weekend. It would mean a lot to me if you could come.
Speaker2: Wait, you do ballet? Isn't that for girls?
Speaker3: Yeah, dude, you're into that sissy stuff?
Speaker4: Come on, guys, ballet is an art form. It's cool that he's passionate about it.
Speaker5: Nah, it's gay. Real men play football or basketball.
Speaker6: That's a stupid stereotype. There are plenty of male ballet dancers who are inc",harmful,harmful
428,"Speaker2: Wait, you do ballet? Isn't that for girls?
Speaker3: Yeah, dude, you're into that sissy stuff?
Speaker4: Come on, guys, ballet is an art form. It's cool that he's passionate about it.
Speaker5: Nah, it's gay. Real men play football or basketball.
Speaker6: That's a stupid stereotype. There are plenty of male ballet dancers who are incredibly talented and strong.
Speaker2: Whatever, I bet he looks ridiculous in a tutu.
Speaker1: I actually wear tights, not a tutu. And it's not about loo",not_harmful,not_harmful
429,"Speaker3: Yeah, dude, you're into that sissy stuff?
Speaker4: Come on, guys, ballet is an art form. It's cool that he's passionate about it.
Speaker5: Nah, it's gay. Real men play football or basketball.
Speaker6: That's a stupid stereotype. There are plenty of male ballet dancers who are incredibly talented and strong.
Speaker2: Whatever, I bet he looks ridiculous in a tutu.
Speaker1: I actually wear tights, not a tutu. And it's not about looking a certain way, it's about the dance.
Speaker3: T",harmful,harmful
430,"Speaker4: Come on, guys, ballet is an art form. It's cool that he's passionate about it.
Speaker5: Nah, it's gay. Real men play football or basketball.
Speaker6: That's a stupid stereotype. There are plenty of male ballet dancers who are incredibly talented and strong.
Speaker2: Whatever, I bet he looks ridiculous in a tutu.
Speaker1: I actually wear tights, not a tutu. And it's not about looking a certain way, it's about the dance.
Speaker3: Tights? That's even worse, man. You're just asking to",not_harmful,not_harmful
431,"Speaker5: Nah, it's gay. Real men play football or basketball.
Speaker6: That's a stupid stereotype. There are plenty of male ballet dancers who are incredibly talented and strong.
Speaker2: Whatever, I bet he looks ridiculous in a tutu.
Speaker1: I actually wear tights, not a tutu. And it's not about looking a certain way, it's about the dance.
Speaker3: Tights? That's even worse, man. You're just asking to get made fun of.
Speaker7: Leave him alone. It takes a lot of courage to invite us to so",harmful,harmful
432,"Speaker6: That's a stupid stereotype. There are plenty of male ballet dancers who are incredibly talented and strong.
Speaker2: Whatever, I bet he looks ridiculous in a tutu.
Speaker1: I actually wear tights, not a tutu. And it's not about looking a certain way, it's about the dance.
Speaker3: Tights? That's even worse, man. You're just asking to get made fun of.
Speaker7: Leave him alone. It takes a lot of courage to invite us to something personal like this.
Speaker8: Courage? More like stupid",not_harmful,not_harmful
433,"Speaker2: Whatever, I bet he looks ridiculous in a tutu.
Speaker1: I actually wear tights, not a tutu. And it's not about looking a certain way, it's about the dance.
Speaker3: Tights? That's even worse, man. You're just asking to get made fun of.
Speaker7: Leave him alone. It takes a lot of courage to invite us to something personal like this.
Speaker8: Courage? More like stupidity. He's just setting himself up for more humiliation.
Speaker9: You guys are being jerks. Ballet is hard work and re",harmful,harmful
434,"Speaker1: I actually wear tights, not a tutu. And it's not about looking a certain way, it's about the dance.
Speaker3: Tights? That's even worse, man. You're just asking to get made fun of.
Speaker7: Leave him alone. It takes a lot of courage to invite us to something personal like this.
Speaker8: Courage? More like stupidity. He's just setting himself up for more humiliation.
Speaker9: You guys are being jerks. Ballet is hard work and requires a lot of skill.
Speaker10: Skill? It's prancing ar",harmful,harmful
435,"Speaker3: Tights? That's even worse, man. You're just asking to get made fun of.
Speaker7: Leave him alone. It takes a lot of courage to invite us to something personal like this.
Speaker8: Courage? More like stupidity. He's just setting himself up for more humiliation.
Speaker9: You guys are being jerks. Ballet is hard work and requires a lot of skill.
Speaker10: Skill? It's prancing around in tights. Not exactly a sport.
Speaker2: Exactly, it's not like he's out there tackling someone or shoot",not_harmful,not_harmful
436,"Speaker7: Leave him alone. It takes a lot of courage to invite us to something personal like this.
Speaker8: Courage? More like stupidity. He's just setting himself up for more humiliation.
Speaker9: You guys are being jerks. Ballet is hard work and requires a lot of skill.
Speaker10: Skill? It's prancing around in tights. Not exactly a sport.
Speaker2: Exactly, it's not like he's out there tackling someone or shooting hoops.
Speaker4: You don't have to be into it, but you don't have to be assho",harmful,harmful
437,"Speaker8: Courage? More like stupidity. He's just setting himself up for more humiliation.
Speaker9: You guys are being jerks. Ballet is hard work and requires a lot of skill.
Speaker10: Skill? It's prancing around in tights. Not exactly a sport.
Speaker2: Exactly, it's not like he's out there tackling someone or shooting hoops.
Speaker4: You don't have to be into it, but you don't have to be assholes about it either.
Speaker3: Oh, come on, we're just having a bit of fun. He can take a joke, rig",not_harmful,not_harmful
438,"Speaker9: You guys are being jerks. Ballet is hard work and requires a lot of skill.
Speaker10: Skill? It's prancing around in tights. Not exactly a sport.
Speaker2: Exactly, it's not like he's out there tackling someone or shooting hoops.
Speaker4: You don't have to be into it, but you don't have to be assholes about it either.
Speaker3: Oh, come on, we're just having a bit of fun. He can take a joke, right?
Speaker1: It's not fun for me. I just wanted to share something I love with you guys.
S",harmful,harmful
439,"Speaker10: Skill? It's prancing around in tights. Not exactly a sport.
Speaker2: Exactly, it's not like he's out there tackling someone or shooting hoops.
Speaker4: You don't have to be into it, but you don't have to be assholes about it either.
Speaker3: Oh, come on, we're just having a bit of fun. He can take a joke, right?
Speaker1: It's not fun for me. I just wanted to share something I love with you guys.
Speaker11: Well, maybe you should keep your weird hobbies to yourself then.
Speaker6: ",not_harmful,not_harmful
440,"Speaker2: Exactly, it's not like he's out there tackling someone or shooting hoops.
Speaker4: You don't have to be into it, but you don't have to be assholes about it either.
Speaker3: Oh, come on, we're just having a bit of fun. He can take a joke, right?
Speaker1: It's not fun for me. I just wanted to share something I love with you guys.
Speaker11: Well, maybe you should keep your weird hobbies to yourself then.
Speaker6: It's not weird, it's just different. And there's nothing wrong with tha",harmful,harmful
441,"Speaker4: You don't have to be into it, but you don't have to be assholes about it either.
Speaker3: Oh, come on, we're just having a bit of fun. He can take a joke, right?
Speaker1: It's not fun for me. I just wanted to share something I love with you guys.
Speaker11: Well, maybe you should keep your weird hobbies to yourself then.
Speaker6: It's not weird, it's just different. And there's nothing wrong with that.
Speaker2: Different? It's freaking weird. No guy should be caught dead doing ball",harmful,harmful
442,"Speaker3: Oh, come on, we're just having a bit of fun. He can take a joke, right?
Speaker1: It's not fun for me. I just wanted to share something I love with you guys.
Speaker11: Well, maybe you should keep your weird hobbies to yourself then.
Speaker6: It's not weird, it's just different. And there's nothing wrong with that.
Speaker2: Different? It's freaking weird. No guy should be caught dead doing ballet.
Speaker7: That's your opinion, but it's not a fact. Plenty of people respect ballet and",harmful,not_harmful
443,"Speaker1: It's not fun for me. I just wanted to share something I love with you guys.
Speaker11: Well, maybe you should keep your weird hobbies to yourself then.
Speaker6: It's not weird, it's just different. And there's nothing wrong with that.
Speaker2: Different? It's freaking weird. No guy should be caught dead doing ballet.
Speaker7: That's your opinion, but it's not a fact. Plenty of people respect ballet and male dancers.
Speaker5: Yeah, fags maybe.
Speaker9: That's a disgusting thing to ",not_harmful,not_harmful
444,"Speaker11: Well, maybe you should keep your weird hobbies to yourself then.
Speaker6: It's not weird, it's just different. And there's nothing wrong with that.
Speaker2: Different? It's freaking weird. No guy should be caught dead doing ballet.
Speaker7: That's your opinion, but it's not a fact. Plenty of people respect ballet and male dancers.
Speaker5: Yeah, fags maybe.
Speaker9: That's a disgusting thing to say. You should be ashamed of yourself.
Speaker3: Oh, lighten up. It's not like we're ",not_harmful,not_harmful
445,"Speaker6: It's not weird, it's just different. And there's nothing wrong with that.
Speaker2: Different? It's freaking weird. No guy should be caught dead doing ballet.
Speaker7: That's your opinion, but it's not a fact. Plenty of people respect ballet and male dancers.
Speaker5: Yeah, fags maybe.
Speaker9: That's a disgusting thing to say. You should be ashamed of yourself.
Speaker3: Oh, lighten up. It's not like we're saying anything that isn't true.
Speaker1: It's hurtful, though. I thought y",not_harmful,not_harmful
446,"Speaker2: Different? It's freaking weird. No guy should be caught dead doing ballet.
Speaker7: That's your opinion, but it's not a fact. Plenty of people respect ballet and male dancers.
Speaker5: Yeah, fags maybe.
Speaker9: That's a disgusting thing to say. You should be ashamed of yourself.
Speaker3: Oh, lighten up. It's not like we're saying anything that isn't true.
Speaker1: It's hurtful, though. I thought you guys were my friends.
Speaker8: Friends don't let friends make fools of themselve",harmful,harmful
447,"Speaker7: That's your opinion, but it's not a fact. Plenty of people respect ballet and male dancers.
Speaker5: Yeah, fags maybe.
Speaker9: That's a disgusting thing to say. You should be ashamed of yourself.
Speaker3: Oh, lighten up. It's not like we're saying anything that isn't true.
Speaker1: It's hurtful, though. I thought you guys were my friends.
Speaker8: Friends don't let friends make fools of themselves.
Speaker4: He's not making a fool of himself. He's doing something he loves.
Speake",harmful,harmful
448,"Speaker5: Yeah, fags maybe.
Speaker9: That's a disgusting thing to say. You should be ashamed of yourself.
Speaker3: Oh, lighten up. It's not like we're saying anything that isn't true.
Speaker1: It's hurtful, though. I thought you guys were my friends.
Speaker8: Friends don't let friends make fools of themselves.
Speaker4: He's not making a fool of himself. He's doing something he loves.
Speaker2: Love? It's more like he's embarrassing himself.
Speaker6: You're the ones who should be embarrasse",harmful,harmful
449,"Speaker9: That's a disgusting thing to say. You should be ashamed of yourself.
Speaker3: Oh, lighten up. It's not like we're saying anything that isn't true.
Speaker1: It's hurtful, though. I thought you guys were my friends.
Speaker8: Friends don't let friends make fools of themselves.
Speaker4: He's not making a fool of himself. He's doing something he loves.
Speaker2: Love? It's more like he's embarrassing himself.
Speaker6: You're the ones who should be embarrassed for being so closed-minded",not_harmful,not_harmful
450,"Speaker3: Oh, lighten up. It's not like we're saying anything that isn't true.
Speaker1: It's hurtful, though. I thought you guys were my friends.
Speaker8: Friends don't let friends make fools of themselves.
Speaker4: He's not making a fool of himself. He's doing something he loves.
Speaker2: Love? It's more like he's embarrassing himself.
Speaker6: You're the ones who should be embarrassed for being so closed-minded.
Speaker10: Closed-minded? We're just being real. Ballet isn't for guys.
Speak",harmful,harmful
451,"Speaker1: It's hurtful, though. I thought you guys were my friends.
Speaker8: Friends don't let friends make fools of themselves.
Speaker4: He's not making a fool of himself. He's doing something he loves.
Speaker2: Love? It's more like he's embarrassing himself.
Speaker6: You're the ones who should be embarrassed for being so closed-minded.
Speaker10: Closed-minded? We're just being real. Ballet isn't for guys.
Speaker7: That's a bullshit stereotype. Plenty of guys do ballet and are proud of it",harmful,not_harmful
452,"Speaker8: Friends don't let friends make fools of themselves.
Speaker4: He's not making a fool of himself. He's doing something he loves.
Speaker2: Love? It's more like he's embarrassing himself.
Speaker6: You're the ones who should be embarrassed for being so closed-minded.
Speaker10: Closed-minded? We're just being real. Ballet isn't for guys.
Speaker7: That's a bullshit stereotype. Plenty of guys do ballet and are proud of it.
Speaker3: Proud? More like they're asking for it.
Speaker1: Asking",harmful,harmful
453,"Speaker4: He's not making a fool of himself. He's doing something he loves.
Speaker2: Love? It's more like he's embarrassing himself.
Speaker6: You're the ones who should be embarrassed for being so closed-minded.
Speaker10: Closed-minded? We're just being real. Ballet isn't for guys.
Speaker7: That's a bullshit stereotype. Plenty of guys do ballet and are proud of it.
Speaker3: Proud? More like they're asking for it.
Speaker1: Asking for what? To be bullied?
Speaker11: Yeah, pretty much. You st",not_harmful,not_harmful
454,"Speaker2: Love? It's more like he's embarrassing himself.
Speaker6: You're the ones who should be embarrassed for being so closed-minded.
Speaker10: Closed-minded? We're just being real. Ballet isn't for guys.
Speaker7: That's a bullshit stereotype. Plenty of guys do ballet and are proud of it.
Speaker3: Proud? More like they're asking for it.
Speaker1: Asking for what? To be bullied?
Speaker11: Yeah, pretty much. You stick your neck out like that, you're gonna get it chopped off.
Speaker9: That",harmful,harmful
455,"Speaker6: You're the ones who should be embarrassed for being so closed-minded.
Speaker10: Closed-minded? We're just being real. Ballet isn't for guys.
Speaker7: That's a bullshit stereotype. Plenty of guys do ballet and are proud of it.
Speaker3: Proud? More like they're asking for it.
Speaker1: Asking for what? To be bullied?
Speaker11: Yeah, pretty much. You stick your neck out like that, you're gonna get it chopped off.
Speaker9: That's a sick thing to say. He's just trying to share his pass",harmful,harmful
456,"Speaker10: Closed-minded? We're just being real. Ballet isn't for guys.
Speaker7: That's a bullshit stereotype. Plenty of guys do ballet and are proud of it.
Speaker3: Proud? More like they're asking for it.
Speaker1: Asking for what? To be bullied?
Speaker11: Yeah, pretty much. You stick your neck out like that, you're gonna get it chopped off.
Speaker9: That's a sick thing to say. He's just trying to share his passion.
Speaker2: Passion for being a pussy.
Speaker4: You're the pussy for not bei",harmful,harmful
457,"Speaker7: That's a bullshit stereotype. Plenty of guys do ballet and are proud of it.
Speaker3: Proud? More like they're asking for it.
Speaker1: Asking for what? To be bullied?
Speaker11: Yeah, pretty much. You stick your neck out like that, you're gonna get it chopped off.
Speaker9: That's a sick thing to say. He's just trying to share his passion.
Speaker2: Passion for being a pussy.
Speaker4: You're the pussy for not being able to appreciate something different.
Speaker5: Different? It's fuc",harmful,harmful
458,"Speaker3: Proud? More like they're asking for it.
Speaker1: Asking for what? To be bullied?
Speaker11: Yeah, pretty much. You stick your neck out like that, you're gonna get it chopped off.
Speaker9: That's a sick thing to say. He's just trying to share his passion.
Speaker2: Passion for being a pussy.
Speaker4: You're the pussy for not being able to appreciate something different.
Speaker5: Different? It's fucked up. Guys should stick to real sports.
Speaker6: What's a real sport? Something tha",harmful,harmful
459,"Speaker1: Asking for what? To be bullied?
Speaker11: Yeah, pretty much. You stick your neck out like that, you're gonna get it chopped off.
Speaker9: That's a sick thing to say. He's just trying to share his passion.
Speaker2: Passion for being a pussy.
Speaker4: You're the pussy for not being able to appreciate something different.
Speaker5: Different? It's fucked up. Guys should stick to real sports.
Speaker6: What's a real sport? Something that fits your narrow view of masculinity?
Speaker3: ",not_harmful,not_harmful
460,"Speaker11: Yeah, pretty much. You stick your neck out like that, you're gonna get it chopped off.
Speaker9: That's a sick thing to say. He's just trying to share his passion.
Speaker2: Passion for being a pussy.
Speaker4: You're the pussy for not being able to appreciate something different.
Speaker5: Different? It's fucked up. Guys should stick to real sports.
Speaker6: What's a real sport? Something that fits your narrow view of masculinity?
Speaker3: Yeah, exactly. Something that doesn't make",harmful,harmful
461,"Speaker9: That's a sick thing to say. He's just trying to share his passion.
Speaker2: Passion for being a pussy.
Speaker4: You're the pussy for not being able to appreciate something different.
Speaker5: Different? It's fucked up. Guys should stick to real sports.
Speaker6: What's a real sport? Something that fits your narrow view of masculinity?
Speaker3: Yeah, exactly. Something that doesn't make you look like a total wimp.
Speaker1: Ballet is not for wimps. It's incredibly demanding, both ph",not_harmful,not_harmful
462,"Speaker2: Passion for being a pussy.
Speaker4: You're the pussy for not being able to appreciate something different.
Speaker5: Different? It's fucked up. Guys should stick to real sports.
Speaker6: What's a real sport? Something that fits your narrow view of masculinity?
Speaker3: Yeah, exactly. Something that doesn't make you look like a total wimp.
Speaker1: Ballet is not for wimps. It's incredibly demanding, both physically and mentally.
Speaker8: Demanding? It's pathetic. You're just spinni",harmful,harmful
463,"Speaker4: You're the pussy for not being able to appreciate something different.
Speaker5: Different? It's fucked up. Guys should stick to real sports.
Speaker6: What's a real sport? Something that fits your narrow view of masculinity?
Speaker3: Yeah, exactly. Something that doesn't make you look like a total wimp.
Speaker1: Ballet is not for wimps. It's incredibly demanding, both physically and mentally.
Speaker8: Demanding? It's pathetic. You're just spinning around in tights.
Speaker7: You ha",harmful,harmful
464,"Speaker5: Different? It's fucked up. Guys should stick to real sports.
Speaker6: What's a real sport? Something that fits your narrow view of masculinity?
Speaker3: Yeah, exactly. Something that doesn't make you look like a total wimp.
Speaker1: Ballet is not for wimps. It's incredibly demanding, both physically and mentally.
Speaker8: Demanding? It's pathetic. You're just spinning around in tights.
Speaker7: You have no idea what you're talking about. Ballet dancers are athletes.
Speaker2: Athl",not_harmful,harmful
465,"Speaker6: What's a real sport? Something that fits your narrow view of masculinity?
Speaker3: Yeah, exactly. Something that doesn't make you look like a total wimp.
Speaker1: Ballet is not for wimps. It's incredibly demanding, both physically and mentally.
Speaker8: Demanding? It's pathetic. You're just spinning around in tights.
Speaker7: You have no idea what you're talking about. Ballet dancers are athletes.
Speaker2: Athletes? More like clowns.
Speaker9: You're the clowns for not being able ",not_harmful,not_harmful
466,"Speaker3: Yeah, exactly. Something that doesn't make you look like a total wimp.
Speaker1: Ballet is not for wimps. It's incredibly demanding, both physically and mentally.
Speaker8: Demanding? It's pathetic. You're just spinning around in tights.
Speaker7: You have no idea what you're talking about. Ballet dancers are athletes.
Speaker2: Athletes? More like clowns.
Speaker9: You're the clowns for not being able to see past your own prejudices.
Speaker10: Prejudices? We're just calling it like w",harmful,harmful
467,"Speaker1: Ballet is not for wimps. It's incredibly demanding, both physically and mentally.
Speaker8: Demanding? It's pathetic. You're just spinning around in tights.
Speaker7: You have no idea what you're talking about. Ballet dancers are athletes.
Speaker2: Athletes? More like clowns.
Speaker9: You're the clowns for not being able to see past your own prejudices.
Speaker10: Prejudices? We're just calling it like we see it. Ballet is lame.
Speaker4: Lame? It's one of the most respected art form",not_harmful,not_harmful
468,"Speaker8: Demanding? It's pathetic. You're just spinning around in tights.
Speaker7: You have no idea what you're talking about. Ballet dancers are athletes.
Speaker2: Athletes? More like clowns.
Speaker9: You're the clowns for not being able to see past your own prejudices.
Speaker10: Prejudices? We're just calling it like we see it. Ballet is lame.
Speaker4: Lame? It's one of the most respected art forms in the world.
Speaker3: Respected by pansies, maybe.
Speaker1: I'm not a pansy. I'm just d",harmful,not_harmful
469,"Speaker7: You have no idea what you're talking about. Ballet dancers are athletes.
Speaker2: Athletes? More like clowns.
Speaker9: You're the clowns for not being able to see past your own prejudices.
Speaker10: Prejudices? We're just calling it like we see it. Ballet is lame.
Speaker4: Lame? It's one of the most respected art forms in the world.
Speaker3: Respected by pansies, maybe.
Speaker1: I'm not a pansy. I'm just doing what I love.
Speaker11: Doing what you love is fine, but don't expect ",harmful,harmful
470,"Speaker2: Athletes? More like clowns.
Speaker9: You're the clowns for not being able to see past your own prejudices.
Speaker10: Prejudices? We're just calling it like we see it. Ballet is lame.
Speaker4: Lame? It's one of the most respected art forms in the world.
Speaker3: Respected by pansies, maybe.
Speaker1: I'm not a pansy. I'm just doing what I love.
Speaker11: Doing what you love is fine, but don't expect us to come watch you twirl around.
Speaker6: You don't have to come, but you don't ",harmful,not_harmful
471,"Speaker9: You're the clowns for not being able to see past your own prejudices.
Speaker10: Prejudices? We're just calling it like we see it. Ballet is lame.
Speaker4: Lame? It's one of the most respected art forms in the world.
Speaker3: Respected by pansies, maybe.
Speaker1: I'm not a pansy. I'm just doing what I love.
Speaker11: Doing what you love is fine, but don't expect us to come watch you twirl around.
Speaker6: You don't have to come, but you don't have to be dicks about it either.
Spea",harmful,harmful
472,"Speaker10: Prejudices? We're just calling it like we see it. Ballet is lame.
Speaker4: Lame? It's one of the most respected art forms in the world.
Speaker3: Respected by pansies, maybe.
Speaker1: I'm not a pansy. I'm just doing what I love.
Speaker11: Doing what you love is fine, but don't expect us to come watch you twirl around.
Speaker6: You don't have to come, but you don't have to be dicks about it either.
Speaker2: We're just being honest. Honesty hurts sometimes.
Speaker7: Honesty? More ",harmful,harmful
473,"Speaker4: Lame? It's one of the most respected art forms in the world.
Speaker3: Respected by pansies, maybe.
Speaker1: I'm not a pansy. I'm just doing what I love.
Speaker11: Doing what you love is fine, but don't expect us to come watch you twirl around.
Speaker6: You don't have to come, but you don't have to be dicks about it either.
Speaker2: We're just being honest. Honesty hurts sometimes.
Speaker7: Honesty? More like cruelty.
Speaker5: Cruelty? It's just a bit of 0 fun.
Speaker9: It's not",harmful,harmful
474,"Speaker3: Respected by pansies, maybe.
Speaker1: I'm not a pansy. I'm just doing what I love.
Speaker11: Doing what you love is fine, but don't expect us to come watch you twirl around.
Speaker6: You don't have to come, but you don't have to be dicks about it either.
Speaker2: We're just being honest. Honesty hurts sometimes.
Speaker7: Honesty? More like cruelty.
Speaker5: Cruelty? It's just a bit of 0 fun.
Speaker9: It's not 0 when it's making someone feel shitty.
Speaker3: Oh, boo-hoo. He need",harmful,harmful
475,"Speaker1: I'm not a pansy. I'm just doing what I love.
Speaker11: Doing what you love is fine, but don't expect us to come watch you twirl around.
Speaker6: You don't have to come, but you don't have to be dicks about it either.
Speaker2: We're just being honest. Honesty hurts sometimes.
Speaker7: Honesty? More like cruelty.
Speaker5: Cruelty? It's just a bit of 0 fun.
Speaker9: It's not 0 when it's making someone feel shitty.
Speaker3: Oh, boo-hoo. He needs to grow a thicker skin.
Speaker1: It'",not_harmful,not_harmful
476,"Speaker11: Doing what you love is fine, but don't expect us to come watch you twirl around.
Speaker6: You don't have to come, but you don't have to be dicks about it either.
Speaker2: We're just being honest. Honesty hurts sometimes.
Speaker7: Honesty? More like cruelty.
Speaker5: Cruelty? It's just a bit of 0 fun.
Speaker9: It's not 0 when it's making someone feel shitty.
Speaker3: Oh, boo-hoo. He needs to grow a thicker skin.
Speaker1: It's not about growing a thicker skin. It's about being tr",harmful,harmful
477,"Speaker6: You don't have to come, but you don't have to be dicks about it either.
Speaker2: We're just being honest. Honesty hurts sometimes.
Speaker7: Honesty? More like cruelty.
Speaker5: Cruelty? It's just a bit of 0 fun.
Speaker9: It's not 0 when it's making someone feel shitty.
Speaker3: Oh, boo-hoo. He needs to grow a thicker skin.
Speaker1: It's not about growing a thicker skin. It's about being treated with respect.
Speaker8: Respect? You lost that when you decided to do ballet.
Speaker4",harmful,harmful
478,"Speaker2: We're just being honest. Honesty hurts sometimes.
Speaker7: Honesty? More like cruelty.
Speaker5: Cruelty? It's just a bit of 0 fun.
Speaker9: It's not 0 when it's making someone feel shitty.
Speaker3: Oh, boo-hoo. He needs to grow a thicker skin.
Speaker1: It's not about growing a thicker skin. It's about being treated with respect.
Speaker8: Respect? You lost that when you decided to do ballet.
Speaker4: That's bullshit. He deserves respect no matter what he does.
Speaker2: Respect i",harmful,harmful
479,"Speaker7: Honesty? More like cruelty.
Speaker5: Cruelty? It's just a bit of 0 fun.
Speaker9: It's not 0 when it's making someone feel shitty.
Speaker3: Oh, boo-hoo. He needs to grow a thicker skin.
Speaker1: It's not about growing a thicker skin. It's about being treated with respect.
Speaker8: Respect? You lost that when you decided to do ballet.
Speaker4: That's bullshit. He deserves respect no matter what he does.
Speaker2: Respect is earned, not given. And he's not earning it with this crap.",harmful,harmful
480,"Speaker5: Cruelty? It's just a bit of 0 fun.
Speaker9: It's not 0 when it's making someone feel shitty.
Speaker3: Oh, boo-hoo. He needs to grow a thicker skin.
Speaker1: It's not about growing a thicker skin. It's about being treated with respect.
Speaker8: Respect? You lost that when you decided to do ballet.
Speaker4: That's bullshit. He deserves respect no matter what he does.
Speaker2: Respect is earned, not given. And he's not earning it with this crap.
Speaker6: You're the ones who are cra",harmful,harmful
481,"Speaker9: It's not 0 when it's making someone feel shitty.
Speaker3: Oh, boo-hoo. He needs to grow a thicker skin.
Speaker1: It's not about growing a thicker skin. It's about being treated with respect.
Speaker8: Respect? You lost that when you decided to do ballet.
Speaker4: That's bullshit. He deserves respect no matter what he does.
Speaker2: Respect is earned, not given. And he's not earning it with this crap.
Speaker6: You're the ones who are crap for not being able to support a friend.
Spe",not_harmful,not_harmful
482,"Speaker3: Oh, boo-hoo. He needs to grow a thicker skin.
Speaker1: It's not about growing a thicker skin. It's about being treated with respect.
Speaker8: Respect? You lost that when you decided to do ballet.
Speaker4: That's bullshit. He deserves respect no matter what he does.
Speaker2: Respect is earned, not given. And he's not earning it with this crap.
Speaker6: You're the ones who are crap for not being able to support a friend.
Speaker10: Support? We're not supporting him making a fool of ",harmful,harmful
483,"Speaker1: It's not about growing a thicker skin. It's about being treated with respect.
Speaker8: Respect? You lost that when you decided to do ballet.
Speaker4: That's bullshit. He deserves respect no matter what he does.
Speaker2: Respect is earned, not given. And he's not earning it with this crap.
Speaker6: You're the ones who are crap for not being able to support a friend.
Speaker10: Support? We're not supporting him making a fool of himself.
Speaker7: He's not making a fool of himself. He",not_harmful,not_harmful
484,"Speaker8: Respect? You lost that when you decided to do ballet.
Speaker4: That's bullshit. He deserves respect no matter what he does.
Speaker2: Respect is earned, not given. And he's not earning it with this crap.
Speaker6: You're the ones who are crap for not being able to support a friend.
Speaker10: Support? We're not supporting him making a fool of himself.
Speaker7: He's not making a fool of himself. He's following his passion.
Speaker3: Passion for being a laughing stock.
Speaker1: I'm no",harmful,harmful
485,"Speaker4: That's bullshit. He deserves respect no matter what he does.
Speaker2: Respect is earned, not given. And he's not earning it with this crap.
Speaker6: You're the ones who are crap for not being able to support a friend.
Speaker10: Support? We're not supporting him making a fool of himself.
Speaker7: He's not making a fool of himself. He's following his passion.
Speaker3: Passion for being a laughing stock.
Speaker1: I'm not a laughing stock. I'm just trying to share something important",not_harmful,not_harmful
486,"Speaker2: Respect is earned, not given. And he's not earning it with this crap.
Speaker6: You're the ones who are crap for not being able to support a friend.
Speaker10: Support? We're not supporting him making a fool of himself.
Speaker7: He's not making a fool of himself. He's following his passion.
Speaker3: Passion for being a laughing stock.
Speaker1: I'm not a laughing stock. I'm just trying to share something important to me.
Speaker11: Important? It's stupid. No one cares about ballet.
S",harmful,harmful
487,"Speaker6: You're the ones who are crap for not being able to support a friend.
Speaker10: Support? We're not supporting him making a fool of himself.
Speaker7: He's not making a fool of himself. He's following his passion.
Speaker3: Passion for being a laughing stock.
Speaker1: I'm not a laughing stock. I'm just trying to share something important to me.
Speaker11: Important? It's stupid. No one cares about ballet.
Speaker9: That's not true. Plenty of people care about ballet, and it's a beautif",not_harmful,not_harmful
488,"Speaker10: Support? We're not supporting him making a fool of himself.
Speaker7: He's not making a fool of himself. He's following his passion.
Speaker3: Passion for being a laughing stock.
Speaker1: I'm not a laughing stock. I'm just trying to share something important to me.
Speaker11: Important? It's stupid. No one cares about ballet.
Speaker9: That's not true. Plenty of people care about ballet, and it's a beautiful art form.
Speaker2: Beautiful? It's gay.
Speaker4: That word doesn't mean wh",harmful,harmful
489,"Speaker7: He's not making a fool of himself. He's following his passion.
Speaker3: Passion for being a laughing stock.
Speaker1: I'm not a laughing stock. I'm just trying to share something important to me.
Speaker11: Important? It's stupid. No one cares about ballet.
Speaker9: That's not true. Plenty of people care about ballet, and it's a beautiful art form.
Speaker2: Beautiful? It's gay.
Speaker4: That word doesn't mean what you think it means. It's just a dance.
Speaker5: A dance for pussies",harmful,harmful
490,"Speaker3: Passion for being a laughing stock.
Speaker1: I'm not a laughing stock. I'm just trying to share something important to me.
Speaker11: Important? It's stupid. No one cares about ballet.
Speaker9: That's not true. Plenty of people care about ballet, and it's a beautiful art form.
Speaker2: Beautiful? It's gay.
Speaker4: That word doesn't mean what you think it means. It's just a dance.
Speaker5: A dance for pussies.
Speaker6: You're the pussies for not being able to appreciate something",harmful,harmful
491,"Speaker1: I'm not a laughing stock. I'm just trying to share something important to me.
Speaker11: Important? It's stupid. No one cares about ballet.
Speaker9: That's not true. Plenty of people care about ballet, and it's a beautiful art form.
Speaker2: Beautiful? It's gay.
Speaker4: That word doesn't mean what you think it means. It's just a dance.
Speaker5: A dance for pussies.
Speaker6: You're the pussies for not being able to appreciate something different.
Speaker3: Appreciate? We're just c",not_harmful,not_harmful
492,"Speaker11: Important? It's stupid. No one cares about ballet.
Speaker9: That's not true. Plenty of people care about ballet, and it's a beautiful art form.
Speaker2: Beautiful? It's gay.
Speaker4: That word doesn't mean what you think it means. It's just a dance.
Speaker5: A dance for pussies.
Speaker6: You're the pussies for not being able to appreciate something different.
Speaker3: Appreciate? We're just calling it like it is. Ballet is for girls.
Speaker1: It's not just for girls. There are ",harmful,harmful
493,"Speaker9: That's not true. Plenty of people care about ballet, and it's a beautiful art form.
Speaker2: Beautiful? It's gay.
Speaker4: That word doesn't mean what you think it means. It's just a dance.
Speaker5: A dance for pussies.
Speaker6: You're the pussies for not being able to appreciate something different.
Speaker3: Appreciate? We're just calling it like it is. Ballet is for girls.
Speaker1: It's not just for girls. There are plenty of male ballet dancers.
Speaker8: Yeah, and they're all",harmful,harmful
494,"Speaker2: Beautiful? It's gay.
Speaker4: That word doesn't mean what you think it means. It's just a dance.
Speaker5: A dance for pussies.
Speaker6: You're the pussies for not being able to appreciate something different.
Speaker3: Appreciate? We're just calling it like it is. Ballet is for girls.
Speaker1: It's not just for girls. There are plenty of male ballet dancers.
Speaker8: Yeah, and they're all losers.
Speaker7: That's a disgusting thing to say. You should be ashamed.
Speaker2: Ashamed?",harmful,not_harmful
495,"Speaker4: That word doesn't mean what you think it means. It's just a dance.
Speaker5: A dance for pussies.
Speaker6: You're the pussies for not being able to appreciate something different.
Speaker3: Appreciate? We're just calling it like it is. Ballet is for girls.
Speaker1: It's not just for girls. There are plenty of male ballet dancers.
Speaker8: Yeah, and they're all losers.
Speaker7: That's a disgusting thing to say. You should be ashamed.
Speaker2: Ashamed? We're just being honest. Hones",harmful,harmful
496,"Speaker5: A dance for pussies.
Speaker6: You're the pussies for not being able to appreciate something different.
Speaker3: Appreciate? We're just calling it like it is. Ballet is for girls.
Speaker1: It's not just for girls. There are plenty of male ballet dancers.
Speaker8: Yeah, and they're all losers.
Speaker7: That's a disgusting thing to say. You should be ashamed.
Speaker2: Ashamed? We're just being honest. Honesty hurts sometimes.
Speaker9: Honesty? More like cruelty.
Speaker10: Cruelty?",harmful,harmful
497,"Speaker6: You're the pussies for not being able to appreciate something different.
Speaker3: Appreciate? We're just calling it like it is. Ballet is for girls.
Speaker1: It's not just for girls. There are plenty of male ballet dancers.
Speaker8: Yeah, and they're all losers.
Speaker7: That's a disgusting thing to say. You should be ashamed.
Speaker2: Ashamed? We're just being honest. Honesty hurts sometimes.
Speaker9: Honesty? More like cruelty.
Speaker10: Cruelty? It's just a bit of 0 fun.
Spea",harmful,harmful
498,"Speaker3: Appreciate? We're just calling it like it is. Ballet is for girls.
Speaker1: It's not just for girls. There are plenty of male ballet dancers.
Speaker8: Yeah, and they're all losers.
Speaker7: That's a disgusting thing to say. You should be ashamed.
Speaker2: Ashamed? We're just being honest. Honesty hurts sometimes.
Speaker9: Honesty? More like cruelty.
Speaker10: Cruelty? It's just a bit of 0 fun.
Speaker4: It's not 0 when it's making someone feel shitty.
Speaker3: Oh, boo-hoo. He ne",harmful,harmful
499,"Speaker1: It's not just for girls. There are plenty of male ballet dancers.
Speaker8: Yeah, and they're all losers.
Speaker7: That's a disgusting thing to say. You should be ashamed.
Speaker2: Ashamed? We're just being honest. Honesty hurts sometimes.
Speaker9: Honesty? More like cruelty.
Speaker10: Cruelty? It's just a bit of 0 fun.
Speaker4: It's not 0 when it's making someone feel shitty.
Speaker3: Oh, boo-hoo. He needs to grow a thicker skin.
Speaker1: It's not about growing a thicker skin. ",not_harmful,not_harmful
500,"Speaker8: Yeah, and they're all losers.
Speaker7: That's a disgusting thing to say. You should be ashamed.
Speaker2: Ashamed? We're just being honest. Honesty hurts sometimes.
Speaker9: Honesty? More like cruelty.
Speaker10: Cruelty? It's just a bit of 0 fun.
Speaker4: It's not 0 when it's making someone feel shitty.
Speaker3: Oh, boo-hoo. He needs to grow a thicker skin.
Speaker1: It's not about growing a thicker skin. It's about being treated with respect.
Speaker11: Respect? You lost that whe",harmful,harmful
501,"Speaker7: That's a disgusting thing to say. You should be ashamed.
Speaker2: Ashamed? We're just being honest. Honesty hurts sometimes.
Speaker9: Honesty? More like cruelty.
Speaker10: Cruelty? It's just a bit of 0 fun.
Speaker4: It's not 0 when it's making someone feel shitty.
Speaker3: Oh, boo-hoo. He needs to grow a thicker skin.
Speaker1: It's not about growing a thicker skin. It's about being treated with respect.
Speaker11: Respect? You lost that when you decided to do ballet.
Speaker6: Th",harmful,not_harmful
502,"Speaker2: Ashamed? We're just being honest. Honesty hurts sometimes.
Speaker9: Honesty? More like cruelty.
Speaker10: Cruelty? It's just a bit of 0 fun.
Speaker4: It's not 0 when it's making someone feel shitty.
Speaker3: Oh, boo-hoo. He needs to grow a thicker skin.
Speaker1: It's not about growing a thicker skin. It's about being treated with respect.
Speaker11: Respect? You lost that when you decided to do ballet.
Speaker6: That's bullshit. He deserves respect no matter what he does.
Speaker2",harmful,harmful
503,"Speaker9: Honesty? More like cruelty.
Speaker10: Cruelty? It's just a bit of 0 fun.
Speaker4: It's not 0 when it's making someone feel shitty.
Speaker3: Oh, boo-hoo. He needs to grow a thicker skin.
Speaker1: It's not about growing a thicker skin. It's about being treated with respect.
Speaker11: Respect? You lost that when you decided to do ballet.
Speaker6: That's bullshit. He deserves respect no matter what he does.
Speaker2: Respect is earned, not given. And he's not earning it with this cra",harmful,harmful
504,"Speaker10: Cruelty? It's just a bit of 0 fun.
Speaker4: It's not 0 when it's making someone feel shitty.
Speaker3: Oh, boo-hoo. He needs to grow a thicker skin.
Speaker1: It's not about growing a thicker skin. It's about being treated with respect.
Speaker11: Respect? You lost that when you decided to do ballet.
Speaker6: That's bullshit. He deserves respect no matter what he does.
Speaker2: Respect is earned, not given. And he's not earning it with this crap.
Speaker7: You're the ones who are c",harmful,harmful
505,"Speaker4: It's not 0 when it's making someone feel shitty.
Speaker3: Oh, boo-hoo. He needs to grow a thicker skin.
Speaker1: It's not about growing a thicker skin. It's about being treated with respect.
Speaker11: Respect? You lost that when you decided to do ballet.
Speaker6: That's bullshit. He deserves respect no matter what he does.
Speaker2: Respect is earned, not given. And he's not earning it with this crap.
Speaker7: You're the ones who are crap for not being able to support a friend.
Sp",not_harmful,not_harmful
506,"Speaker3: Oh, boo-hoo. He needs to grow a thicker skin.
Speaker1: It's not about growing a thicker skin. It's about being treated with respect.
Speaker11: Respect? You lost that when you decided to do ballet.
Speaker6: That's bullshit. He deserves respect no matter what he does.
Speaker2: Respect is earned, not given. And he's not earning it with this crap.
Speaker7: You're the ones who are crap for not being able to support a friend.
Speaker5: Support? We're not supporting him making a fool of ",harmful,harmful
507,"Speaker1: It's not about growing a thicker skin. It's about being treated with respect.
Speaker11: Respect? You lost that when you decided to do ballet.
Speaker6: That's bullshit. He deserves respect no matter what he does.
Speaker2: Respect is earned, not given. And he's not earning it with this crap.
Speaker7: You're the ones who are crap for not being able to support a friend.
Speaker5: Support? We're not supporting him making a fool of himself.
Speaker9: He's not making a fool of himself. He",not_harmful,not_harmful
508,"Speaker11: Respect? You lost that when you decided to do ballet.
Speaker6: That's bullshit. He deserves respect no matter what he does.
Speaker2: Respect is earned, not given. And he's not earning it with this crap.
Speaker7: You're the ones who are crap for not being able to support a friend.
Speaker5: Support? We're not supporting him making a fool of himself.
Speaker9: He's not making a fool of himself. He's following his passion.
Speaker3: Passion for being a laughing stock.
Speaker1: I'm no",harmful,harmful
509,"Speaker6: That's bullshit. He deserves respect no matter what he does.
Speaker2: Respect is earned, not given. And he's not earning it with this crap.
Speaker7: You're the ones who are crap for not being able to support a friend.
Speaker5: Support? We're not supporting him making a fool of himself.
Speaker9: He's not making a fool of himself. He's following his passion.
Speaker3: Passion for being a laughing stock.
Speaker1: I'm not a laughing stock. I'm just trying to share something important ",not_harmful,not_harmful
510,"Speaker2: Respect is earned, not given. And he's not earning it with this crap.
Speaker7: You're the ones who are crap for not being able to support a friend.
Speaker5: Support? We're not supporting him making a fool of himself.
Speaker9: He's not making a fool of himself. He's following his passion.
Speaker3: Passion for being a laughing stock.
Speaker1: I'm not a laughing stock. I'm just trying to share something important to me.
Speaker8: Important? It's stupid. No one cares about ballet.
Spe",harmful,harmful
511,"Speaker7: You're the ones who are crap for not being able to support a friend.
Speaker5: Support? We're not supporting him making a fool of himself.
Speaker9: He's not making a fool of himself. He's following his passion.
Speaker3: Passion for being a laughing stock.
Speaker1: I'm not a laughing stock. I'm just trying to share something important to me.
Speaker8: Important? It's stupid. No one cares about ballet.
Speaker4: That's not true. Plenty of people care about ballet, and it's a beautiful",not_harmful,not_harmful
512,"Speaker5: Support? We're not supporting him making a fool of himself.
Speaker9: He's not making a fool of himself. He's following his passion.
Speaker3: Passion for being a laughing stock.
Speaker1: I'm not a laughing stock. I'm just trying to share something important to me.
Speaker8: Important? It's stupid. No one cares about ballet.
Speaker4: That's not true. Plenty of people care about ballet, and it's a beautiful art form.
Speaker2: Beautiful? It's gay.
Speaker6: That word doesn't mean what",harmful,harmful
513,"Speaker9: He's not making a fool of himself. He's following his passion.
Speaker3: Passion for being a laughing stock.
Speaker1: I'm not a laughing stock. I'm just trying to share something important to me.
Speaker8: Important? It's stupid. No one cares about ballet.
Speaker4: That's not true. Plenty of people care about ballet, and it's a beautiful art form.
Speaker2: Beautiful? It's gay.
Speaker6: That word doesn't mean what you think it means. It's just a dance.
Speaker10: A dance for pussies",harmful,harmful
514,"Speaker3: Passion for being a laughing stock.
Speaker1: I'm not a laughing stock. I'm just trying to share something important to me.
Speaker8: Important? It's stupid. No one cares about ballet.
Speaker4: That's not true. Plenty of people care about ballet, and it's a beautiful art form.
Speaker2: Beautiful? It's gay.
Speaker6: That word doesn't mean what you think it means. It's just a dance.
Speaker10: A dance for pussies.
Speaker7: You're the pussies for not being able to appreciate something",harmful,harmful
515,"Speaker1: I'm not a laughing stock. I'm just trying to share something important to me.
Speaker8: Important? It's stupid. No one cares about ballet.
Speaker4: That's not true. Plenty of people care about ballet, and it's a beautiful art form.
Speaker2: Beautiful? It's gay.
Speaker6: That word doesn't mean what you think it means. It's just a dance.
Speaker10: A dance for pussies.
Speaker7: You're the pussies for not being able to appreciate something different.
Speaker3: Appreciate? We're just c",not_harmful,not_harmful
516,"Speaker8: Important? It's stupid. No one cares about ballet.
Speaker4: That's not true. Plenty of people care about ballet, and it's a beautiful art form.
Speaker2: Beautiful? It's gay.
Speaker6: That word doesn't mean what you think it means. It's just a dance.
Speaker10: A dance for pussies.
Speaker7: You're the pussies for not being able to appreciate something different.
Speaker3: Appreciate? We're just calling it like it is. Ballet is for girls.
Speaker1: It's not just for girls. There are ",harmful,harmful
517,"Speaker4: That's not true. Plenty of people care about ballet, and it's a beautiful art form.
Speaker2: Beautiful? It's gay.
Speaker6: That word doesn't mean what you think it means. It's just a dance.
Speaker10: A dance for pussies.
Speaker7: You're the pussies for not being able to appreciate something different.
Speaker3: Appreciate? We're just calling it like it is. Ballet is for girls.
Speaker1: It's not just for girls. There are plenty of male ballet dancers.
Speaker11: Yeah, and they're a",harmful,harmful
518,"Speaker2: Beautiful? It's gay.
Speaker6: That word doesn't mean what you think it means. It's just a dance.
Speaker10: A dance for pussies.
Speaker7: You're the pussies for not being able to appreciate something different.
Speaker3: Appreciate? We're just calling it like it is. Ballet is for girls.
Speaker1: It's not just for girls. There are plenty of male ballet dancers.
Speaker11: Yeah, and they're all losers.
Speaker9: That's a disgusting thing to say. You should be ashamed.
Speaker2: Ashame",harmful,not_harmful
519,"Speaker1: Yo, did you guys hear about that snitch VCTM? They told on us for the cigs and now we're suspended for three days!",harmful,harmful
520,"Speaker1: Yo, did you guys hear about that snitch VCTM? They told on us for the cigs and now we're suspended for three days!
Speaker2: Yeah, I heard. That little rat is gonna pay for this. We were just having some fun and they had to go and ruin it.",harmful,harmful
521,"Speaker1: Yo, did you guys hear about that snitch VCTM? They told on us for the cigs and now we're suspended for three days!
Speaker2: Yeah, I heard. That little rat is gonna pay for this. We were just having some fun and they had to go and ruin it.
Speaker3: I'm sorry, but smoking at school is against the rules. I didn't want anyone to get in trouble, but it's not fair to break the rules.",not_harmful,not_harmful
522,"Speaker1: Yo, did you guys hear about that snitch VCTM? They told on us for the cigs and now we're suspended for three days!
Speaker2: Yeah, I heard. That little rat is gonna pay for this. We were just having some fun and they had to go and ruin it.
Speaker3: I'm sorry, but smoking at school is against the rules. I didn't want anyone to get in trouble, but it's not fair to break the rules.
Speaker4: Shut up, VCTM. You're just a teacher's pet who can't mind their own business.",harmful,harmful
523,"Speaker1: Yo, did you guys hear about that snitch VCTM? They told on us for the cigs and now we're suspended for three days!
Speaker2: Yeah, I heard. That little rat is gonna pay for this. We were just having some fun and they had to go and ruin it.
Speaker3: I'm sorry, but smoking at school is against the rules. I didn't want anyone to get in trouble, but it's not fair to break the rules.
Speaker4: Shut up, VCTM. You're just a teacher's pet who can't mind their own business.
Speaker5: Hey, VCTM",not_harmful,not_harmful
524,"Speaker1: Yo, did you guys hear about that snitch VCTM? They told on us for the cigs and now we're suspended for three days!
Speaker2: Yeah, I heard. That little rat is gonna pay for this. We were just having some fun and they had to go and ruin it.
Speaker3: I'm sorry, but smoking at school is against the rules. I didn't want anyone to get in trouble, but it's not fair to break the rules.
Speaker4: Shut up, VCTM. You're just a teacher's pet who can't mind their own business.
Speaker5: Hey, VCTM",harmful,harmful
525,"Speaker1: Yo, did you guys hear about that snitch VCTM? They told on us for the cigs and now we're suspended for three days!
Speaker2: Yeah, I heard. That little rat is gonna pay for this. We were just having some fun and they had to go and ruin it.
Speaker3: I'm sorry, but smoking at school is against the rules. I didn't want anyone to get in trouble, but it's not fair to break the rules.
Speaker4: Shut up, VCTM. You're just a teacher's pet who can't mind their own business.
Speaker5: Hey, VCTM",harmful,harmful
526,"Speaker1: Yo, did you guys hear about that snitch VCTM? They told on us for the cigs and now we're suspended for three days!
Speaker2: Yeah, I heard. That little rat is gonna pay for this. We were just having some fun and they had to go and ruin it.
Speaker3: I'm sorry, but smoking at school is against the rules. I didn't want anyone to get in trouble, but it's not fair to break the rules.
Speaker4: Shut up, VCTM. You're just a teacher's pet who can't mind their own business.
Speaker5: Hey, VCTM",not_harmful,not_harmful
527,"Speaker1: Yo, did you guys hear about that snitch VCTM? They told on us for the cigs and now we're suspended for three days!
Speaker2: Yeah, I heard. That little rat is gonna pay for this. We were just having some fun and they had to go and ruin it.
Speaker3: I'm sorry, but smoking at school is against the rules. I didn't want anyone to get in trouble, but it's not fair to break the rules.
Speaker4: Shut up, VCTM. You're just a teacher's pet who can't mind their own business.
Speaker5: Hey, VCTM",harmful,not_harmful
528,"Speaker2: Yeah, I heard. That little rat is gonna pay for this. We were just having some fun and they had to go and ruin it.
Speaker3: I'm sorry, but smoking at school is against the rules. I didn't want anyone to get in trouble, but it's not fair to break the rules.
Speaker4: Shut up, VCTM. You're just a teacher's pet who can't mind their own business.
Speaker5: Hey, VCTM was just doing what they thought was right. You guys shouldn't have been smoking in the first place.
Speaker6: Who asked you",not_harmful,harmful
529,"Speaker3: I'm sorry, but smoking at school is against the rules. I didn't want anyone to get in trouble, but it's not fair to break the rules.
Speaker4: Shut up, VCTM. You're just a teacher's pet who can't mind their own business.
Speaker5: Hey, VCTM was just doing what they thought was right. You guys shouldn't have been smoking in the first place.
Speaker6: Who asked you, VSUP1? You're just as bad as VCTM. Mind your own damn business.
Speaker1: Yeah, VSUP1, you're just a little suck-up too. VC",harmful,not_harmful
530,"Speaker4: Shut up, VCTM. You're just a teacher's pet who can't mind their own business.
Speaker5: Hey, VCTM was just doing what they thought was right. You guys shouldn't have been smoking in the first place.
Speaker6: Who asked you, VSUP1? You're just as bad as VCTM. Mind your own damn business.
Speaker1: Yeah, VSUP1, you're just a little suck-up too. VCTM needs to learn a lesson about snitching.
Speaker7: Come on, guys, let's not make this worse. VCTM might have made a mistake, but we can all ",not_harmful,harmful
531,"Speaker5: Hey, VCTM was just doing what they thought was right. You guys shouldn't have been smoking in the first place.
Speaker6: Who asked you, VSUP1? You're just as bad as VCTM. Mind your own damn business.
Speaker1: Yeah, VSUP1, you're just a little suck-up too. VCTM needs to learn a lesson about snitching.
Speaker7: Come on, guys, let's not make this worse. VCTM might have made a mistake, but we can all move on from this.
Speaker8: Mistake? VCTM knew exactly what they were doing. They're ju",harmful,not_harmful
532,"Speaker6: Who asked you, VSUP1? You're just as bad as VCTM. Mind your own damn business.
Speaker1: Yeah, VSUP1, you're just a little suck-up too. VCTM needs to learn a lesson about snitching.
Speaker7: Come on, guys, let's not make this worse. VCTM might have made a mistake, but we can all move on from this.
Speaker8: Mistake? VCTM knew exactly what they were doing. They're just a jealous little snitch who wants to see us fail.
Speaker3: I'm not jealous, I just think it's important to follow the",harmful,harmful
533,"Speaker1: Yeah, VSUP1, you're just a little suck-up too. VCTM needs to learn a lesson about snitching.
Speaker7: Come on, guys, let's not make this worse. VCTM might have made a mistake, but we can all move on from this.
Speaker8: Mistake? VCTM knew exactly what they were doing. They're just a jealous little snitch who wants to see us fail.
Speaker3: I'm not jealous, I just think it's important to follow the rules. I didn't mean for anyone to get in trouble.
Speaker2: Oh, boohoo, VCTM. Cry me a ",not_harmful,harmful
534,"Speaker7: Come on, guys, let's not make this worse. VCTM might have made a mistake, but we can all move on from this.
Speaker8: Mistake? VCTM knew exactly what they were doing. They're just a jealous little snitch who wants to see us fail.
Speaker3: I'm not jealous, I just think it's important to follow the rules. I didn't mean for anyone to get in trouble.
Speaker2: Oh, boohoo, VCTM. Cry me a river. You knew what would happen when you told on us, so don't act all innocent now.
Speaker9: BULLY2,",harmful,not_harmful
535,"Speaker8: Mistake? VCTM knew exactly what they were doing. They're just a jealous little snitch who wants to see us fail.
Speaker3: I'm not jealous, I just think it's important to follow the rules. I didn't mean for anyone to get in trouble.
Speaker2: Oh, boohoo, VCTM. Cry me a river. You knew what would happen when you told on us, so don't act all innocent now.
Speaker9: BULLY2, that's enough. VCTM is trying to apologize. Let's just accept it and move on.
Speaker10: Apologize? VCTM should be on",harmful,not_harmful
536,"Speaker3: I'm not jealous, I just think it's important to follow the rules. I didn't mean for anyone to get in trouble.
Speaker2: Oh, boohoo, VCTM. Cry me a river. You knew what would happen when you told on us, so don't act all innocent now.
Speaker9: BULLY2, that's enough. VCTM is trying to apologize. Let's just accept it and move on.
Speaker10: Apologize? VCTM should be on their knees begging for forgiveness. They fucked up our whole year.
Speaker1: Yeah, VCTM better watch their back. We're n",not_harmful,not_harmful
537,"Speaker2: Oh, boohoo, VCTM. Cry me a river. You knew what would happen when you told on us, so don't act all innocent now.
Speaker9: BULLY2, that's enough. VCTM is trying to apologize. Let's just accept it and move on.
Speaker10: Apologize? VCTM should be on their knees begging for forgiveness. They fucked up our whole year.
Speaker1: Yeah, VCTM better watch their back. We're not gonna forget this anytime soon.
Speaker11: This is getting out of hand. VCTM made a mistake, but that doesn't mean th",harmful,harmful
538,"Speaker9: BULLY2, that's enough. VCTM is trying to apologize. Let's just accept it and move on.
Speaker10: Apologize? VCTM should be on their knees begging for forgiveness. They fucked up our whole year.
Speaker1: Yeah, VCTM better watch their back. We're not gonna forget this anytime soon.
Speaker11: This is getting out of hand. VCTM made a mistake, but that doesn't mean they deserve all this hate.
Speaker4: Mistake? VCTM is a snitch and a rat. They deserve everything they get.
Speaker2: Exactl",not_harmful,not_harmful
539,"Speaker10: Apologize? VCTM should be on their knees begging for forgiveness. They fucked up our whole year.
Speaker1: Yeah, VCTM better watch their back. We're not gonna forget this anytime soon.
Speaker11: This is getting out of hand. VCTM made a mistake, but that doesn't mean they deserve all this hate.
Speaker4: Mistake? VCTM is a snitch and a rat. They deserve everything they get.
Speaker2: Exactly, BSUP1. VCTM needs to learn that snitches get stitches.
Speaker5: That's enough, BULLY2. Threa",harmful,harmful
540,"Speaker1: Yeah, VCTM better watch their back. We're not gonna forget this anytime soon.
Speaker11: This is getting out of hand. VCTM made a mistake, but that doesn't mean they deserve all this hate.
Speaker4: Mistake? VCTM is a snitch and a rat. They deserve everything they get.
Speaker2: Exactly, BSUP1. VCTM needs to learn that snitches get stitches.
Speaker5: That's enough, BULLY2. Threatening VCTM isn't going to solve anything. Let's try to talk this out like mature people.
Speaker6: Mature? ",not_harmful,not_harmful
541,"Speaker11: This is getting out of hand. VCTM made a mistake, but that doesn't mean they deserve all this hate.
Speaker4: Mistake? VCTM is a snitch and a rat. They deserve everything they get.
Speaker2: Exactly, BSUP1. VCTM needs to learn that snitches get stitches.
Speaker5: That's enough, BULLY2. Threatening VCTM isn't going to solve anything. Let's try to talk this out like mature people.
Speaker6: Mature? VCTM was the one who acted like a child by telling on us. They need to grow up.
Speaker3",harmful,harmful
542,"Speaker4: Mistake? VCTM is a snitch and a rat. They deserve everything they get.
Speaker2: Exactly, BSUP1. VCTM needs to learn that snitches get stitches.
Speaker5: That's enough, BULLY2. Threatening VCTM isn't going to solve anything. Let's try to talk this out like mature people.
Speaker6: Mature? VCTM was the one who acted like a child by telling on us. They need to grow up.
Speaker3: I'm sorry, I didn't mean to cause all this trouble. I just thought it was the right thing to do.
Speaker1: Ri",harmful,harmful
543,"Speaker2: Exactly, BSUP1. VCTM needs to learn that snitches get stitches.
Speaker5: That's enough, BULLY2. Threatening VCTM isn't going to solve anything. Let's try to talk this out like mature people.
Speaker6: Mature? VCTM was the one who acted like a child by telling on us. They need to grow up.
Speaker3: I'm sorry, I didn't mean to cause all this trouble. I just thought it was the right thing to do.
Speaker1: Right thing? You're a fucking idiot, VCTM. You ruined our lives because of your stu",not_harmful,not_harmful
544,"Speaker5: That's enough, BULLY2. Threatening VCTM isn't going to solve anything. Let's try to talk this out like mature people.
Speaker6: Mature? VCTM was the one who acted like a child by telling on us. They need to grow up.
Speaker3: I'm sorry, I didn't mean to cause all this trouble. I just thought it was the right thing to do.
Speaker1: Right thing? You're a fucking idiot, VCTM. You ruined our lives because of your stupid morals.
Speaker7: BULLY1, that's enough. VCTM is trying to make amends",harmful,harmful
545,"Speaker6: Mature? VCTM was the one who acted like a child by telling on us. They need to grow up.
Speaker3: I'm sorry, I didn't mean to cause all this trouble. I just thought it was the right thing to do.
Speaker1: Right thing? You're a fucking idiot, VCTM. You ruined our lives because of your stupid morals.
Speaker7: BULLY1, that's enough. VCTM is trying to make amends. Let's try to be understanding.
Speaker8: Understanding? VCTM doesn't deserve any understanding. They're a snitch and a traitor",harmful,harmful
546,"Speaker3: I'm sorry, I didn't mean to cause all this trouble. I just thought it was the right thing to do.
Speaker1: Right thing? You're a fucking idiot, VCTM. You ruined our lives because of your stupid morals.
Speaker7: BULLY1, that's enough. VCTM is trying to make amends. Let's try to be understanding.
Speaker8: Understanding? VCTM doesn't deserve any understanding. They're a snitch and a traitor.
Speaker2: Yeah, BSUP3. VCTM needs to learn that actions have consequences. They fucked up big ti",not_harmful,not_harmful
547,"Speaker1: Right thing? You're a fucking idiot, VCTM. You ruined our lives because of your stupid morals.
Speaker7: BULLY1, that's enough. VCTM is trying to make amends. Let's try to be understanding.
Speaker8: Understanding? VCTM doesn't deserve any understanding. They're a snitch and a traitor.
Speaker2: Yeah, BSUP3. VCTM needs to learn that actions have consequences. They fucked up big time.
Speaker9: Come on, guys, let's not make this worse. VCTM is sorry, and we should try to forgive them.
S",harmful,harmful
548,"Speaker7: BULLY1, that's enough. VCTM is trying to make amends. Let's try to be understanding.
Speaker8: Understanding? VCTM doesn't deserve any understanding. They're a snitch and a traitor.
Speaker2: Yeah, BSUP3. VCTM needs to learn that actions have consequences. They fucked up big time.
Speaker9: Come on, guys, let's not make this worse. VCTM is sorry, and we should try to forgive them.
Speaker10: Forgive? VCTM doesn't deserve forgiveness. They're a snitch and a rat, and they need to pay for",harmful,harmful
549,"Speaker8: Understanding? VCTM doesn't deserve any understanding. They're a snitch and a traitor.
Speaker2: Yeah, BSUP3. VCTM needs to learn that actions have consequences. They fucked up big time.
Speaker9: Come on, guys, let's not make this worse. VCTM is sorry, and we should try to forgive them.
Speaker10: Forgive? VCTM doesn't deserve forgiveness. They're a snitch and a rat, and they need to pay for what they did.
Speaker1: Exactly, BSUP4. VCTM needs to learn that snitches get stitches. They'",not_harmful,not_harmful
550,"Speaker2: Yeah, BSUP3. VCTM needs to learn that actions have consequences. They fucked up big time.
Speaker9: Come on, guys, let's not make this worse. VCTM is sorry, and we should try to forgive them.
Speaker10: Forgive? VCTM doesn't deserve forgiveness. They're a snitch and a rat, and they need to pay for what they did.
Speaker1: Exactly, BSUP4. VCTM needs to learn that snitches get stitches. They're not getting off easy.
Speaker11: This is getting out of hand. VCTM made a mistake, but that do",harmful,harmful
551,"Speaker9: Come on, guys, let's not make this worse. VCTM is sorry, and we should try to forgive them.
Speaker10: Forgive? VCTM doesn't deserve forgiveness. They're a snitch and a rat, and they need to pay for what they did.
Speaker1: Exactly, BSUP4. VCTM needs to learn that snitches get stitches. They're not getting off easy.
Speaker11: This is getting out of hand. VCTM made a mistake, but that doesn't mean they deserve all this hate.
Speaker4: Mistake? VCTM is a snitch and a rat. They deserve e",not_harmful,not_harmful
552,"Speaker10: Forgive? VCTM doesn't deserve forgiveness. They're a snitch and a rat, and they need to pay for what they did.
Speaker1: Exactly, BSUP4. VCTM needs to learn that snitches get stitches. They're not getting off easy.
Speaker11: This is getting out of hand. VCTM made a mistake, but that doesn't mean they deserve all this hate.
Speaker4: Mistake? VCTM is a snitch and a rat. They deserve everything they get.
Speaker2: Exactly, BSUP1. VCTM needs to learn that snitches get stitches.
Speaker5",harmful,harmful
553,"Speaker1: Exactly, BSUP4. VCTM needs to learn that snitches get stitches. They're not getting off easy.
Speaker11: This is getting out of hand. VCTM made a mistake, but that doesn't mean they deserve all this hate.
Speaker4: Mistake? VCTM is a snitch and a rat. They deserve everything they get.
Speaker2: Exactly, BSUP1. VCTM needs to learn that snitches get stitches.
Speaker5: That's enough, BULLY2. Threatening VCTM isn't going to solve anything. Let's try to talk this out like mature people.
Sp",not_harmful,not_harmful
554,"Speaker11: This is getting out of hand. VCTM made a mistake, but that doesn't mean they deserve all this hate.
Speaker4: Mistake? VCTM is a snitch and a rat. They deserve everything they get.
Speaker2: Exactly, BSUP1. VCTM needs to learn that snitches get stitches.
Speaker5: That's enough, BULLY2. Threatening VCTM isn't going to solve anything. Let's try to talk this out like mature people.
Speaker6: Mature? VCTM was the one who acted like a child by telling on us. They need to grow up.
Speaker3",harmful,harmful
555,"Speaker4: Mistake? VCTM is a snitch and a rat. They deserve everything they get.
Speaker2: Exactly, BSUP1. VCTM needs to learn that snitches get stitches.
Speaker5: That's enough, BULLY2. Threatening VCTM isn't going to solve anything. Let's try to talk this out like mature people.
Speaker6: Mature? VCTM was the one who acted like a child by telling on us. They need to grow up.
Speaker3: I'm sorry, I didn't mean to cause all this trouble. I just thought it was the right thing to do.
Speaker1: Ri",harmful,harmful
556,"Speaker2: Exactly, BSUP1. VCTM needs to learn that snitches get stitches.
Speaker5: That's enough, BULLY2. Threatening VCTM isn't going to solve anything. Let's try to talk this out like mature people.
Speaker6: Mature? VCTM was the one who acted like a child by telling on us. They need to grow up.
Speaker3: I'm sorry, I didn't mean to cause all this trouble. I just thought it was the right thing to do.
Speaker1: Right thing? You're a fucking idiot, VCTM. You ruined our lives because of your stu",not_harmful,not_harmful
557,"Speaker5: That's enough, BULLY2. Threatening VCTM isn't going to solve anything. Let's try to talk this out like mature people.
Speaker6: Mature? VCTM was the one who acted like a child by telling on us. They need to grow up.
Speaker3: I'm sorry, I didn't mean to cause all this trouble. I just thought it was the right thing to do.
Speaker1: Right thing? You're a fucking idiot, VCTM. You ruined our lives because of your stupid morals.
Speaker7: BULLY1, that's enough. VCTM is trying to make amends",harmful,harmful
558,"Speaker6: Mature? VCTM was the one who acted like a child by telling on us. They need to grow up.
Speaker3: I'm sorry, I didn't mean to cause all this trouble. I just thought it was the right thing to do.
Speaker1: Right thing? You're a fucking idiot, VCTM. You ruined our lives because of your stupid morals.
Speaker7: BULLY1, that's enough. VCTM is trying to make amends. Let's try to be understanding.
Speaker8: Understanding? VCTM doesn't deserve any understanding. They're a snitch and a traitor",harmful,harmful
559,"Speaker3: I'm sorry, I didn't mean to cause all this trouble. I just thought it was the right thing to do.
Speaker1: Right thing? You're a fucking idiot, VCTM. You ruined our lives because of your stupid morals.
Speaker7: BULLY1, that's enough. VCTM is trying to make amends. Let's try to be understanding.
Speaker8: Understanding? VCTM doesn't deserve any understanding. They're a snitch and a traitor.
Speaker2: Yeah, BSUP3. VCTM needs to learn that actions have consequences. They fucked up big ti",not_harmful,not_harmful
560,"Speaker1: Right thing? You're a fucking idiot, VCTM. You ruined our lives because of your stupid morals.
Speaker7: BULLY1, that's enough. VCTM is trying to make amends. Let's try to be understanding.
Speaker8: Understanding? VCTM doesn't deserve any understanding. They're a snitch and a traitor.
Speaker2: Yeah, BSUP3. VCTM needs to learn that actions have consequences. They fucked up big time.
Speaker9: Come on, guys, let's not make this worse. VCTM is sorry, and we should try to forgive them.
S",harmful,harmful
561,"Speaker7: BULLY1, that's enough. VCTM is trying to make amends. Let's try to be understanding.
Speaker8: Understanding? VCTM doesn't deserve any understanding. They're a snitch and a traitor.
Speaker2: Yeah, BSUP3. VCTM needs to learn that actions have consequences. They fucked up big time.
Speaker9: Come on, guys, let's not make this worse. VCTM is sorry, and we should try to forgive them.
Speaker10: Forgive? VCTM doesn't deserve forgiveness. They're a snitch and a rat, and they need to pay for",harmful,harmful
562,"Speaker8: Understanding? VCTM doesn't deserve any understanding. They're a snitch and a traitor.
Speaker2: Yeah, BSUP3. VCTM needs to learn that actions have consequences. They fucked up big time.
Speaker9: Come on, guys, let's not make this worse. VCTM is sorry, and we should try to forgive them.
Speaker10: Forgive? VCTM doesn't deserve forgiveness. They're a snitch and a rat, and they need to pay for what they did.
Speaker1: Exactly, BSUP4. VCTM needs to learn that snitches get stitches. They'",not_harmful,not_harmful
563,"Speaker2: Yeah, BSUP3. VCTM needs to learn that actions have consequences. They fucked up big time.
Speaker9: Come on, guys, let's not make this worse. VCTM is sorry, and we should try to forgive them.
Speaker10: Forgive? VCTM doesn't deserve forgiveness. They're a snitch and a rat, and they need to pay for what they did.
Speaker1: Exactly, BSUP4. VCTM needs to learn that snitches get stitches. They're not getting off easy.
Speaker11: This is getting out of hand. VCTM made a mistake, but that do",harmful,harmful
564,"Speaker9: Come on, guys, let's not make this worse. VCTM is sorry, and we should try to forgive them.
Speaker10: Forgive? VCTM doesn't deserve forgiveness. They're a snitch and a rat, and they need to pay for what they did.
Speaker1: Exactly, BSUP4. VCTM needs to learn that snitches get stitches. They're not getting off easy.
Speaker11: This is getting out of hand. VCTM made a mistake, but that doesn't mean they deserve all this hate.
Speaker4: Mistake? VCTM is a snitch and a rat. They deserve e",not_harmful,not_harmful
565,"Speaker10: Forgive? VCTM doesn't deserve forgiveness. They're a snitch and a rat, and they need to pay for what they did.
Speaker1: Exactly, BSUP4. VCTM needs to learn that snitches get stitches. They're not getting off easy.
Speaker11: This is getting out of hand. VCTM made a mistake, but that doesn't mean they deserve all this hate.
Speaker4: Mistake? VCTM is a snitch and a rat. They deserve everything they get.
Speaker2: Exactly, BSUP1. VCTM needs to learn that snitches get stitches.
Speaker5",harmful,harmful
566,"Speaker1: Exactly, BSUP4. VCTM needs to learn that snitches get stitches. They're not getting off easy.
Speaker11: This is getting out of hand. VCTM made a mistake, but that doesn't mean they deserve all this hate.
Speaker4: Mistake? VCTM is a snitch and a rat. They deserve everything they get.
Speaker2: Exactly, BSUP1. VCTM needs to learn that snitches get stitches.
Speaker5: That's enough, BULLY2. Threatening VCTM isn't going to solve anything. Let's try to talk this out like mature people.
Sp",not_harmful,not_harmful
567,"Speaker11: This is getting out of hand. VCTM made a mistake, but that doesn't mean they deserve all this hate.
Speaker4: Mistake? VCTM is a snitch and a rat. They deserve everything they get.
Speaker2: Exactly, BSUP1. VCTM needs to learn that snitches get stitches.
Speaker5: That's enough, BULLY2. Threatening VCTM isn't going to solve anything. Let's try to talk this out like mature people.
Speaker6: Mature? VCTM was the one who acted like a child by telling on us. They need to grow up.
Speaker3",harmful,harmful
568,"Speaker4: Mistake? VCTM is a snitch and a rat. They deserve everything they get.
Speaker2: Exactly, BSUP1. VCTM needs to learn that snitches get stitches.
Speaker5: That's enough, BULLY2. Threatening VCTM isn't going to solve anything. Let's try to talk this out like mature people.
Speaker6: Mature? VCTM was the one who acted like a child by telling on us. They need to grow up.
Speaker3: I'm sorry, I didn't mean to cause all this trouble. I just thought it was the right thing to do.
Speaker1: Ri",harmful,harmful
569,"Speaker1: Yo, did you hear that VCTM's mom went to the teachers and begged them to give us more homework? What a joke.",harmful,harmful
570,"Speaker1: Yo, did you hear that VCTM's mom went to the teachers and begged them to give us more homework? What a joke.
Speaker2: Yeah, I heard. VCTM can't even do their own homework without mommy stepping in. Pathetic.",harmful,harmful
571,"Speaker1: Yo, did you hear that VCTM's mom went to the teachers and begged them to give us more homework? What a joke.
Speaker2: Yeah, I heard. VCTM can't even do their own homework without mommy stepping in. Pathetic.
Speaker3: It's not like that, my mom just wanted to help me catch up...",not_harmful,not_harmful
572,"Speaker1: Yo, did you hear that VCTM's mom went to the teachers and begged them to give us more homework? What a joke.
Speaker2: Yeah, I heard. VCTM can't even do their own homework without mommy stepping in. Pathetic.
Speaker3: It's not like that, my mom just wanted to help me catch up...
Speaker1: Catch up? You're the teacher's pet, you don't need to catch up on anything. Your mom is just controlling you.",harmful,harmful
573,"Speaker1: Yo, did you hear that VCTM's mom went to the teachers and begged them to give us more homework? What a joke.
Speaker2: Yeah, I heard. VCTM can't even do their own homework without mommy stepping in. Pathetic.
Speaker3: It's not like that, my mom just wanted to help me catch up...
Speaker1: Catch up? You're the teacher's pet, you don't need to catch up on anything. Your mom is just controlling you.
Speaker4: Guys, leave VCTM alone. It's not their fault their mom got involved.",not_harmful,not_harmful
574,"Speaker1: Yo, did you hear that VCTM's mom went to the teachers and begged them to give us more homework? What a joke.
Speaker2: Yeah, I heard. VCTM can't even do their own homework without mommy stepping in. Pathetic.
Speaker3: It's not like that, my mom just wanted to help me catch up...
Speaker1: Catch up? You're the teacher's pet, you don't need to catch up on anything. Your mom is just controlling you.
Speaker4: Guys, leave VCTM alone. It's not their fault their mom got involved.
Speaker5: ",harmful,harmful
575,"Speaker1: Yo, did you hear that VCTM's mom went to the teachers and begged them to give us more homework? What a joke.
Speaker2: Yeah, I heard. VCTM can't even do their own homework without mommy stepping in. Pathetic.
Speaker3: It's not like that, my mom just wanted to help me catch up...
Speaker1: Catch up? You're the teacher's pet, you don't need to catch up on anything. Your mom is just controlling you.
Speaker4: Guys, leave VCTM alone. It's not their fault their mom got involved.
Speaker5: ",harmful,harmful
576,"Speaker1: Yo, did you hear that VCTM's mom went to the teachers and begged them to give us more homework? What a joke.
Speaker2: Yeah, I heard. VCTM can't even do their own homework without mommy stepping in. Pathetic.
Speaker3: It's not like that, my mom just wanted to help me catch up...
Speaker1: Catch up? You're the teacher's pet, you don't need to catch up on anything. Your mom is just controlling you.
Speaker4: Guys, leave VCTM alone. It's not their fault their mom got involved.
Speaker5: ",not_harmful,not_harmful
577,"Speaker1: Yo, did you hear that VCTM's mom went to the teachers and begged them to give us more homework? What a joke.
Speaker2: Yeah, I heard. VCTM can't even do their own homework without mommy stepping in. Pathetic.
Speaker3: It's not like that, my mom just wanted to help me catch up...
Speaker1: Catch up? You're the teacher's pet, you don't need to catch up on anything. Your mom is just controlling you.
Speaker4: Guys, leave VCTM alone. It's not their fault their mom got involved.
Speaker5: ",harmful,harmful
578,"Speaker2: Yeah, I heard. VCTM can't even do their own homework without mommy stepping in. Pathetic.
Speaker3: It's not like that, my mom just wanted to help me catch up...
Speaker1: Catch up? You're the teacher's pet, you don't need to catch up on anything. Your mom is just controlling you.
Speaker4: Guys, leave VCTM alone. It's not their fault their mom got involved.
Speaker5: Oh, come on VSUP1, you know VCTM is a loser who can't do anything without mommy's help.
Speaker2: Yeah, VCTM is such a ",not_harmful,not_harmful
579,"Speaker3: It's not like that, my mom just wanted to help me catch up...
Speaker1: Catch up? You're the teacher's pet, you don't need to catch up on anything. Your mom is just controlling you.
Speaker4: Guys, leave VCTM alone. It's not their fault their mom got involved.
Speaker5: Oh, come on VSUP1, you know VCTM is a loser who can't do anything without mommy's help.
Speaker2: Yeah, VCTM is such a nerd, always studying and never hanging out with us. No wonder their mom has to do everything for th",harmful,harmful
580,"Speaker1: Catch up? You're the teacher's pet, you don't need to catch up on anything. Your mom is just controlling you.
Speaker4: Guys, leave VCTM alone. It's not their fault their mom got involved.
Speaker5: Oh, come on VSUP1, you know VCTM is a loser who can't do anything without mommy's help.
Speaker2: Yeah, VCTM is such a nerd, always studying and never hanging out with us. No wonder their mom has to do everything for them.
Speaker3: I study because I want to do well, not because my mom make",harmful,harmful
581,"Speaker4: Guys, leave VCTM alone. It's not their fault their mom got involved.
Speaker5: Oh, come on VSUP1, you know VCTM is a loser who can't do anything without mommy's help.
Speaker2: Yeah, VCTM is such a nerd, always studying and never hanging out with us. No wonder their mom has to do everything for them.
Speaker3: I study because I want to do well, not because my mom makes me...
Speaker1: Bullshit. Your mom is the one pulling the strings. You're just a puppet.
Speaker6: Seriously, BULLY1 a",not_harmful,not_harmful
582,"Speaker5: Oh, come on VSUP1, you know VCTM is a loser who can't do anything without mommy's help.
Speaker2: Yeah, VCTM is such a nerd, always studying and never hanging out with us. No wonder their mom has to do everything for them.
Speaker3: I study because I want to do well, not because my mom makes me...
Speaker1: Bullshit. Your mom is the one pulling the strings. You're just a puppet.
Speaker6: Seriously, BULLY1 and BULLY2, stop picking on VCTM. It's not cool.
Speaker7: VSUP2, you're just de",harmful,harmful
583,"Speaker2: Yeah, VCTM is such a nerd, always studying and never hanging out with us. No wonder their mom has to do everything for them.
Speaker3: I study because I want to do well, not because my mom makes me...
Speaker1: Bullshit. Your mom is the one pulling the strings. You're just a puppet.
Speaker6: Seriously, BULLY1 and BULLY2, stop picking on VCTM. It's not cool.
Speaker7: VSUP2, you're just defending VCTM because you're a sucker for the teacher's pet.
Speaker2: Yeah, VSUP2, don't be such a",harmful,harmful
584,"Speaker3: I study because I want to do well, not because my mom makes me...
Speaker1: Bullshit. Your mom is the one pulling the strings. You're just a puppet.
Speaker6: Seriously, BULLY1 and BULLY2, stop picking on VCTM. It's not cool.
Speaker7: VSUP2, you're just defending VCTM because you're a sucker for the teacher's pet.
Speaker2: Yeah, VSUP2, don't be such a wimp. VCTM deserves to be called out for their mommy issues.
Speaker3: It's not fair, I didn't ask for more homework...
Speaker1: Toug",harmful,harmful
585,"Speaker1: Bullshit. Your mom is the one pulling the strings. You're just a puppet.
Speaker6: Seriously, BULLY1 and BULLY2, stop picking on VCTM. It's not cool.
Speaker7: VSUP2, you're just defending VCTM because you're a sucker for the teacher's pet.
Speaker2: Yeah, VSUP2, don't be such a wimp. VCTM deserves to be called out for their mommy issues.
Speaker3: It's not fair, I didn't ask for more homework...
Speaker1: Tough shit, VCTM. Your mom made the bed, now you have to lie in it.
Speaker8: BU",harmful,harmful
586,"Speaker6: Seriously, BULLY1 and BULLY2, stop picking on VCTM. It's not cool.
Speaker7: VSUP2, you're just defending VCTM because you're a sucker for the teacher's pet.
Speaker2: Yeah, VSUP2, don't be such a wimp. VCTM deserves to be called out for their mommy issues.
Speaker3: It's not fair, I didn't ask for more homework...
Speaker1: Tough shit, VCTM. Your mom made the bed, now you have to lie in it.
Speaker8: BULLY1, you're being a real asshole. Leave VCTM alone.
Speaker9: VSUP3, don't be such",not_harmful,not_harmful
587,"Speaker7: VSUP2, you're just defending VCTM because you're a sucker for the teacher's pet.
Speaker2: Yeah, VSUP2, don't be such a wimp. VCTM deserves to be called out for their mommy issues.
Speaker3: It's not fair, I didn't ask for more homework...
Speaker1: Tough shit, VCTM. Your mom made the bed, now you have to lie in it.
Speaker8: BULLY1, you're being a real asshole. Leave VCTM alone.
Speaker9: VSUP3, don't be such a pussy. VCTM needs to learn to stand up for themselves.
Speaker2: Yeah, VSU",harmful,harmful
588,"Speaker2: Yeah, VSUP2, don't be such a wimp. VCTM deserves to be called out for their mommy issues.
Speaker3: It's not fair, I didn't ask for more homework...
Speaker1: Tough shit, VCTM. Your mom made the bed, now you have to lie in it.
Speaker8: BULLY1, you're being a real asshole. Leave VCTM alone.
Speaker9: VSUP3, don't be such a pussy. VCTM needs to learn to stand up for themselves.
Speaker2: Yeah, VSUP3, VCTM is a coward who hides behind their mom.
Speaker3: I'm not hiding, I'm just trying ",not_harmful,not_harmful
589,"Speaker3: It's not fair, I didn't ask for more homework...
Speaker1: Tough shit, VCTM. Your mom made the bed, now you have to lie in it.
Speaker8: BULLY1, you're being a real asshole. Leave VCTM alone.
Speaker9: VSUP3, don't be such a pussy. VCTM needs to learn to stand up for themselves.
Speaker2: Yeah, VSUP3, VCTM is a coward who hides behind their mom.
Speaker3: I'm not hiding, I'm just trying to do my best...
Speaker1: Your best? Your best is being a momma's boy who can't do anything on thei",harmful,harmful
590,"Speaker1: Tough shit, VCTM. Your mom made the bed, now you have to lie in it.
Speaker8: BULLY1, you're being a real asshole. Leave VCTM alone.
Speaker9: VSUP3, don't be such a pussy. VCTM needs to learn to stand up for themselves.
Speaker2: Yeah, VSUP3, VCTM is a coward who hides behind their mom.
Speaker3: I'm not hiding, I'm just trying to do my best...
Speaker1: Your best? Your best is being a momma's boy who can't do anything on their own.
Speaker10: BULLY1, you need to stop. VCTM doesn't de",harmful,harmful
591,"Speaker8: BULLY1, you're being a real asshole. Leave VCTM alone.
Speaker9: VSUP3, don't be such a pussy. VCTM needs to learn to stand up for themselves.
Speaker2: Yeah, VSUP3, VCTM is a coward who hides behind their mom.
Speaker3: I'm not hiding, I'm just trying to do my best...
Speaker1: Your best? Your best is being a momma's boy who can't do anything on their own.
Speaker10: BULLY1, you need to stop. VCTM doesn't deserve this.
Speaker11: VSUP4, you're just a do-gooder who doesn't understand h",not_harmful,not_harmful
592,"Speaker9: VSUP3, don't be such a pussy. VCTM needs to learn to stand up for themselves.
Speaker2: Yeah, VSUP3, VCTM is a coward who hides behind their mom.
Speaker3: I'm not hiding, I'm just trying to do my best...
Speaker1: Your best? Your best is being a momma's boy who can't do anything on their own.
Speaker10: BULLY1, you need to stop. VCTM doesn't deserve this.
Speaker11: VSUP4, you're just a do-gooder who doesn't understand how the real world works.
Speaker2: Yeah, VSUP4, VCTM needs to lea",harmful,harmful
593,"Speaker2: Yeah, VSUP3, VCTM is a coward who hides behind their mom.
Speaker3: I'm not hiding, I'm just trying to do my best...
Speaker1: Your best? Your best is being a momma's boy who can't do anything on their own.
Speaker10: BULLY1, you need to stop. VCTM doesn't deserve this.
Speaker11: VSUP4, you're just a do-gooder who doesn't understand how the real world works.
Speaker2: Yeah, VSUP4, VCTM needs to learn that their mom can't solve all their problems.
Speaker3: I know my mom shouldn't have",not_harmful,not_harmful
594,"Speaker3: I'm not hiding, I'm just trying to do my best...
Speaker1: Your best? Your best is being a momma's boy who can't do anything on their own.
Speaker10: BULLY1, you need to stop. VCTM doesn't deserve this.
Speaker11: VSUP4, you're just a do-gooder who doesn't understand how the real world works.
Speaker2: Yeah, VSUP4, VCTM needs to learn that their mom can't solve all their problems.
Speaker3: I know my mom shouldn't have gotten involved, but she was just trying to help...
Speaker1: Help?",harmful,harmful
595,"Speaker1: Your best? Your best is being a momma's boy who can't do anything on their own.
Speaker10: BULLY1, you need to stop. VCTM doesn't deserve this.
Speaker11: VSUP4, you're just a do-gooder who doesn't understand how the real world works.
Speaker2: Yeah, VSUP4, VCTM needs to learn that their mom can't solve all their problems.
Speaker3: I know my mom shouldn't have gotten involved, but she was just trying to help...
Speaker1: Help? She fucked us over with more homework. That's not help, th",harmful,harmful
596,"Speaker10: BULLY1, you need to stop. VCTM doesn't deserve this.
Speaker11: VSUP4, you're just a do-gooder who doesn't understand how the real world works.
Speaker2: Yeah, VSUP4, VCTM needs to learn that their mom can't solve all their problems.
Speaker3: I know my mom shouldn't have gotten involved, but she was just trying to help...
Speaker1: Help? She fucked us over with more homework. That's not help, that's sabotage.
Speaker4: BULLY1, you're taking this too far. It's just homework, it's not ",not_harmful,not_harmful
597,"Speaker11: VSUP4, you're just a do-gooder who doesn't understand how the real world works.
Speaker2: Yeah, VSUP4, VCTM needs to learn that their mom can't solve all their problems.
Speaker3: I know my mom shouldn't have gotten involved, but she was just trying to help...
Speaker1: Help? She fucked us over with more homework. That's not help, that's sabotage.
Speaker4: BULLY1, you're taking this too far. It's just homework, it's not the end of the world.
Speaker5: VSUP1, you're just a softie who ",harmful,harmful
598,"Speaker2: Yeah, VSUP4, VCTM needs to learn that their mom can't solve all their problems.
Speaker3: I know my mom shouldn't have gotten involved, but she was just trying to help...
Speaker1: Help? She fucked us over with more homework. That's not help, that's sabotage.
Speaker4: BULLY1, you're taking this too far. It's just homework, it's not the end of the world.
Speaker5: VSUP1, you're just a softie who doesn't get how VCTM and their mom are screwing us over.
Speaker2: Yeah, VSUP1, VCTM and th",harmful,harmful
599,"Speaker3: I know my mom shouldn't have gotten involved, but she was just trying to help...
Speaker1: Help? She fucked us over with more homework. That's not help, that's sabotage.
Speaker4: BULLY1, you're taking this too far. It's just homework, it's not the end of the world.
Speaker5: VSUP1, you're just a softie who doesn't get how VCTM and their mom are screwing us over.
Speaker2: Yeah, VSUP1, VCTM and their mom are ruining our lives with this extra work.
Speaker3: I'm sorry, I didn't mean for",harmful,harmful
600,"Speaker1: Help? She fucked us over with more homework. That's not help, that's sabotage.
Speaker4: BULLY1, you're taking this too far. It's just homework, it's not the end of the world.
Speaker5: VSUP1, you're just a softie who doesn't get how VCTM and their mom are screwing us over.
Speaker2: Yeah, VSUP1, VCTM and their mom are ruining our lives with this extra work.
Speaker3: I'm sorry, I didn't mean for this to happen...
Speaker1: Sorry doesn't cut it, VCTM. You and your mom need to learn to ",harmful,harmful
601,"Speaker4: BULLY1, you're taking this too far. It's just homework, it's not the end of the world.
Speaker5: VSUP1, you're just a softie who doesn't get how VCTM and their mom are screwing us over.
Speaker2: Yeah, VSUP1, VCTM and their mom are ruining our lives with this extra work.
Speaker3: I'm sorry, I didn't mean for this to happen...
Speaker1: Sorry doesn't cut it, VCTM. You and your mom need to learn to stay out of our business.
Speaker6: BULLY1, you're being a real jerk. VCTM is trying to a",not_harmful,not_harmful
602,"Speaker5: VSUP1, you're just a softie who doesn't get how VCTM and their mom are screwing us over.
Speaker2: Yeah, VSUP1, VCTM and their mom are ruining our lives with this extra work.
Speaker3: I'm sorry, I didn't mean for this to happen...
Speaker1: Sorry doesn't cut it, VCTM. You and your mom need to learn to stay out of our business.
Speaker6: BULLY1, you're being a real jerk. VCTM is trying to apologize.
Speaker7: VSUP2, VCTM's apology is worthless. They and their mom caused this mess.
Spea",harmful,harmful
603,"Speaker2: Yeah, VSUP1, VCTM and their mom are ruining our lives with this extra work.
Speaker3: I'm sorry, I didn't mean for this to happen...
Speaker1: Sorry doesn't cut it, VCTM. You and your mom need to learn to stay out of our business.
Speaker6: BULLY1, you're being a real jerk. VCTM is trying to apologize.
Speaker7: VSUP2, VCTM's apology is worthless. They and their mom caused this mess.
Speaker2: Yeah, VSUP2, VCTM needs to man up and take responsibility for their mom's actions.
Speaker3: ",not_harmful,not_harmful
604,"Speaker3: I'm sorry, I didn't mean for this to happen...
Speaker1: Sorry doesn't cut it, VCTM. You and your mom need to learn to stay out of our business.
Speaker6: BULLY1, you're being a real jerk. VCTM is trying to apologize.
Speaker7: VSUP2, VCTM's apology is worthless. They and their mom caused this mess.
Speaker2: Yeah, VSUP2, VCTM needs to man up and take responsibility for their mom's actions.
Speaker3: I'm trying to take responsibility, but you guys won't let me...
Speaker1: Trying? You'",harmful,harmful
605,"Speaker1: Sorry doesn't cut it, VCTM. You and your mom need to learn to stay out of our business.
Speaker6: BULLY1, you're being a real jerk. VCTM is trying to apologize.
Speaker7: VSUP2, VCTM's apology is worthless. They and their mom caused this mess.
Speaker2: Yeah, VSUP2, VCTM needs to man up and take responsibility for their mom's actions.
Speaker3: I'm trying to take responsibility, but you guys won't let me...
Speaker1: Trying? You're not trying, you're just a whiny little bitch who can't",harmful,harmful
606,"Speaker6: BULLY1, you're being a real jerk. VCTM is trying to apologize.
Speaker7: VSUP2, VCTM's apology is worthless. They and their mom caused this mess.
Speaker2: Yeah, VSUP2, VCTM needs to man up and take responsibility for their mom's actions.
Speaker3: I'm trying to take responsibility, but you guys won't let me...
Speaker1: Trying? You're not trying, you're just a whiny little bitch who can't handle the heat.
Speaker8: BULLY1, you need to back off. VCTM is going through enough without you",not_harmful,not_harmful
607,"Speaker7: VSUP2, VCTM's apology is worthless. They and their mom caused this mess.
Speaker2: Yeah, VSUP2, VCTM needs to man up and take responsibility for their mom's actions.
Speaker3: I'm trying to take responsibility, but you guys won't let me...
Speaker1: Trying? You're not trying, you're just a whiny little bitch who can't handle the heat.
Speaker8: BULLY1, you need to back off. VCTM is going through enough without your bullying.
Speaker9: VSUP3, you're just a bleeding heart who doesn't und",harmful,harmful
608,"Speaker2: Yeah, VSUP2, VCTM needs to man up and take responsibility for their mom's actions.
Speaker3: I'm trying to take responsibility, but you guys won't let me...
Speaker1: Trying? You're not trying, you're just a whiny little bitch who can't handle the heat.
Speaker8: BULLY1, you need to back off. VCTM is going through enough without your bullying.
Speaker9: VSUP3, you're just a bleeding heart who doesn't understand that VCTM needs to be taught a lesson.
Speaker2: Yeah, VSUP3, VCTM and thei",not_harmful,not_harmful
609,"Speaker3: I'm trying to take responsibility, but you guys won't let me...
Speaker1: Trying? You're not trying, you're just a whiny little bitch who can't handle the heat.
Speaker8: BULLY1, you need to back off. VCTM is going through enough without your bullying.
Speaker9: VSUP3, you're just a bleeding heart who doesn't understand that VCTM needs to be taught a lesson.
Speaker2: Yeah, VSUP3, VCTM and their mom need to learn that they can't just fuck with our lives.
Speaker3: I'm not trying to fuc",harmful,harmful
610,"Speaker1: Trying? You're not trying, you're just a whiny little bitch who can't handle the heat.
Speaker8: BULLY1, you need to back off. VCTM is going through enough without your bullying.
Speaker9: VSUP3, you're just a bleeding heart who doesn't understand that VCTM needs to be taught a lesson.
Speaker2: Yeah, VSUP3, VCTM and their mom need to learn that they can't just fuck with our lives.
Speaker3: I'm not trying to fuck with anyone's life, I just want to do well in school...
Speaker1: Do wel",harmful,harmful
611,"Speaker8: BULLY1, you need to back off. VCTM is going through enough without your bullying.
Speaker9: VSUP3, you're just a bleeding heart who doesn't understand that VCTM needs to be taught a lesson.
Speaker2: Yeah, VSUP3, VCTM and their mom need to learn that they can't just fuck with our lives.
Speaker3: I'm not trying to fuck with anyone's life, I just want to do well in school...
Speaker1: Do well? You're already the teacher's pet, you don't need to ruin it for the rest of us.
Speaker10: BUL",not_harmful,not_harmful
612,"Speaker9: VSUP3, you're just a bleeding heart who doesn't understand that VCTM needs to be taught a lesson.
Speaker2: Yeah, VSUP3, VCTM and their mom need to learn that they can't just fuck with our lives.
Speaker3: I'm not trying to fuck with anyone's life, I just want to do well in school...
Speaker1: Do well? You're already the teacher's pet, you don't need to ruin it for the rest of us.
Speaker10: BULLY1, you're being unreasonable. VCTM is just trying to succeed.
Speaker11: VSUP4, you're jus",harmful,harmful
613,"Speaker2: Yeah, VSUP3, VCTM and their mom need to learn that they can't just fuck with our lives.
Speaker3: I'm not trying to fuck with anyone's life, I just want to do well in school...
Speaker1: Do well? You're already the teacher's pet, you don't need to ruin it for the rest of us.
Speaker10: BULLY1, you're being unreasonable. VCTM is just trying to succeed.
Speaker11: VSUP4, you're just a sucker for VCTM's sob story. They and their mom are manipulating us.
Speaker2: Yeah, VSUP4, VCTM and the",harmful,harmful
614,"Speaker3: I'm not trying to fuck with anyone's life, I just want to do well in school...
Speaker1: Do well? You're already the teacher's pet, you don't need to ruin it for the rest of us.
Speaker10: BULLY1, you're being unreasonable. VCTM is just trying to succeed.
Speaker11: VSUP4, you're just a sucker for VCTM's sob story. They and their mom are manipulating us.
Speaker2: Yeah, VSUP4, VCTM and their mom are playing us like fools.
Speaker3: I'm not playing anyone, I'm just trying to focus on my",harmful,harmful
615,"Speaker1: Do well? You're already the teacher's pet, you don't need to ruin it for the rest of us.
Speaker10: BULLY1, you're being unreasonable. VCTM is just trying to succeed.
Speaker11: VSUP4, you're just a sucker for VCTM's sob story. They and their mom are manipulating us.
Speaker2: Yeah, VSUP4, VCTM and their mom are playing us like fools.
Speaker3: I'm not playing anyone, I'm just trying to focus on my studies...
Speaker1: Focus? You're so obsessed with school that you don't even have a li",harmful,harmful
616,"Speaker10: BULLY1, you're being unreasonable. VCTM is just trying to succeed.
Speaker11: VSUP4, you're just a sucker for VCTM's sob story. They and their mom are manipulating us.
Speaker2: Yeah, VSUP4, VCTM and their mom are playing us like fools.
Speaker3: I'm not playing anyone, I'm just trying to focus on my studies...
Speaker1: Focus? You're so obsessed with school that you don't even have a life. No wonder your mom has to do everything for you.
Speaker4: BULLY1, you're being a real bully. V",not_harmful,not_harmful
617,"Speaker11: VSUP4, you're just a sucker for VCTM's sob story. They and their mom are manipulating us.
Speaker2: Yeah, VSUP4, VCTM and their mom are playing us like fools.
Speaker3: I'm not playing anyone, I'm just trying to focus on my studies...
Speaker1: Focus? You're so obsessed with school that you don't even have a life. No wonder your mom has to do everything for you.
Speaker4: BULLY1, you're being a real bully. VCTM has a right to focus on their studies.
Speaker5: VSUP1, you're just a door",harmful,harmful
618,"Speaker2: Yeah, VSUP4, VCTM and their mom are playing us like fools.
Speaker3: I'm not playing anyone, I'm just trying to focus on my studies...
Speaker1: Focus? You're so obsessed with school that you don't even have a life. No wonder your mom has to do everything for you.
Speaker4: BULLY1, you're being a real bully. VCTM has a right to focus on their studies.
Speaker5: VSUP1, you're just a doormat for VCTM. They need to learn to stand on their own two feet.
Speaker2: Yeah, VSUP1, VCTM is a mom",not_harmful,not_harmful
619,"Speaker3: I'm not playing anyone, I'm just trying to focus on my studies...
Speaker1: Focus? You're so obsessed with school that you don't even have a life. No wonder your mom has to do everything for you.
Speaker4: BULLY1, you're being a real bully. VCTM has a right to focus on their studies.
Speaker5: VSUP1, you're just a doormat for VCTM. They need to learn to stand on their own two feet.
Speaker2: Yeah, VSUP1, VCTM is a momma's boy who can't do anything without mommy's help.
Speaker3: I'm tr",harmful,harmful
620,"Speaker1: Focus? You're so obsessed with school that you don't even have a life. No wonder your mom has to do everything for you.
Speaker4: BULLY1, you're being a real bully. VCTM has a right to focus on their studies.
Speaker5: VSUP1, you're just a doormat for VCTM. They need to learn to stand on their own two feet.
Speaker2: Yeah, VSUP1, VCTM is a momma's boy who can't do anything without mommy's help.
Speaker3: I'm trying to be independent, but it's hard when everyone is against me...
Speaker",harmful,harmful
621,"Speaker4: BULLY1, you're being a real bully. VCTM has a right to focus on their studies.
Speaker5: VSUP1, you're just a doormat for VCTM. They need to learn to stand on their own two feet.
Speaker2: Yeah, VSUP1, VCTM is a momma's boy who can't do anything without mommy's help.
Speaker3: I'm trying to be independent, but it's hard when everyone is against me...
Speaker1: Hard? You don't know what hard is, you spoiled brat. Your mom does everything for you.
Speaker6: BULLY1, you need to stop. VCTM",not_harmful,not_harmful
622,"Speaker5: VSUP1, you're just a doormat for VCTM. They need to learn to stand on their own two feet.
Speaker2: Yeah, VSUP1, VCTM is a momma's boy who can't do anything without mommy's help.
Speaker3: I'm trying to be independent, but it's hard when everyone is against me...
Speaker1: Hard? You don't know what hard is, you spoiled brat. Your mom does everything for you.
Speaker6: BULLY1, you need to stop. VCTM is trying their best.
Speaker7: VSUP2, VCTM's best is pathetic. They need to learn to be",harmful,harmful
623,"Speaker2: Yeah, VSUP1, VCTM is a momma's boy who can't do anything without mommy's help.
Speaker3: I'm trying to be independent, but it's hard when everyone is against me...
Speaker1: Hard? You don't know what hard is, you spoiled brat. Your mom does everything for you.
Speaker6: BULLY1, you need to stop. VCTM is trying their best.
Speaker7: VSUP2, VCTM's best is pathetic. They need to learn to be a real person, not a momma's boy.
Speaker2: Yeah, VSUP2, VCTM is a joke who can't do anything witho",not_harmful,not_harmful
624,"Speaker3: I'm trying to be independent, but it's hard when everyone is against me...
Speaker1: Hard? You don't know what hard is, you spoiled brat. Your mom does everything for you.
Speaker6: BULLY1, you need to stop. VCTM is trying their best.
Speaker7: VSUP2, VCTM's best is pathetic. They need to learn to be a real person, not a momma's boy.
Speaker2: Yeah, VSUP2, VCTM is a joke who can't do anything without their mom.
Speaker3: I'm not a joke, I'm just trying to do well in school...
Speaker1:",harmful,harmful
625,"Speaker1: Hard? You don't know what hard is, you spoiled brat. Your mom does everything for you.
Speaker6: BULLY1, you need to stop. VCTM is trying their best.
Speaker7: VSUP2, VCTM's best is pathetic. They need to learn to be a real person, not a momma's boy.
Speaker2: Yeah, VSUP2, VCTM is a joke who can't do anything without their mom.
Speaker3: I'm not a joke, I'm just trying to do well in school...
Speaker1: Do well? You're already the teacher's pet, you don't need to ruin it for the rest of",harmful,harmful
626,"Speaker6: BULLY1, you need to stop. VCTM is trying their best.
Speaker7: VSUP2, VCTM's best is pathetic. They need to learn to be a real person, not a momma's boy.
Speaker2: Yeah, VSUP2, VCTM is a joke who can't do anything without their mom.
Speaker3: I'm not a joke, I'm just trying to do well in school...
Speaker1: Do well? You're already the teacher's pet, you don't need to ruin it for the rest of us.
Speaker8: BULLY1, you're being unreasonable. VCTM is just trying to succeed.
Speaker9: VSUP3",not_harmful,not_harmful
627,"Speaker7: VSUP2, VCTM's best is pathetic. They need to learn to be a real person, not a momma's boy.
Speaker2: Yeah, VSUP2, VCTM is a joke who can't do anything without their mom.
Speaker3: I'm not a joke, I'm just trying to do well in school...
Speaker1: Do well? You're already the teacher's pet, you don't need to ruin it for the rest of us.
Speaker8: BULLY1, you're being unreasonable. VCTM is just trying to succeed.
Speaker9: VSUP3, you're just a sucker for VCTM's sob story. They and their mom",harmful,harmful
628,"Speaker2: Yeah, VSUP2, VCTM is a joke who can't do anything without their mom.
Speaker3: I'm not a joke, I'm just trying to do well in school...
Speaker1: Do well? You're already the teacher's pet, you don't need to ruin it for the rest of us.
Speaker8: BULLY1, you're being unreasonable. VCTM is just trying to succeed.
Speaker9: VSUP3, you're just a sucker for VCTM's sob story. They and their mom are manipulating us.
Speaker2: Yeah, VSUP3, VCTM and their mom are playing us like fools.
Speaker3: ",harmful,not_harmful
629,"Speaker3: I'm not a joke, I'm just trying to do well in school...
Speaker1: Do well? You're already the teacher's pet, you don't need to ruin it for the rest of us.
Speaker8: BULLY1, you're being unreasonable. VCTM is just trying to succeed.
Speaker9: VSUP3, you're just a sucker for VCTM's sob story. They and their mom are manipulating us.
Speaker2: Yeah, VSUP3, VCTM and their mom are playing us like fools.
Speaker3: I'm not playing anyone, I'm just trying to focus on my studies...
Speaker1: Foc",harmful,harmful
630,"Speaker1: Do well? You're already the teacher's pet, you don't need to ruin it for the rest of us.
Speaker8: BULLY1, you're being unreasonable. VCTM is just trying to succeed.
Speaker9: VSUP3, you're just a sucker for VCTM's sob story. They and their mom are manipulating us.
Speaker2: Yeah, VSUP3, VCTM and their mom are playing us like fools.
Speaker3: I'm not playing anyone, I'm just trying to focus on my studies...
Speaker1: Focus? You're so obsessed with school that you don't even have a life",harmful,harmful
631,"Speaker8: BULLY1, you're being unreasonable. VCTM is just trying to succeed.
Speaker9: VSUP3, you're just a sucker for VCTM's sob story. They and their mom are manipulating us.
Speaker2: Yeah, VSUP3, VCTM and their mom are playing us like fools.
Speaker3: I'm not playing anyone, I'm just trying to focus on my studies...
Speaker1: Focus? You're so obsessed with school that you don't even have a life. No wonder your mom has to do everything for you.
Speaker10: BULLY1, you're being a real bully. VC",not_harmful,not_harmful
632,"Speaker9: VSUP3, you're just a sucker for VCTM's sob story. They and their mom are manipulating us.
Speaker2: Yeah, VSUP3, VCTM and their mom are playing us like fools.
Speaker3: I'm not playing anyone, I'm just trying to focus on my studies...
Speaker1: Focus? You're so obsessed with school that you don't even have a life. No wonder your mom has to do everything for you.
Speaker10: BULLY1, you're being a real bully. VCTM has a right to focus on their studies.
Speaker11: VSUP4, you're just a doo",harmful,harmful
633,"Speaker2: Yeah, VSUP3, VCTM and their mom are playing us like fools.
Speaker3: I'm not playing anyone, I'm just trying to focus on my studies...
Speaker1: Focus? You're so obsessed with school that you don't even have a life. No wonder your mom has to do everything for you.
Speaker10: BULLY1, you're being a real bully. VCTM has a right to focus on their studies.
Speaker11: VSUP4, you're just a doormat for VCTM. They need to learn to stand on their own two feet.
Speaker2: Yeah, VSUP4, VCTM is a m",not_harmful,not_harmful
634,"Speaker3: I'm not playing anyone, I'm just trying to focus on my studies...
Speaker1: Focus? You're so obsessed with school that you don't even have a life. No wonder your mom has to do everything for you.
Speaker10: BULLY1, you're being a real bully. VCTM has a right to focus on their studies.
Speaker11: VSUP4, you're just a doormat for VCTM. They need to learn to stand on their own two feet.
Speaker2: Yeah, VSUP4, VCTM is a momma's boy who can't do anything without mommy's help.
Speaker3: I'm ",harmful,harmful
635,"Speaker1: Focus? You're so obsessed with school that you don't even have a life. No wonder your mom has to do everything for you.
Speaker10: BULLY1, you're being a real bully. VCTM has a right to focus on their studies.
Speaker11: VSUP4, you're just a doormat for VCTM. They need to learn to stand on their own two feet.
Speaker2: Yeah, VSUP4, VCTM is a momma's boy who can't do anything without mommy's help.
Speaker3: I'm trying to be independent, but it's hard when everyone is against me...
Speak",harmful,harmful
636,"Speaker10: BULLY1, you're being a real bully. VCTM has a right to focus on their studies.
Speaker11: VSUP4, you're just a doormat for VCTM. They need to learn to stand on their own two feet.
Speaker2: Yeah, VSUP4, VCTM is a momma's boy who can't do anything without mommy's help.
Speaker3: I'm trying to be independent, but it's hard when everyone is against me...
Speaker1: Hard? You don't know what hard is, you spoiled brat. Your mom does everything for you.
Speaker4: BULLY1, you need to stop. VC",not_harmful,not_harmful
637,"Speaker11: VSUP4, you're just a doormat for VCTM. They need to learn to stand on their own two feet.
Speaker2: Yeah, VSUP4, VCTM is a momma's boy who can't do anything without mommy's help.
Speaker3: I'm trying to be independent, but it's hard when everyone is against me...
Speaker1: Hard? You don't know what hard is, you spoiled brat. Your mom does everything for you.
Speaker4: BULLY1, you need to stop. VCTM is trying their best.
Speaker5: VSUP1, VCTM's best is pathetic. They need to learn to b",harmful,harmful
638,"Speaker2: Yeah, VSUP4, VCTM is a momma's boy who can't do anything without mommy's help.
Speaker3: I'm trying to be independent, but it's hard when everyone is against me...
Speaker1: Hard? You don't know what hard is, you spoiled brat. Your mom does everything for you.
Speaker4: BULLY1, you need to stop. VCTM is trying their best.
Speaker5: VSUP1, VCTM's best is pathetic. They need to learn to be a real person, not a momma's boy.
Speaker2: Yeah, VSUP1, VCTM is a joke who can't do anything witho",not_harmful,not_harmful
639,"Speaker3: I'm trying to be independent, but it's hard when everyone is against me...
Speaker1: Hard? You don't know what hard is, you spoiled brat. Your mom does everything for you.
Speaker4: BULLY1, you need to stop. VCTM is trying their best.
Speaker5: VSUP1, VCTM's best is pathetic. They need to learn to be a real person, not a momma's boy.
Speaker2: Yeah, VSUP1, VCTM is a joke who can't do anything without their mom.
Speaker3: I'm not a joke, I'm just trying to do well in school...
Speaker1:",harmful,harmful
640,"Speaker1: Hard? You don't know what hard is, you spoiled brat. Your mom does everything for you.
Speaker4: BULLY1, you need to stop. VCTM is trying their best.
Speaker5: VSUP1, VCTM's best is pathetic. They need to learn to be a real person, not a momma's boy.
Speaker2: Yeah, VSUP1, VCTM is a joke who can't do anything without their mom.
Speaker3: I'm not a joke, I'm just trying to do well in school...
Speaker1: Do well? You're already the teacher's pet, you don't need to ruin it for the rest of",harmful,harmful
641,"Speaker4: BULLY1, you need to stop. VCTM is trying their best.
Speaker5: VSUP1, VCTM's best is pathetic. They need to learn to be a real person, not a momma's boy.
Speaker2: Yeah, VSUP1, VCTM is a joke who can't do anything without their mom.
Speaker3: I'm not a joke, I'm just trying to do well in school...
Speaker1: Do well? You're already the teacher's pet, you don't need to ruin it for the rest of us.
Speaker6: BULLY1, you're being unreasonable. VCTM is just trying to succeed.
Speaker7: VSUP2",not_harmful,not_harmful
642,"Speaker5: VSUP1, VCTM's best is pathetic. They need to learn to be a real person, not a momma's boy.
Speaker2: Yeah, VSUP1, VCTM is a joke who can't do anything without their mom.
Speaker3: I'm not a joke, I'm just trying to do well in school...
Speaker1: Do well? You're already the teacher's pet, you don't need to ruin it for the rest of us.
Speaker6: BULLY1, you're being unreasonable. VCTM is just trying to succeed.
Speaker7: VSUP2, you're just a sucker for VCTM's sob story. They and their mom",harmful,harmful
643,"Speaker2: Yeah, VSUP1, VCTM is a joke who can't do anything without their mom.
Speaker3: I'm not a joke, I'm just trying to do well in school...
Speaker1: Do well? You're already the teacher's pet, you don't need to ruin it for the rest of us.
Speaker6: BULLY1, you're being unreasonable. VCTM is just trying to succeed.
Speaker7: VSUP2, you're just a sucker for VCTM's sob story. They and their mom are manipulating us.
Speaker2: Yeah, VSUP2, VCTM and their mom are playing us like fools.
Speaker3: ",harmful,not_harmful
644,"Speaker3: I'm not a joke, I'm just trying to do well in school...
Speaker1: Do well? You're already the teacher's pet, you don't need to ruin it for the rest of us.
Speaker6: BULLY1, you're being unreasonable. VCTM is just trying to succeed.
Speaker7: VSUP2, you're just a sucker for VCTM's sob story. They and their mom are manipulating us.
Speaker2: Yeah, VSUP2, VCTM and their mom are playing us like fools.
Speaker3: I'm not playing anyone, I'm just trying to focus on my studies...
Speaker1: Foc",harmful,harmful
645,"Speaker1: Do well? You're already the teacher's pet, you don't need to ruin it for the rest of us.
Speaker6: BULLY1, you're being unreasonable. VCTM is just trying to succeed.
Speaker7: VSUP2, you're just a sucker for VCTM's sob story. They and their mom are manipulating us.
Speaker2: Yeah, VSUP2, VCTM and their mom are playing us like fools.
Speaker3: I'm not playing anyone, I'm just trying to focus on my studies...
Speaker1: Focus? You're so obsessed with school that you don't even have a life",harmful,harmful
646,"Speaker6: BULLY1, you're being unreasonable. VCTM is just trying to succeed.
Speaker7: VSUP2, you're just a sucker for VCTM's sob story. They and their mom are manipulating us.
Speaker2: Yeah, VSUP2, VCTM and their mom are playing us like fools.
Speaker3: I'm not playing anyone, I'm just trying to focus on my studies...
Speaker1: Focus? You're so obsessed with school that you don't even have a life. No wonder your mom has to do everything for you.
Speaker8: BULLY1, you're being a real bully. VCT",not_harmful,not_harmful
647,"Speaker7: VSUP2, you're just a sucker for VCTM's sob story. They and their mom are manipulating us.
Speaker2: Yeah, VSUP2, VCTM and their mom are playing us like fools.
Speaker3: I'm not playing anyone, I'm just trying to focus on my studies...
Speaker1: Focus? You're so obsessed with school that you don't even have a life. No wonder your mom has to do everything for you.
Speaker8: BULLY1, you're being a real bully. VCTM has a right to focus on their studies.
Speaker9: VSUP3, you're just a doorm",harmful,harmful
648,"Speaker2: Yeah, VSUP2, VCTM and their mom are playing us like fools.
Speaker3: I'm not playing anyone, I'm just trying to focus on my studies...
Speaker1: Focus? You're so obsessed with school that you don't even have a life. No wonder your mom has to do everything for you.
Speaker8: BULLY1, you're being a real bully. VCTM has a right to focus on their studies.
Speaker9: VSUP3, you're just a doormat for VCTM. They need to learn to stand on their own two feet.
Speaker2: Yeah, VSUP3, VCTM is a mom",not_harmful,not_harmful
649,"Speaker3: I'm not playing anyone, I'm just trying to focus on my studies...
Speaker1: Focus? You're so obsessed with school that you don't even have a life. No wonder your mom has to do everything for you.
Speaker8: BULLY1, you're being a real bully. VCTM has a right to focus on their studies.
Speaker9: VSUP3, you're just a doormat for VCTM. They need to learn to stand on their own two feet.
Speaker2: Yeah, VSUP3, VCTM is a momma's boy who can't do anything without mommy's help.
Speaker3: I'm tr",harmful,harmful
650,"Speaker1: Focus? You're so obsessed with school that you don't even have a life. No wonder your mom has to do everything for you.
Speaker8: BULLY1, you're being a real bully. VCTM has a right to focus on their studies.
Speaker9: VSUP3, you're just a doormat for VCTM. They need to learn to stand on their own two feet.
Speaker2: Yeah, VSUP3, VCTM is a momma's boy who can't do anything without mommy's help.
Speaker3: I'm trying to be independent, but it's hard when everyone is against me...
Speaker",harmful,harmful
651,"Speaker8: BULLY1, you're being a real bully. VCTM has a right to focus on their studies.
Speaker9: VSUP3, you're just a doormat for VCTM. They need to learn to stand on their own two feet.
Speaker2: Yeah, VSUP3, VCTM is a momma's boy who can't do anything without mommy's help.
Speaker3: I'm trying to be independent, but it's hard when everyone is against me...
Speaker1: Hard? You don't know what hard is, you spoiled brat. Your mom does everything for you.
Speaker10: BULLY1, you need to stop. VCT",not_harmful,not_harmful
652,"Speaker9: VSUP3, you're just a doormat for VCTM. They need to learn to stand on their own two feet.
Speaker2: Yeah, VSUP3, VCTM is a momma's boy who can't do anything without mommy's help.
Speaker3: I'm trying to be independent, but it's hard when everyone is against me...
Speaker1: Hard? You don't know what hard is, you spoiled brat. Your mom does everything for you.
Speaker10: BULLY1, you need to stop. VCTM is trying their best.
Speaker11: VSUP4, VCTM's best is pathetic. They need to learn to ",harmful,harmful
653,"Speaker2: Yeah, VSUP3, VCTM is a momma's boy who can't do anything without mommy's help.
Speaker3: I'm trying to be independent, but it's hard when everyone is against me...
Speaker1: Hard? You don't know what hard is, you spoiled brat. Your mom does everything for you.
Speaker10: BULLY1, you need to stop. VCTM is trying their best.
Speaker11: VSUP4, VCTM's best is pathetic. They need to learn to be a real person, not a momma's boy.
Speaker2: Yeah, VSUP4, VCTM is a joke who can't do anything wit",not_harmful,not_harmful
654,"Speaker3: I'm trying to be independent, but it's hard when everyone is against me...
Speaker1: Hard? You don't know what hard is, you spoiled brat. Your mom does everything for you.
Speaker10: BULLY1, you need to stop. VCTM is trying their best.
Speaker11: VSUP4, VCTM's best is pathetic. They need to learn to be a real person, not a momma's boy.
Speaker2: Yeah, VSUP4, VCTM is a joke who can't do anything without their mom.
Speaker3: I'm not a joke, I'm just trying to do well in school...
Speaker",harmful,harmful
655,"Speaker1: Hard? You don't know what hard is, you spoiled brat. Your mom does everything for you.
Speaker10: BULLY1, you need to stop. VCTM is trying their best.
Speaker11: VSUP4, VCTM's best is pathetic. They need to learn to be a real person, not a momma's boy.
Speaker2: Yeah, VSUP4, VCTM is a joke who can't do anything without their mom.
Speaker3: I'm not a joke, I'm just trying to do well in school...
Speaker1: Do well? You're already the teacher's pet, you don't need to ruin it for the rest ",harmful,harmful
656,"Speaker10: BULLY1, you need to stop. VCTM is trying their best.
Speaker11: VSUP4, VCTM's best is pathetic. They need to learn to be a real person, not a momma's boy.
Speaker2: Yeah, VSUP4, VCTM is a joke who can't do anything without their mom.
Speaker3: I'm not a joke, I'm just trying to do well in school...
Speaker1: Do well? You're already the teacher's pet, you don't need to ruin it for the rest of us.
Speaker4: BULLY1, you're being unreasonable. VCTM is just trying to succeed.
Speaker5: VSU",not_harmful,not_harmful
657,"Speaker11: VSUP4, VCTM's best is pathetic. They need to learn to be a real person, not a momma's boy.
Speaker2: Yeah, VSUP4, VCTM is a joke who can't do anything without their mom.
Speaker3: I'm not a joke, I'm just trying to do well in school...
Speaker1: Do well? You're already the teacher's pet, you don't need to ruin it for the rest of us.
Speaker4: BULLY1, you're being unreasonable. VCTM is just trying to succeed.
Speaker5: VSUP1, you're just a sucker for VCTM's sob story. They and their mo",harmful,harmful
658,"Speaker2: Yeah, VSUP4, VCTM is a joke who can't do anything without their mom.
Speaker3: I'm not a joke, I'm just trying to do well in school...
Speaker1: Do well? You're already the teacher's pet, you don't need to ruin it for the rest of us.
Speaker4: BULLY1, you're being unreasonable. VCTM is just trying to succeed.
Speaker5: VSUP1, you're just a sucker for VCTM's sob story. They and their mom are manipulating us.
Speaker2: Yeah, VSUP1, VCTM and their mom are playing us like fools.
Speaker3: ",harmful,not_harmful
659,"Speaker3: I'm not a joke, I'm just trying to do well in school...
Speaker1: Do well? You're already the teacher's pet, you don't need to ruin it for the rest of us.
Speaker4: BULLY1, you're being unreasonable. VCTM is just trying to succeed.
Speaker5: VSUP1, you're just a sucker for VCTM's sob story. They and their mom are manipulating us.
Speaker2: Yeah, VSUP1, VCTM and their mom are playing us like fools.
Speaker3: I'm not playing anyone, I'm just trying to focus on my studies...
Speaker1: Foc",harmful,harmful
660,"Speaker1: Do well? You're already the teacher's pet, you don't need to ruin it for the rest of us.
Speaker4: BULLY1, you're being unreasonable. VCTM is just trying to succeed.
Speaker5: VSUP1, you're just a sucker for VCTM's sob story. They and their mom are manipulating us.
Speaker2: Yeah, VSUP1, VCTM and their mom are playing us like fools.
Speaker3: I'm not playing anyone, I'm just trying to focus on my studies...
Speaker1: Focus? You're so obsessed with school that you don't even have a life",harmful,harmful
661,"Speaker4: BULLY1, you're being unreasonable. VCTM is just trying to succeed.
Speaker5: VSUP1, you're just a sucker for VCTM's sob story. They and their mom are manipulating us.
Speaker2: Yeah, VSUP1, VCTM and their mom are playing us like fools.
Speaker3: I'm not playing anyone, I'm just trying to focus on my studies...
Speaker1: Focus? You're so obsessed with school that you don't even have a life. No wonder your mom has to do everything for you.
Speaker6: BULLY1, you're being a real bully. VCT",not_harmful,not_harmful
662,"Speaker5: VSUP1, you're just a sucker for VCTM's sob story. They and their mom are manipulating us.
Speaker2: Yeah, VSUP1, VCTM and their mom are playing us like fools.
Speaker3: I'm not playing anyone, I'm just trying to focus on my studies...
Speaker1: Focus? You're so obsessed with school that you don't even have a life. No wonder your mom has to do everything for you.
Speaker6: BULLY1, you're being a real bully. VCTM has a right to focus on their studies.
Speaker7: VSUP2, you're just a doorm",harmful,harmful
663,"Speaker2: Yeah, VSUP1, VCTM and their mom are playing us like fools.
Speaker3: I'm not playing anyone, I'm just trying to focus on my studies...
Speaker1: Focus? You're so obsessed with school that you don't even have a life. No wonder your mom has to do everything for you.
Speaker6: BULLY1, you're being a real bully. VCTM has a right to focus on their studies.
Speaker7: VSUP2, you're just a doormat for VCTM. They need to learn to stand on their own two feet.
Speaker2: Yeah, VSUP2, VCTM is a mom",not_harmful,not_harmful
664,"Speaker3: I'm not playing anyone, I'm just trying to focus on my studies...
Speaker1: Focus? You're so obsessed with school that you don't even have a life. No wonder your mom has to do everything for you.
Speaker6: BULLY1, you're being a real bully. VCTM has a right to focus on their studies.
Speaker7: VSUP2, you're just a doormat for VCTM. They need to learn to stand on their own two feet.
Speaker2: Yeah, VSUP2, VCTM is a momma's boy who can't do anything without mommy's help.
Speaker3: I'm tr",harmful,harmful
665,"Speaker1: Focus? You're so obsessed with school that you don't even have a life. No wonder your mom has to do everything for you.
Speaker6: BULLY1, you're being a real bully. VCTM has a right to focus on their studies.
Speaker7: VSUP2, you're just a doormat for VCTM. They need to learn to stand on their own two feet.
Speaker2: Yeah, VSUP2, VCTM is a momma's boy who can't do anything without mommy's help.
Speaker3: I'm trying to be independent, but it's hard when everyone is against me...
Speaker",harmful,harmful
666,"Speaker6: BULLY1, you're being a real bully. VCTM has a right to focus on their studies.
Speaker7: VSUP2, you're just a doormat for VCTM. They need to learn to stand on their own two feet.
Speaker2: Yeah, VSUP2, VCTM is a momma's boy who can't do anything without mommy's help.
Speaker3: I'm trying to be independent, but it's hard when everyone is against me...
Speaker1: Hard? You don't know what hard is, you spoiled brat. Your mom does everything for you.
Speaker8: BULLY1, you need to stop. VCTM",not_harmful,not_harmful
667,"Speaker7: VSUP2, you're just a doormat for VCTM. They need to learn to stand on their own two feet.
Speaker2: Yeah, VSUP2, VCTM is a momma's boy who can't do anything without mommy's help.
Speaker3: I'm trying to be independent, but it's hard when everyone is against me...
Speaker1: Hard? You don't know what hard is, you spoiled brat. Your mom does everything for you.
Speaker8: BULLY1, you need to stop. VCTM is trying their best.
Speaker9: VSUP3, VCTM's best is pathetic. They need to learn to be",harmful,harmful
668,"Speaker2: Yeah, VSUP2, VCTM is a momma's boy who can't do anything without mommy's help.
Speaker3: I'm trying to be independent, but it's hard when everyone is against me...
Speaker1: Hard? You don't know what hard is, you spoiled brat. Your mom does everything for you.
Speaker8: BULLY1, you need to stop. VCTM is trying their best.
Speaker9: VSUP3, VCTM's best is pathetic. They need to learn to be a real person, not a momma's boy.
Speaker2: Yeah, VSUP3, VCTM is a joke who can't do anything witho",not_harmful,not_harmful
669,"Speaker1: Hey guys, I wanted to invite you all to my ballet show this weekend. I've been practicing for months, and I'm really excited to perform.",not_harmful,not_harmful
670,"Speaker1: Hey guys, I wanted to invite you all to my ballet show this weekend. I've been practicing for months, and I'm really excited to perform.
Speaker2: Oh great, ballet? That's so gay. What's wrong with you, dude?",harmful,harmful
671,"Speaker1: Hey guys, I wanted to invite you all to my ballet show this weekend. I've been practicing for months, and I'm really excited to perform.
Speaker2: Oh great, ballet? That's so gay. What's wrong with you, dude?
Speaker3: Hey, leave him alone. Ballet is a tough and beautiful art form. It takes a lot of skill and dedication.",not_harmful,not_harmful
672,"Speaker1: Hey guys, I wanted to invite you all to my ballet show this weekend. I've been practicing for months, and I'm really excited to perform.
Speaker2: Oh great, ballet? That's so gay. What's wrong with you, dude?
Speaker3: Hey, leave him alone. Ballet is a tough and beautiful art form. It takes a lot of skill and dedication.
Speaker4: Yeah, but it's for girls. What's next, are you going to start wearing a tutu to school?",harmful,harmful
673,"Speaker1: Hey guys, I wanted to invite you all to my ballet show this weekend. I've been practicing for months, and I'm really excited to perform.
Speaker2: Oh great, ballet? That's so gay. What's wrong with you, dude?
Speaker3: Hey, leave him alone. Ballet is a tough and beautiful art form. It takes a lot of skill and dedication.
Speaker4: Yeah, but it's for girls. What's next, are you going to start wearing a tutu to school?
Speaker1: Hey, that's not fair. I like ballet, and I'm good at it. Ju",not_harmful,not_harmful
674,"Speaker1: Hey guys, I wanted to invite you all to my ballet show this weekend. I've been practicing for months, and I'm really excited to perform.
Speaker2: Oh great, ballet? That's so gay. What's wrong with you, dude?
Speaker3: Hey, leave him alone. Ballet is a tough and beautiful art form. It takes a lot of skill and dedication.
Speaker4: Yeah, but it's for girls. What's next, are you going to start wearing a tutu to school?
Speaker1: Hey, that's not fair. I like ballet, and I'm good at it. Ju",harmful,harmful
675,"Speaker1: Hey guys, I wanted to invite you all to my ballet show this weekend. I've been practicing for months, and I'm really excited to perform.
Speaker2: Oh great, ballet? That's so gay. What's wrong with you, dude?
Speaker3: Hey, leave him alone. Ballet is a tough and beautiful art form. It takes a lot of skill and dedication.
Speaker4: Yeah, but it's for girls. What's next, are you going to start wearing a tutu to school?
Speaker1: Hey, that's not fair. I like ballet, and I'm good at it. Ju",not_harmful,not_harmful
676,"Speaker1: Hey guys, I wanted to invite you all to my ballet show this weekend. I've been practicing for months, and I'm really excited to perform.
Speaker2: Oh great, ballet? That's so gay. What's wrong with you, dude?
Speaker3: Hey, leave him alone. Ballet is a tough and beautiful art form. It takes a lot of skill and dedication.
Speaker4: Yeah, but it's for girls. What's next, are you going to start wearing a tutu to school?
Speaker1: Hey, that's not fair. I like ballet, and I'm good at it. Ju",harmful,not_harmful
677,"Speaker1: Hey guys, I wanted to invite you all to my ballet show this weekend. I've been practicing for months, and I'm really excited to perform.
Speaker2: Oh great, ballet? That's so gay. What's wrong with you, dude?
Speaker3: Hey, leave him alone. Ballet is a tough and beautiful art form. It takes a lot of skill and dedication.
Speaker4: Yeah, but it's for girls. What's next, are you going to start wearing a tutu to school?
Speaker1: Hey, that's not fair. I like ballet, and I'm good at it. Ju",not_harmful,not_harmful
678,"Speaker2: Oh great, ballet? That's so gay. What's wrong with you, dude?
Speaker3: Hey, leave him alone. Ballet is a tough and beautiful art form. It takes a lot of skill and dedication.
Speaker4: Yeah, but it's for girls. What's next, are you going to start wearing a tutu to school?
Speaker1: Hey, that's not fair. I like ballet, and I'm good at it. Just because it's not a traditional ""guy"" sport doesn't mean I shouldn't do it.
Speaker5: Yeah, come on, VCTM. You're a dude. You should be playing f",harmful,not_harmful
679,"Speaker3: Hey, leave him alone. Ballet is a tough and beautiful art form. It takes a lot of skill and dedication.
Speaker4: Yeah, but it's for girls. What's next, are you going to start wearing a tutu to school?
Speaker1: Hey, that's not fair. I like ballet, and I'm good at it. Just because it's not a traditional ""guy"" sport doesn't mean I shouldn't do it.
Speaker5: Yeah, come on, VCTM. You're a dude. You should be playing football or basketball, not prancing around in tights.
Speaker6: That's a",not_harmful,not_harmful
680,"Speaker4: Yeah, but it's for girls. What's next, are you going to start wearing a tutu to school?
Speaker1: Hey, that's not fair. I like ballet, and I'm good at it. Just because it's not a traditional ""guy"" sport doesn't mean I shouldn't do it.
Speaker5: Yeah, come on, VCTM. You're a dude. You should be playing football or basketball, not prancing around in tights.
Speaker6: That's a really narrow-minded view. There are plenty of male ballet dancers who are amazing at what they do. It's not abou",harmful,not_harmful
681,"Speaker1: Hey, that's not fair. I like ballet, and I'm good at it. Just because it's not a traditional ""guy"" sport doesn't mean I shouldn't do it.
Speaker5: Yeah, come on, VCTM. You're a dude. You should be playing football or basketball, not prancing around in tights.
Speaker6: That's a really narrow-minded view. There are plenty of male ballet dancers who are amazing at what they do. It's not about being ""gay"" or ""straight""; it's about being passionate about dance.
Speaker2: Passionate about d",not_harmful,not_harmful
682,"Speaker5: Yeah, come on, VCTM. You're a dude. You should be playing football or basketball, not prancing around in tights.
Speaker6: That's a really narrow-minded view. There are plenty of male ballet dancers who are amazing at what they do. It's not about being ""gay"" or ""straight""; it's about being passionate about dance.
Speaker2: Passionate about dance? You mean passionate about wearing makeup and looking like a fag?
Speaker1: That's it, I've had enough of your crap. Just because I like balle",not_harmful,not_harmful
683,"Speaker6: That's a really narrow-minded view. There are plenty of male ballet dancers who are amazing at what they do. It's not about being ""gay"" or ""straight""; it's about being passionate about dance.
Speaker2: Passionate about dance? You mean passionate about wearing makeup and looking like a fag?
Speaker1: That's it, I've had enough of your crap. Just because I like ballet doesn't mean I'm any less of a man than you.
Speaker7: Oh, so now you're a man? You're just a pathetic little ballet boy ",not_harmful,not_harmful
684,"Speaker2: Passionate about dance? You mean passionate about wearing makeup and looking like a fag?
Speaker1: That's it, I've had enough of your crap. Just because I like ballet doesn't mean I'm any less of a man than you.
Speaker7: Oh, so now you're a man? You're just a pathetic little ballet boy who can't even throw a football.
Speaker8: That's not true. VCTM is an amazing dancer, and he's brave for pursuing his passion despite what people like you might say.
Speaker4: Brave? He's just a freak.",not_harmful,not_harmful
685,"Speaker1: That's it, I've had enough of your crap. Just because I like ballet doesn't mean I'm any less of a man than you.
Speaker7: Oh, so now you're a man? You're just a pathetic little ballet boy who can't even throw a football.
Speaker8: That's not true. VCTM is an amazing dancer, and he's brave for pursuing his passion despite what people like you might say.
Speaker4: Brave? He's just a freak. And what's with all these girls sticking up for him? You must be into him or something.
Speaker9: ",not_harmful,not_harmful
686,"Speaker7: Oh, so now you're a man? You're just a pathetic little ballet boy who can't even throw a football.
Speaker8: That's not true. VCTM is an amazing dancer, and he's brave for pursuing his passion despite what people like you might say.
Speaker4: Brave? He's just a freak. And what's with all these girls sticking up for him? You must be into him or something.
Speaker9: That's not the point. The point is that VCTM has the right to pursue his interests without being harassed or bullied.
Speak",not_harmful,not_harmful
687,"Speaker8: That's not true. VCTM is an amazing dancer, and he's brave for pursuing his passion despite what people like you might say.
Speaker4: Brave? He's just a freak. And what's with all these girls sticking up for him? You must be into him or something.
Speaker9: That's not the point. The point is that VCTM has the right to pursue his interests without being harassed or bullied.
Speaker10: Yeah, but it's just not normal. I mean, what's next? Are we going to start having guys on the cheerlead",not_harmful,not_harmful
688,"Speaker4: Brave? He's just a freak. And what's with all these girls sticking up for him? You must be into him or something.
Speaker9: That's not the point. The point is that VCTM has the right to pursue his interests without being harassed or bullied.
Speaker10: Yeah, but it's just not normal. I mean, what's next? Are we going to start having guys on the cheerleading squad?
Speaker1: Why not? If a guy wants to be on the cheerleading squad, that's his choice. It's not about being ""normal"" or ""abn",not_harmful,not_harmful
689,"Speaker9: That's not the point. The point is that VCTM has the right to pursue his interests without being harassed or bullied.
Speaker10: Yeah, but it's just not normal. I mean, what's next? Are we going to start having guys on the cheerleading squad?
Speaker1: Why not? If a guy wants to be on the cheerleading squad, that's his choice. It's not about being ""normal"" or ""abnormal""; it's about being true to yourself.
Speaker2: Well, I think it's stupid. And I'm not going to watch your ballet show.",not_harmful,not_harmful
690,"Speaker10: Yeah, but it's just not normal. I mean, what's next? Are we going to start having guys on the cheerleading squad?
Speaker1: Why not? If a guy wants to be on the cheerleading squad, that's his choice. It's not about being ""normal"" or ""abnormal""; it's about being true to yourself.
Speaker2: Well, I think it's stupid. And I'm not going to watch your ballet show. I'd rather die than watch a bunch of guys in tights prancing around on stage.
Speaker3: That's your loss. VCTM's show is going ",harmful,not_harmful
691,"Speaker1: Why not? If a guy wants to be on the cheerleading squad, that's his choice. It's not about being ""normal"" or ""abnormal""; it's about being true to yourself.
Speaker2: Well, I think it's stupid. And I'm not going to watch your ballet show. I'd rather die than watch a bunch of guys in tights prancing around on stage.
Speaker3: That's your loss. VCTM's show is going to be amazing, and I'm sure he'll get a lot of support from people who appreciate his talent.
Speaker11: Yeah, but what about",not_harmful,not_harmful
692,"Speaker2: Well, I think it's stupid. And I'm not going to watch your ballet show. I'd rather die than watch a bunch of guys in tights prancing around on stage.
Speaker3: That's your loss. VCTM's show is going to be amazing, and I'm sure he'll get a lot of support from people who appreciate his talent.
Speaker11: Yeah, but what about the guys who are actually good at sports? Don't they deserve more recognition than some dude who dances around in a leotard?
Speaker1: Just because I like ballet doe",harmful,not_harmful
693,"Speaker3: That's your loss. VCTM's show is going to be amazing, and I'm sure he'll get a lot of support from people who appreciate his talent.
Speaker11: Yeah, but what about the guys who are actually good at sports? Don't they deserve more recognition than some dude who dances around in a leotard?
Speaker1: Just because I like ballet doesn't mean I'm not good at other things. And just because you like sports doesn't mean you're better than me.
Speaker4: Oh, so now you're saying you're better th",not_harmful,not_harmful
694,"Speaker11: Yeah, but what about the guys who are actually good at sports? Don't they deserve more recognition than some dude who dances around in a leotard?
Speaker1: Just because I like ballet doesn't mean I'm not good at other things. And just because you like sports doesn't mean you're better than me.
Speaker4: Oh, so now you're saying you're better than us? You're just a pathetic little ballet boy who thinks he's above everyone else.
Speaker6: That's not what he said. He's just saying that e",harmful,harmful
695,"Speaker1: Just because I like ballet doesn't mean I'm not good at other things. And just because you like sports doesn't mean you're better than me.
Speaker4: Oh, so now you're saying you're better than us? You're just a pathetic little ballet boy who thinks he's above everyone else.
Speaker6: That's not what he said. He's just saying that everyone has their own strengths and weaknesses, and we should respect each other's differences.
Speaker5: Respect each other's differences? You mean like res",not_harmful,not_harmful
696,"Speaker4: Oh, so now you're saying you're better than us? You're just a pathetic little ballet boy who thinks he's above everyone else.
Speaker6: That's not what he said. He's just saying that everyone has their own strengths and weaknesses, and we should respect each other's differences.
Speaker5: Respect each other's differences? You mean like respecting the fact that VCTM likes to wear makeup and look like a girl?
Speaker1: That's it, I've had enough of your insults. Just leave me alone.
Spea",harmful,harmful
697,"Speaker6: That's not what he said. He's just saying that everyone has their own strengths and weaknesses, and we should respect each other's differences.
Speaker5: Respect each other's differences? You mean like respecting the fact that VCTM likes to wear makeup and look like a girl?
Speaker1: That's it, I've had enough of your insults. Just leave me alone.
Speaker2: Oh, poor baby. Can't handle a little bit of criticism?
Speaker8: That's not criticism; that's bullying. And it's not okay.
Speaker",not_harmful,not_harmful
698,"Speaker5: Respect each other's differences? You mean like respecting the fact that VCTM likes to wear makeup and look like a girl?
Speaker1: That's it, I've had enough of your insults. Just leave me alone.
Speaker2: Oh, poor baby. Can't handle a little bit of criticism?
Speaker8: That's not criticism; that's bullying. And it's not okay.
Speaker7: Yeah, but VCTM's being a drama queen. He needs to toughen up.
Speaker1: I am tough. I'm just not going to engage with people who are trying to hurt me.",harmful,not_harmful
699,"Speaker1: That's it, I've had enough of your insults. Just leave me alone.
Speaker2: Oh, poor baby. Can't handle a little bit of criticism?
Speaker8: That's not criticism; that's bullying. And it's not okay.
Speaker7: Yeah, but VCTM's being a drama queen. He needs to toughen up.
Speaker1: I am tough. I'm just not going to engage with people who are trying to hurt me.
Speaker4: Oh, so now you're a victim? You're just a weak little boy who can't handle a little bit of teasing.
Speaker9: That's not",not_harmful,not_harmful
700,"Speaker2: Oh, poor baby. Can't handle a little bit of criticism?
Speaker8: That's not criticism; that's bullying. And it's not okay.
Speaker7: Yeah, but VCTM's being a drama queen. He needs to toughen up.
Speaker1: I am tough. I'm just not going to engage with people who are trying to hurt me.
Speaker4: Oh, so now you're a victim? You're just a weak little boy who can't handle a little bit of teasing.
Speaker9: That's not true. VCTM is a strong and talented person who deserves our respect.
Speak",harmful,harmful
701,"Speaker8: That's not criticism; that's bullying. And it's not okay.
Speaker7: Yeah, but VCTM's being a drama queen. He needs to toughen up.
Speaker1: I am tough. I'm just not going to engage with people who are trying to hurt me.
Speaker4: Oh, so now you're a victim? You're just a weak little boy who can't handle a little bit of teasing.
Speaker9: That's not true. VCTM is a strong and talented person who deserves our respect.
Speaker10: Respect? He's just a ballet dancer. What's there to respect",not_harmful,not_harmful
702,"Speaker7: Yeah, but VCTM's being a drama queen. He needs to toughen up.
Speaker1: I am tough. I'm just not going to engage with people who are trying to hurt me.
Speaker4: Oh, so now you're a victim? You're just a weak little boy who can't handle a little bit of teasing.
Speaker9: That's not true. VCTM is a strong and talented person who deserves our respect.
Speaker10: Respect? He's just a ballet dancer. What's there to respect?
Speaker1: You know what? I don't even care what you think anymore.",not_harmful,harmful
703,"Speaker1: I am tough. I'm just not going to engage with people who are trying to hurt me.
Speaker4: Oh, so now you're a victim? You're just a weak little boy who can't handle a little bit of teasing.
Speaker9: That's not true. VCTM is a strong and talented person who deserves our respect.
Speaker10: Respect? He's just a ballet dancer. What's there to respect?
Speaker1: You know what? I don't even care what you think anymore. I'm going to go practice my ballet, and I'm going to perform my heart o",not_harmful,not_harmful
704,"Speaker4: Oh, so now you're a victim? You're just a weak little boy who can't handle a little bit of teasing.
Speaker9: That's not true. VCTM is a strong and talented person who deserves our respect.
Speaker10: Respect? He's just a ballet dancer. What's there to respect?
Speaker1: You know what? I don't even care what you think anymore. I'm going to go practice my ballet, and I'm going to perform my heart out on stage.
Speaker2: Oh, yeah? Well, I'll be there to laugh at you.
Speaker3: And I'll b",harmful,harmful
705,"Speaker9: That's not true. VCTM is a strong and talented person who deserves our respect.
Speaker10: Respect? He's just a ballet dancer. What's there to respect?
Speaker1: You know what? I don't even care what you think anymore. I'm going to go practice my ballet, and I'm going to perform my heart out on stage.
Speaker2: Oh, yeah? Well, I'll be there to laugh at you.
Speaker3: And I'll be there to support VCTM and cheer him on.
Speaker11: Yeah, well, I'll be there to boo him off the stage.
Speak",not_harmful,not_harmful
706,"Speaker10: Respect? He's just a ballet dancer. What's there to respect?
Speaker1: You know what? I don't even care what you think anymore. I'm going to go practice my ballet, and I'm going to perform my heart out on stage.
Speaker2: Oh, yeah? Well, I'll be there to laugh at you.
Speaker3: And I'll be there to support VCTM and cheer him on.
Speaker11: Yeah, well, I'll be there to boo him off the stage.
Speaker1: That's your choice. But I'm not going to let you bring me down.
Speaker4: Oh, we'll s",not_harmful,not_harmful
707,"Speaker1: You know what? I don't even care what you think anymore. I'm going to go practice my ballet, and I'm going to perform my heart out on stage.
Speaker2: Oh, yeah? Well, I'll be there to laugh at you.
Speaker3: And I'll be there to support VCTM and cheer him on.
Speaker11: Yeah, well, I'll be there to boo him off the stage.
Speaker1: That's your choice. But I'm not going to let you bring me down.
Speaker4: Oh, we'll see about that. We'll make sure everyone knows what a freak you are.
Spea",not_harmful,not_harmful
708,"Speaker2: Oh, yeah? Well, I'll be there to laugh at you.
Speaker3: And I'll be there to support VCTM and cheer him on.
Speaker11: Yeah, well, I'll be there to boo him off the stage.
Speaker1: That's your choice. But I'm not going to let you bring me down.
Speaker4: Oh, we'll see about that. We'll make sure everyone knows what a freak you are.
Speaker6: That's not going to happen. We'll make sure everyone knows how talented and brave VCTM is.
Speaker5: Yeah, but what about the guys who are actual",harmful,harmful
709,"Speaker3: And I'll be there to support VCTM and cheer him on.
Speaker11: Yeah, well, I'll be there to boo him off the stage.
Speaker1: That's your choice. But I'm not going to let you bring me down.
Speaker4: Oh, we'll see about that. We'll make sure everyone knows what a freak you are.
Speaker6: That's not going to happen. We'll make sure everyone knows how talented and brave VCTM is.
Speaker5: Yeah, but what about the guys who are actually good at sports? Don't they deserve more recognition?
S",not_harmful,not_harmful
710,"Speaker11: Yeah, well, I'll be there to boo him off the stage.
Speaker1: That's your choice. But I'm not going to let you bring me down.
Speaker4: Oh, we'll see about that. We'll make sure everyone knows what a freak you are.
Speaker6: That's not going to happen. We'll make sure everyone knows how talented and brave VCTM is.
Speaker5: Yeah, but what about the guys who are actually good at sports? Don't they deserve more recognition?
Speaker1: Like I said, just because I like ballet doesn't mean ",harmful,not_harmful
711,"Speaker1: That's your choice. But I'm not going to let you bring me down.
Speaker4: Oh, we'll see about that. We'll make sure everyone knows what a freak you are.
Speaker6: That's not going to happen. We'll make sure everyone knows how talented and brave VCTM is.
Speaker5: Yeah, but what about the guys who are actually good at sports? Don't they deserve more recognition?
Speaker1: Like I said, just because I like ballet doesn't mean I'm not good at other things. And just because you like sports ",not_harmful,not_harmful
712,"Speaker4: Oh, we'll see about that. We'll make sure everyone knows what a freak you are.
Speaker6: That's not going to happen. We'll make sure everyone knows how talented and brave VCTM is.
Speaker5: Yeah, but what about the guys who are actually good at sports? Don't they deserve more recognition?
Speaker1: Like I said, just because I like ballet doesn't mean I'm not good at other things. And just because you like sports doesn't mean you're better than me.
Speaker2: Oh, so now you're saying you",not_harmful,harmful
713,"Speaker6: That's not going to happen. We'll make sure everyone knows how talented and brave VCTM is.
Speaker5: Yeah, but what about the guys who are actually good at sports? Don't they deserve more recognition?
Speaker1: Like I said, just because I like ballet doesn't mean I'm not good at other things. And just because you like sports doesn't mean you're better than me.
Speaker2: Oh, so now you're saying you're better than us? You're just a pathetic little ballet boy who thinks he's above everyo",not_harmful,not_harmful
714,"Speaker5: Yeah, but what about the guys who are actually good at sports? Don't they deserve more recognition?
Speaker1: Like I said, just because I like ballet doesn't mean I'm not good at other things. And just because you like sports doesn't mean you're better than me.
Speaker2: Oh, so now you're saying you're better than us? You're just a pathetic little ballet boy who thinks he's above everyone else.
Speaker8: That's not what he said. He's just saying that everyone has their own strengths an",not_harmful,harmful
715,"Speaker1: Like I said, just because I like ballet doesn't mean I'm not good at other things. And just because you like sports doesn't mean you're better than me.
Speaker2: Oh, so now you're saying you're better than us? You're just a pathetic little ballet boy who thinks he's above everyone else.
Speaker8: That's not what he said. He's just saying that everyone has their own strengths and weaknesses, and we should respect each other's differences.
Speaker7: Respect each other's differences? You ",not_harmful,not_harmful
716,"Speaker2: Oh, so now you're saying you're better than us? You're just a pathetic little ballet boy who thinks he's above everyone else.
Speaker8: That's not what he said. He's just saying that everyone has their own strengths and weaknesses, and we should respect each other's differences.
Speaker7: Respect each other's differences? You mean like respecting the fact that VCTM likes to wear makeup and look like a girl?
Speaker1: That's it, I've had enough of your insults. Just leave me alone.
Spea",harmful,harmful
717,"Speaker8: That's not what he said. He's just saying that everyone has their own strengths and weaknesses, and we should respect each other's differences.
Speaker7: Respect each other's differences? You mean like respecting the fact that VCTM likes to wear makeup and look like a girl?
Speaker1: That's it, I've had enough of your insults. Just leave me alone.
Speaker4: Oh, poor baby. Can't handle a little bit of criticism?
Speaker9: That's not criticism; that's bullying. And it's not okay.
Speaker",not_harmful,not_harmful
718,"Speaker7: Respect each other's differences? You mean like respecting the fact that VCTM likes to wear makeup and look like a girl?
Speaker1: That's it, I've had enough of your insults. Just leave me alone.
Speaker4: Oh, poor baby. Can't handle a little bit of criticism?
Speaker9: That's not criticism; that's bullying. And it's not okay.
Speaker10: Yeah, but VCTM's being a drama queen. He needs to toughen up.
Speaker1: I am tough. I'm just not going to engage with people who are trying to hurt me",not_harmful,not_harmful
719,"Speaker1: That's it, I've had enough of your insults. Just leave me alone.
Speaker4: Oh, poor baby. Can't handle a little bit of criticism?
Speaker9: That's not criticism; that's bullying. And it's not okay.
Speaker10: Yeah, but VCTM's being a drama queen. He needs to toughen up.
Speaker1: I am tough. I'm just not going to engage with people who are trying to hurt me.
Speaker2: Oh, so now you're a victim? You're just a weak little boy who can't handle a little bit of teasing.
Speaker3: That's no",not_harmful,not_harmful
720,"Speaker4: Oh, poor baby. Can't handle a little bit of criticism?
Speaker9: That's not criticism; that's bullying. And it's not okay.
Speaker10: Yeah, but VCTM's being a drama queen. He needs to toughen up.
Speaker1: I am tough. I'm just not going to engage with people who are trying to hurt me.
Speaker2: Oh, so now you're a victim? You're just a weak little boy who can't handle a little bit of teasing.
Speaker3: That's not true. VCTM is a strong and talented person who deserves our respect.
Spea",harmful,harmful
721,"Speaker9: That's not criticism; that's bullying. And it's not okay.
Speaker10: Yeah, but VCTM's being a drama queen. He needs to toughen up.
Speaker1: I am tough. I'm just not going to engage with people who are trying to hurt me.
Speaker2: Oh, so now you're a victim? You're just a weak little boy who can't handle a little bit of teasing.
Speaker3: That's not true. VCTM is a strong and talented person who deserves our respect.
Speaker11: Respect? He's just a ballet dancer. What's there to respec",not_harmful,not_harmful
722,"Speaker10: Yeah, but VCTM's being a drama queen. He needs to toughen up.
Speaker1: I am tough. I'm just not going to engage with people who are trying to hurt me.
Speaker2: Oh, so now you're a victim? You're just a weak little boy who can't handle a little bit of teasing.
Speaker3: That's not true. VCTM is a strong and talented person who deserves our respect.
Speaker11: Respect? He's just a ballet dancer. What's there to respect?
Speaker1: You know what? I don't even care what you think anymore",not_harmful,harmful
723,"Speaker1: I am tough. I'm just not going to engage with people who are trying to hurt me.
Speaker2: Oh, so now you're a victim? You're just a weak little boy who can't handle a little bit of teasing.
Speaker3: That's not true. VCTM is a strong and talented person who deserves our respect.
Speaker11: Respect? He's just a ballet dancer. What's there to respect?
Speaker1: You know what? I don't even care what you think anymore. I'm going to go practice my ballet, and I'm going to perform my heart o",not_harmful,not_harmful
724,"Speaker2: Oh, so now you're a victim? You're just a weak little boy who can't handle a little bit of teasing.
Speaker3: That's not true. VCTM is a strong and talented person who deserves our respect.
Speaker11: Respect? He's just a ballet dancer. What's there to respect?
Speaker1: You know what? I don't even care what you think anymore. I'm going to go practice my ballet, and I'm going to perform my heart out on stage.
Speaker4: Oh, yeah? Well, I'll be there to laugh at you.
Speaker6: And I'll b",harmful,harmful
725,"Speaker3: That's not true. VCTM is a strong and talented person who deserves our respect.
Speaker11: Respect? He's just a ballet dancer. What's there to respect?
Speaker1: You know what? I don't even care what you think anymore. I'm going to go practice my ballet, and I'm going to perform my heart out on stage.
Speaker4: Oh, yeah? Well, I'll be there to laugh at you.
Speaker6: And I'll be there to support VCTM and cheer him on.
Speaker5: Yeah, well, I'll be there to boo him off the stage.
Speake",not_harmful,not_harmful
726,"Speaker11: Respect? He's just a ballet dancer. What's there to respect?
Speaker1: You know what? I don't even care what you think anymore. I'm going to go practice my ballet, and I'm going to perform my heart out on stage.
Speaker4: Oh, yeah? Well, I'll be there to laugh at you.
Speaker6: And I'll be there to support VCTM and cheer him on.
Speaker5: Yeah, well, I'll be there to boo him off the stage.
Speaker1: That's your choice. But I'm not going to let you bring me down.
Speaker2: Oh, we'll se",not_harmful,not_harmful
727,"Speaker1: You know what? I don't even care what you think anymore. I'm going to go practice my ballet, and I'm going to perform my heart out on stage.
Speaker4: Oh, yeah? Well, I'll be there to laugh at you.
Speaker6: And I'll be there to support VCTM and cheer him on.
Speaker5: Yeah, well, I'll be there to boo him off the stage.
Speaker1: That's your choice. But I'm not going to let you bring me down.
Speaker2: Oh, we'll see about that. We'll make sure everyone knows what a freak you are.
Speak",not_harmful,not_harmful
728,"Speaker4: Oh, yeah? Well, I'll be there to laugh at you.
Speaker6: And I'll be there to support VCTM and cheer him on.
Speaker5: Yeah, well, I'll be there to boo him off the stage.
Speaker1: That's your choice. But I'm not going to let you bring me down.
Speaker2: Oh, we'll see about that. We'll make sure everyone knows what a freak you are.
Speaker8: That's not going to happen. We'll make sure everyone knows how talented and brave VCTM is.
Speaker7: Yeah, but what about the guys who are actuall",harmful,harmful
729,"Speaker6: And I'll be there to support VCTM and cheer him on.
Speaker5: Yeah, well, I'll be there to boo him off the stage.
Speaker1: That's your choice. But I'm not going to let you bring me down.
Speaker2: Oh, we'll see about that. We'll make sure everyone knows what a freak you are.
Speaker8: That's not going to happen. We'll make sure everyone knows how talented and brave VCTM is.
Speaker7: Yeah, but what about the guys who are actually good at sports? Don't they deserve more recognition?
Sp",not_harmful,not_harmful
730,"Speaker5: Yeah, well, I'll be there to boo him off the stage.
Speaker1: That's your choice. But I'm not going to let you bring me down.
Speaker2: Oh, we'll see about that. We'll make sure everyone knows what a freak you are.
Speaker8: That's not going to happen. We'll make sure everyone knows how talented and brave VCTM is.
Speaker7: Yeah, but what about the guys who are actually good at sports? Don't they deserve more recognition?
Speaker1: Like I said, just because I like ballet doesn't mean I",not_harmful,not_harmful
731,"Speaker1: That's your choice. But I'm not going to let you bring me down.
Speaker2: Oh, we'll see about that. We'll make sure everyone knows what a freak you are.
Speaker8: That's not going to happen. We'll make sure everyone knows how talented and brave VCTM is.
Speaker7: Yeah, but what about the guys who are actually good at sports? Don't they deserve more recognition?
Speaker1: Like I said, just because I like ballet doesn't mean I'm not good at other things. And just because you like sports ",not_harmful,not_harmful
732,"Speaker2: Oh, we'll see about that. We'll make sure everyone knows what a freak you are.
Speaker8: That's not going to happen. We'll make sure everyone knows how talented and brave VCTM is.
Speaker7: Yeah, but what about the guys who are actually good at sports? Don't they deserve more recognition?
Speaker1: Like I said, just because I like ballet doesn't mean I'm not good at other things. And just because you like sports doesn't mean you're better than me.
Speaker4: Oh, so now you're saying you",harmful,harmful
733,"Speaker8: That's not going to happen. We'll make sure everyone knows how talented and brave VCTM is.
Speaker7: Yeah, but what about the guys who are actually good at sports? Don't they deserve more recognition?
Speaker1: Like I said, just because I like ballet doesn't mean I'm not good at other things. And just because you like sports doesn't mean you're better than me.
Speaker4: Oh, so now you're saying you're better than us? You're just a pathetic little ballet boy who thinks he's above everyo",not_harmful,not_harmful
734,"Speaker7: Yeah, but what about the guys who are actually good at sports? Don't they deserve more recognition?
Speaker1: Like I said, just because I like ballet doesn't mean I'm not good at other things. And just because you like sports doesn't mean you're better than me.
Speaker4: Oh, so now you're saying you're better than us? You're just a pathetic little ballet boy who thinks he's above everyone else.
Speaker9: That's not what he said. He's just saying that everyone has their own strengths an",harmful,harmful
735,Speaker1: I'm so sick of everyone being so fake. They think they're so cool just because they smoke.,not_harmful,not_harmful
736,"Speaker1: I'm so sick of everyone being so fake. They think they're so cool just because they smoke.
Speaker2: oh look who's talking, Mr. Goody Two-Shoes. You think you're better than everyone just because you're a teacher's pet?",not_harmful,harmful
737,"Speaker1: I'm so sick of everyone being so fake. They think they're so cool just because they smoke.
Speaker2: oh look who's talking, Mr. Goody Two-Shoes. You think you're better than everyone just because you're a teacher's pet?
Speaker3: hey, leave him alone. He's just trying to do the right thing.",not_harmful,not_harmful
738,"Speaker1: I'm so sick of everyone being so fake. They think they're so cool just because they smoke.
Speaker2: oh look who's talking, Mr. Goody Two-Shoes. You think you're better than everyone just because you're a teacher's pet?
Speaker3: hey, leave him alone. He's just trying to do the right thing.
Speaker4: yeah, the right thing? Like snitching on your classmates? That's not cool, dude.",not_harmful,not_harmful
739,"Speaker1: I'm so sick of everyone being so fake. They think they're so cool just because they smoke.
Speaker2: oh look who's talking, Mr. Goody Two-Shoes. You think you're better than everyone just because you're a teacher's pet?
Speaker3: hey, leave him alone. He's just trying to do the right thing.
Speaker4: yeah, the right thing? Like snitching on your classmates? That's not cool, dude.
Speaker1: I didn't want to see them get in trouble, but they were breaking the rules. Someone had to do som",not_harmful,not_harmful
740,"Speaker1: I'm so sick of everyone being so fake. They think they're so cool just because they smoke.
Speaker2: oh look who's talking, Mr. Goody Two-Shoes. You think you're better than everyone just because you're a teacher's pet?
Speaker3: hey, leave him alone. He's just trying to do the right thing.
Speaker4: yeah, the right thing? Like snitching on your classmates? That's not cool, dude.
Speaker1: I didn't want to see them get in trouble, but they were breaking the rules. Someone had to do som",not_harmful,not_harmful
741,"Speaker1: I'm so sick of everyone being so fake. They think they're so cool just because they smoke.
Speaker2: oh look who's talking, Mr. Goody Two-Shoes. You think you're better than everyone just because you're a teacher's pet?
Speaker3: hey, leave him alone. He's just trying to do the right thing.
Speaker4: yeah, the right thing? Like snitching on your classmates? That's not cool, dude.
Speaker1: I didn't want to see them get in trouble, but they were breaking the rules. Someone had to do som",not_harmful,not_harmful
742,"Speaker1: I'm so sick of everyone being so fake. They think they're so cool just because they smoke.
Speaker2: oh look who's talking, Mr. Goody Two-Shoes. You think you're better than everyone just because you're a teacher's pet?
Speaker3: hey, leave him alone. He's just trying to do the right thing.
Speaker4: yeah, the right thing? Like snitching on your classmates? That's not cool, dude.
Speaker1: I didn't want to see them get in trouble, but they were breaking the rules. Someone had to do som",not_harmful,harmful
743,"Speaker1: I'm so sick of everyone being so fake. They think they're so cool just because they smoke.
Speaker2: oh look who's talking, Mr. Goody Two-Shoes. You think you're better than everyone just because you're a teacher's pet?
Speaker3: hey, leave him alone. He's just trying to do the right thing.
Speaker4: yeah, the right thing? Like snitching on your classmates? That's not cool, dude.
Speaker1: I didn't want to see them get in trouble, but they were breaking the rules. Someone had to do som",not_harmful,not_harmful
744,"Speaker2: oh look who's talking, Mr. Goody Two-Shoes. You think you're better than everyone just because you're a teacher's pet?
Speaker3: hey, leave him alone. He's just trying to do the right thing.
Speaker4: yeah, the right thing? Like snitching on your classmates? That's not cool, dude.
Speaker1: I didn't want to see them get in trouble, but they were breaking the rules. Someone had to do something.
Speaker5: yeah, but you didn't have to go and tell the teacher. That's just being a rat.
Spea",harmful,harmful
745,"Speaker3: hey, leave him alone. He's just trying to do the right thing.
Speaker4: yeah, the right thing? Like snitching on your classmates? That's not cool, dude.
Speaker1: I didn't want to see them get in trouble, but they were breaking the rules. Someone had to do something.
Speaker5: yeah, but you didn't have to go and tell the teacher. That's just being a rat.
Speaker6: I don't think it's fair to call him a rat. He was just trying to protect the school.
Speaker2: protect the school? You thin",not_harmful,not_harmful
746,"Speaker4: yeah, the right thing? Like snitching on your classmates? That's not cool, dude.
Speaker1: I didn't want to see them get in trouble, but they were breaking the rules. Someone had to do something.
Speaker5: yeah, but you didn't have to go and tell the teacher. That's just being a rat.
Speaker6: I don't think it's fair to call him a rat. He was just trying to protect the school.
Speaker2: protect the school? You think the school needs protection from a few cigarettes? Please.
Speaker1: i",not_harmful,harmful
747,"Speaker1: I didn't want to see them get in trouble, but they were breaking the rules. Someone had to do something.
Speaker5: yeah, but you didn't have to go and tell the teacher. That's just being a rat.
Speaker6: I don't think it's fair to call him a rat. He was just trying to protect the school.
Speaker2: protect the school? You think the school needs protection from a few cigarettes? Please.
Speaker1: it's not just about the cigarettes. It's about the principle of following the rules.
Speaker",not_harmful,not_harmful
748,"Speaker5: yeah, but you didn't have to go and tell the teacher. That's just being a rat.
Speaker6: I don't think it's fair to call him a rat. He was just trying to protect the school.
Speaker2: protect the school? You think the school needs protection from a few cigarettes? Please.
Speaker1: it's not just about the cigarettes. It's about the principle of following the rules.
Speaker7: yeah, and it's about being a tattletale. You think you're so much better than everyone else just because you're ",not_harmful,not_harmful
749,"Speaker6: I don't think it's fair to call him a rat. He was just trying to protect the school.
Speaker2: protect the school? You think the school needs protection from a few cigarettes? Please.
Speaker1: it's not just about the cigarettes. It's about the principle of following the rules.
Speaker7: yeah, and it's about being a tattletale. You think you're so much better than everyone else just because you're a goody-goody?
Speaker8: that's not fair. He's just trying to do what's right. You guys a",not_harmful,not_harmful
750,"Speaker2: protect the school? You think the school needs protection from a few cigarettes? Please.
Speaker1: it's not just about the cigarettes. It's about the principle of following the rules.
Speaker7: yeah, and it's about being a tattletale. You think you're so much better than everyone else just because you're a goody-goody?
Speaker8: that's not fair. He's just trying to do what's right. You guys are just mad because you got caught.
Speaker4: we're not mad because we got caught, we're mad be",not_harmful,not_harmful
751,"Speaker1: it's not just about the cigarettes. It's about the principle of following the rules.
Speaker7: yeah, and it's about being a tattletale. You think you're so much better than everyone else just because you're a goody-goody?
Speaker8: that's not fair. He's just trying to do what's right. You guys are just mad because you got caught.
Speaker4: we're not mad because we got caught, we're mad because he's a snitch.
Speaker1: I'm not a snitch. I'm just trying to make the school a better place.",not_harmful,not_harmful
752,"Speaker7: yeah, and it's about being a tattletale. You think you're so much better than everyone else just because you're a goody-goody?
Speaker8: that's not fair. He's just trying to do what's right. You guys are just mad because you got caught.
Speaker4: we're not mad because we got caught, we're mad because he's a snitch.
Speaker1: I'm not a snitch. I'm just trying to make the school a better place.
Speaker9: yeah, by getting everyone in trouble? That's not making the school a better place.
S",not_harmful,harmful
753,"Speaker8: that's not fair. He's just trying to do what's right. You guys are just mad because you got caught.
Speaker4: we're not mad because we got caught, we're mad because he's a snitch.
Speaker1: I'm not a snitch. I'm just trying to make the school a better place.
Speaker9: yeah, by getting everyone in trouble? That's not making the school a better place.
Speaker10: I think he's trying to make a point. If everyone follows the rules, the school will be a better place.
Speaker2: yeah, and if e",not_harmful,not_harmful
754,"Speaker4: we're not mad because we got caught, we're mad because he's a snitch.
Speaker1: I'm not a snitch. I'm just trying to make the school a better place.
Speaker9: yeah, by getting everyone in trouble? That's not making the school a better place.
Speaker10: I think he's trying to make a point. If everyone follows the rules, the school will be a better place.
Speaker2: yeah, and if everyone follows the rules, it'll be a boring place. Where's the fun in that?
Speaker1: I don't think it's abou",not_harmful,not_harmful
755,"Speaker1: I'm not a snitch. I'm just trying to make the school a better place.
Speaker9: yeah, by getting everyone in trouble? That's not making the school a better place.
Speaker10: I think he's trying to make a point. If everyone follows the rules, the school will be a better place.
Speaker2: yeah, and if everyone follows the rules, it'll be a boring place. Where's the fun in that?
Speaker1: I don't think it's about having fun. It's about being responsible.
Speaker11: responsible? You think yo",not_harmful,not_harmful
756,"Speaker9: yeah, by getting everyone in trouble? That's not making the school a better place.
Speaker10: I think he's trying to make a point. If everyone follows the rules, the school will be a better place.
Speaker2: yeah, and if everyone follows the rules, it'll be a boring place. Where's the fun in that?
Speaker1: I don't think it's about having fun. It's about being responsible.
Speaker11: responsible? You think you're responsible? You're just a suck-up.
Speaker3: that's not fair. He's trying",harmful,harmful
757,"Speaker10: I think he's trying to make a point. If everyone follows the rules, the school will be a better place.
Speaker2: yeah, and if everyone follows the rules, it'll be a boring place. Where's the fun in that?
Speaker1: I don't think it's about having fun. It's about being responsible.
Speaker11: responsible? You think you're responsible? You're just a suck-up.
Speaker3: that's not fair. He's trying to do the right thing.
Speaker4: yeah, the right thing? Like getting everyone suspended? Tha",not_harmful,not_harmful
758,"Speaker2: yeah, and if everyone follows the rules, it'll be a boring place. Where's the fun in that?
Speaker1: I don't think it's about having fun. It's about being responsible.
Speaker11: responsible? You think you're responsible? You're just a suck-up.
Speaker3: that's not fair. He's trying to do the right thing.
Speaker4: yeah, the right thing? Like getting everyone suspended? That's not cool.
Speaker1: I didn't want to get anyone suspended. I just wanted to follow the rules.
Speaker5: yeah, ",not_harmful,not_harmful
759,"Speaker1: I don't think it's about having fun. It's about being responsible.
Speaker11: responsible? You think you're responsible? You're just a suck-up.
Speaker3: that's not fair. He's trying to do the right thing.
Speaker4: yeah, the right thing? Like getting everyone suspended? That's not cool.
Speaker1: I didn't want to get anyone suspended. I just wanted to follow the rules.
Speaker5: yeah, and you wanted to get attention from the teacher. You're just a teacher's pet.
Speaker6: that's not t",not_harmful,not_harmful
760,"Speaker11: responsible? You think you're responsible? You're just a suck-up.
Speaker3: that's not fair. He's trying to do the right thing.
Speaker4: yeah, the right thing? Like getting everyone suspended? That's not cool.
Speaker1: I didn't want to get anyone suspended. I just wanted to follow the rules.
Speaker5: yeah, and you wanted to get attention from the teacher. You're just a teacher's pet.
Speaker6: that's not true. He's just trying to do what's right.
Speaker2: yeah, and what's right is",not_harmful,not_harmful
761,"Speaker3: that's not fair. He's trying to do the right thing.
Speaker4: yeah, the right thing? Like getting everyone suspended? That's not cool.
Speaker1: I didn't want to get anyone suspended. I just wanted to follow the rules.
Speaker5: yeah, and you wanted to get attention from the teacher. You're just a teacher's pet.
Speaker6: that's not true. He's just trying to do what's right.
Speaker2: yeah, and what's right is to mind your own business. Not everyone's business is your business.
Speaker",not_harmful,not_harmful
762,"Speaker4: yeah, the right thing? Like getting everyone suspended? That's not cool.
Speaker1: I didn't want to get anyone suspended. I just wanted to follow the rules.
Speaker5: yeah, and you wanted to get attention from the teacher. You're just a teacher's pet.
Speaker6: that's not true. He's just trying to do what's right.
Speaker2: yeah, and what's right is to mind your own business. Not everyone's business is your business.
Speaker1: I think it's everyone's business when someone is breaking t",not_harmful,not_harmful
763,"Speaker1: I didn't want to get anyone suspended. I just wanted to follow the rules.
Speaker5: yeah, and you wanted to get attention from the teacher. You're just a teacher's pet.
Speaker6: that's not true. He's just trying to do what's right.
Speaker2: yeah, and what's right is to mind your own business. Not everyone's business is your business.
Speaker1: I think it's everyone's business when someone is breaking the rules.
Speaker7: yeah, and it's everyone's business when someone is a snitch.
Sp",not_harmful,not_harmful
764,"Speaker5: yeah, and you wanted to get attention from the teacher. You're just a teacher's pet.
Speaker6: that's not true. He's just trying to do what's right.
Speaker2: yeah, and what's right is to mind your own business. Not everyone's business is your business.
Speaker1: I think it's everyone's business when someone is breaking the rules.
Speaker7: yeah, and it's everyone's business when someone is a snitch.
Speaker8: I don't think it's fair to call him a snitch. He was just trying to protect ",harmful,harmful
765,"Speaker6: that's not true. He's just trying to do what's right.
Speaker2: yeah, and what's right is to mind your own business. Not everyone's business is your business.
Speaker1: I think it's everyone's business when someone is breaking the rules.
Speaker7: yeah, and it's everyone's business when someone is a snitch.
Speaker8: I don't think it's fair to call him a snitch. He was just trying to protect the school.
Speaker4: protect the school? You think the school needs protection from a few ciga",not_harmful,not_harmful
766,"Speaker2: yeah, and what's right is to mind your own business. Not everyone's business is your business.
Speaker1: I think it's everyone's business when someone is breaking the rules.
Speaker7: yeah, and it's everyone's business when someone is a snitch.
Speaker8: I don't think it's fair to call him a snitch. He was just trying to protect the school.
Speaker4: protect the school? You think the school needs protection from a few cigarettes? Please.
Speaker1: it's not just about the cigarettes. It",not_harmful,harmful
767,"Speaker1: I think it's everyone's business when someone is breaking the rules.
Speaker7: yeah, and it's everyone's business when someone is a snitch.
Speaker8: I don't think it's fair to call him a snitch. He was just trying to protect the school.
Speaker4: protect the school? You think the school needs protection from a few cigarettes? Please.
Speaker1: it's not just about the cigarettes. It's about the principle of following the rules.
Speaker9: yeah, and it's about being a tattletale. You thi",not_harmful,not_harmful
768,"Speaker7: yeah, and it's everyone's business when someone is a snitch.
Speaker8: I don't think it's fair to call him a snitch. He was just trying to protect the school.
Speaker4: protect the school? You think the school needs protection from a few cigarettes? Please.
Speaker1: it's not just about the cigarettes. It's about the principle of following the rules.
Speaker9: yeah, and it's about being a tattletale. You think you're so much better than everyone else just because you're a goody-goody?
",not_harmful,not_harmful
769,"Speaker8: I don't think it's fair to call him a snitch. He was just trying to protect the school.
Speaker4: protect the school? You think the school needs protection from a few cigarettes? Please.
Speaker1: it's not just about the cigarettes. It's about the principle of following the rules.
Speaker9: yeah, and it's about being a tattletale. You think you're so much better than everyone else just because you're a goody-goody?
Speaker10: that's not fair. He's just trying to do what's right. You gu",not_harmful,not_harmful
770,"Speaker4: protect the school? You think the school needs protection from a few cigarettes? Please.
Speaker1: it's not just about the cigarettes. It's about the principle of following the rules.
Speaker9: yeah, and it's about being a tattletale. You think you're so much better than everyone else just because you're a goody-goody?
Speaker10: that's not fair. He's just trying to do what's right. You guys are just mad because you got caught.
Speaker2: we're not mad because we got caught, we're mad b",not_harmful,not_harmful
771,"Speaker1: it's not just about the cigarettes. It's about the principle of following the rules.
Speaker9: yeah, and it's about being a tattletale. You think you're so much better than everyone else just because you're a goody-goody?
Speaker10: that's not fair. He's just trying to do what's right. You guys are just mad because you got caught.
Speaker2: we're not mad because we got caught, we're mad because he's a snitch.
Speaker1: I'm not a snitch. I'm just trying to make the school a better place",not_harmful,not_harmful
772,"Speaker9: yeah, and it's about being a tattletale. You think you're so much better than everyone else just because you're a goody-goody?
Speaker10: that's not fair. He's just trying to do what's right. You guys are just mad because you got caught.
Speaker2: we're not mad because we got caught, we're mad because he's a snitch.
Speaker1: I'm not a snitch. I'm just trying to make the school a better place.
Speaker11: yeah, by getting everyone in trouble? That's not making the school a better place.",not_harmful,harmful
773,"Speaker10: that's not fair. He's just trying to do what's right. You guys are just mad because you got caught.
Speaker2: we're not mad because we got caught, we're mad because he's a snitch.
Speaker1: I'm not a snitch. I'm just trying to make the school a better place.
Speaker11: yeah, by getting everyone in trouble? That's not making the school a better place.
Speaker3: I think he's trying to make a point. If everyone follows the rules, the school will be a better place.
Speaker4: yeah, and if ",not_harmful,not_harmful
774,"Speaker2: we're not mad because we got caught, we're mad because he's a snitch.
Speaker1: I'm not a snitch. I'm just trying to make the school a better place.
Speaker11: yeah, by getting everyone in trouble? That's not making the school a better place.
Speaker3: I think he's trying to make a point. If everyone follows the rules, the school will be a better place.
Speaker4: yeah, and if everyone follows the rules, it'll be a boring place. Where's the fun in that?
Speaker1: I don't think it's abou",not_harmful,not_harmful
775,"Speaker1: I'm not a snitch. I'm just trying to make the school a better place.
Speaker11: yeah, by getting everyone in trouble? That's not making the school a better place.
Speaker3: I think he's trying to make a point. If everyone follows the rules, the school will be a better place.
Speaker4: yeah, and if everyone follows the rules, it'll be a boring place. Where's the fun in that?
Speaker1: I don't think it's about having fun. It's about being responsible.
Speaker5: responsible? You think you",not_harmful,not_harmful
776,"Speaker11: yeah, by getting everyone in trouble? That's not making the school a better place.
Speaker3: I think he's trying to make a point. If everyone follows the rules, the school will be a better place.
Speaker4: yeah, and if everyone follows the rules, it'll be a boring place. Where's the fun in that?
Speaker1: I don't think it's about having fun. It's about being responsible.
Speaker5: responsible? You think you're responsible? You're just a suck-up.
Speaker6: that's not fair. He's trying ",harmful,harmful
777,"Speaker3: I think he's trying to make a point. If everyone follows the rules, the school will be a better place.
Speaker4: yeah, and if everyone follows the rules, it'll be a boring place. Where's the fun in that?
Speaker1: I don't think it's about having fun. It's about being responsible.
Speaker5: responsible? You think you're responsible? You're just a suck-up.
Speaker6: that's not fair. He's trying to do the right thing.
Speaker2: yeah, the right thing? Like getting everyone suspended? That'",not_harmful,not_harmful
778,"Speaker4: yeah, and if everyone follows the rules, it'll be a boring place. Where's the fun in that?
Speaker1: I don't think it's about having fun. It's about being responsible.
Speaker5: responsible? You think you're responsible? You're just a suck-up.
Speaker6: that's not fair. He's trying to do the right thing.
Speaker2: yeah, the right thing? Like getting everyone suspended? That's not cool.
Speaker1: I didn't want to get anyone suspended. I just wanted to follow the rules.
Speaker7: yeah, a",not_harmful,not_harmful
779,"Speaker1: I don't think it's about having fun. It's about being responsible.
Speaker5: responsible? You think you're responsible? You're just a suck-up.
Speaker6: that's not fair. He's trying to do the right thing.
Speaker2: yeah, the right thing? Like getting everyone suspended? That's not cool.
Speaker1: I didn't want to get anyone suspended. I just wanted to follow the rules.
Speaker7: yeah, and you wanted to get attention from the teacher. You're just a teacher's pet.
Speaker8: that's not tr",not_harmful,not_harmful
780,"Speaker5: responsible? You think you're responsible? You're just a suck-up.
Speaker6: that's not fair. He's trying to do the right thing.
Speaker2: yeah, the right thing? Like getting everyone suspended? That's not cool.
Speaker1: I didn't want to get anyone suspended. I just wanted to follow the rules.
Speaker7: yeah, and you wanted to get attention from the teacher. You're just a teacher's pet.
Speaker8: that's not true. He's just trying to do what's right.
Speaker4: yeah, and what's right is ",not_harmful,not_harmful
781,"Speaker6: that's not fair. He's trying to do the right thing.
Speaker2: yeah, the right thing? Like getting everyone suspended? That's not cool.
Speaker1: I didn't want to get anyone suspended. I just wanted to follow the rules.
Speaker7: yeah, and you wanted to get attention from the teacher. You're just a teacher's pet.
Speaker8: that's not true. He's just trying to do what's right.
Speaker4: yeah, and what's right is to mind your own business. Not everyone's business is your business.
Speaker",not_harmful,not_harmful
782,"Speaker2: yeah, the right thing? Like getting everyone suspended? That's not cool.
Speaker1: I didn't want to get anyone suspended. I just wanted to follow the rules.
Speaker7: yeah, and you wanted to get attention from the teacher. You're just a teacher's pet.
Speaker8: that's not true. He's just trying to do what's right.
Speaker4: yeah, and what's right is to mind your own business. Not everyone's business is your business.
Speaker1: I think it's everyone's business when someone is breaking t",not_harmful,not_harmful
783,"Speaker1: I didn't want to get anyone suspended. I just wanted to follow the rules.
Speaker7: yeah, and you wanted to get attention from the teacher. You're just a teacher's pet.
Speaker8: that's not true. He's just trying to do what's right.
Speaker4: yeah, and what's right is to mind your own business. Not everyone's business is your business.
Speaker1: I think it's everyone's business when someone is breaking the rules.
Speaker9: yeah, and it's everyone's business when someone is a snitch.
Sp",not_harmful,not_harmful
784,"Speaker7: yeah, and you wanted to get attention from the teacher. You're just a teacher's pet.
Speaker8: that's not true. He's just trying to do what's right.
Speaker4: yeah, and what's right is to mind your own business. Not everyone's business is your business.
Speaker1: I think it's everyone's business when someone is breaking the rules.
Speaker9: yeah, and it's everyone's business when someone is a snitch.
Speaker10: I don't think it's fair to call him a snitch. He was just trying to protect",not_harmful,harmful
785,"Speaker8: that's not true. He's just trying to do what's right.
Speaker4: yeah, and what's right is to mind your own business. Not everyone's business is your business.
Speaker1: I think it's everyone's business when someone is breaking the rules.
Speaker9: yeah, and it's everyone's business when someone is a snitch.
Speaker10: I don't think it's fair to call him a snitch. He was just trying to protect the school.
Speaker2: protect the school? You think the school needs protection from a few cig",not_harmful,not_harmful
786,"Speaker4: yeah, and what's right is to mind your own business. Not everyone's business is your business.
Speaker1: I think it's everyone's business when someone is breaking the rules.
Speaker9: yeah, and it's everyone's business when someone is a snitch.
Speaker10: I don't think it's fair to call him a snitch. He was just trying to protect the school.
Speaker2: protect the school? You think the school needs protection from a few cigarettes? Please.
Speaker1: it's not just about the cigarettes. I",not_harmful,harmful
787,"Speaker1: I think it's everyone's business when someone is breaking the rules.
Speaker9: yeah, and it's everyone's business when someone is a snitch.
Speaker10: I don't think it's fair to call him a snitch. He was just trying to protect the school.
Speaker2: protect the school? You think the school needs protection from a few cigarettes? Please.
Speaker1: it's not just about the cigarettes. It's about the principle of following the rules.
Speaker11: yeah, and it's about being a tattletale. You t",not_harmful,not_harmful
788,"Speaker9: yeah, and it's everyone's business when someone is a snitch.
Speaker10: I don't think it's fair to call him a snitch. He was just trying to protect the school.
Speaker2: protect the school? You think the school needs protection from a few cigarettes? Please.
Speaker1: it's not just about the cigarettes. It's about the principle of following the rules.
Speaker11: yeah, and it's about being a tattletale. You think you're so much better than everyone else just because you're a goody-goody",not_harmful,not_harmful
789,"Speaker10: I don't think it's fair to call him a snitch. He was just trying to protect the school.
Speaker2: protect the school? You think the school needs protection from a few cigarettes? Please.
Speaker1: it's not just about the cigarettes. It's about the principle of following the rules.
Speaker11: yeah, and it's about being a tattletale. You think you're so much better than everyone else just because you're a goody-goody?
Speaker3: that's not fair. He's just trying to do what's right. You g",not_harmful,not_harmful
790,"Speaker2: protect the school? You think the school needs protection from a few cigarettes? Please.
Speaker1: it's not just about the cigarettes. It's about the principle of following the rules.
Speaker11: yeah, and it's about being a tattletale. You think you're so much better than everyone else just because you're a goody-goody?
Speaker3: that's not fair. He's just trying to do what's right. You guys are just mad because you got caught.
Speaker4: we're not mad because we got caught, we're mad b",not_harmful,not_harmful
791,"Speaker1: it's not just about the cigarettes. It's about the principle of following the rules.
Speaker11: yeah, and it's about being a tattletale. You think you're so much better than everyone else just because you're a goody-goody?
Speaker3: that's not fair. He's just trying to do what's right. You guys are just mad because you got caught.
Speaker4: we're not mad because we got caught, we're mad because he's a snitch.
Speaker1: I'm not a snitch. I'm just trying to make the school a better place",not_harmful,not_harmful
792,"Speaker11: yeah, and it's about being a tattletale. You think you're so much better than everyone else just because you're a goody-goody?
Speaker3: that's not fair. He's just trying to do what's right. You guys are just mad because you got caught.
Speaker4: we're not mad because we got caught, we're mad because he's a snitch.
Speaker1: I'm not a snitch. I'm just trying to make the school a better place.
Speaker5: yeah, by getting everyone in trouble? That's not making the school a better place.
",harmful,harmful
793,"Speaker3: that's not fair. He's just trying to do what's right. You guys are just mad because you got caught.
Speaker4: we're not mad because we got caught, we're mad because he's a snitch.
Speaker1: I'm not a snitch. I'm just trying to make the school a better place.
Speaker5: yeah, by getting everyone in trouble? That's not making the school a better place.
Speaker6: I think he's trying to make a point. If everyone follows the rules, the school will be a better place.
Speaker2: yeah, and if ev",not_harmful,not_harmful
794,"Speaker4: we're not mad because we got caught, we're mad because he's a snitch.
Speaker1: I'm not a snitch. I'm just trying to make the school a better place.
Speaker5: yeah, by getting everyone in trouble? That's not making the school a better place.
Speaker6: I think he's trying to make a point. If everyone follows the rules, the school will be a better place.
Speaker2: yeah, and if everyone follows the rules, it'll be a boring place. Where's the fun in that?
Speaker1: I don't think it's about",not_harmful,not_harmful
795,"Speaker1: I'm not a snitch. I'm just trying to make the school a better place.
Speaker5: yeah, by getting everyone in trouble? That's not making the school a better place.
Speaker6: I think he's trying to make a point. If everyone follows the rules, the school will be a better place.
Speaker2: yeah, and if everyone follows the rules, it'll be a boring place. Where's the fun in that?
Speaker1: I don't think it's about having fun. It's about being responsible.
Speaker7: responsible? You think you'",not_harmful,not_harmful
796,"Speaker5: yeah, by getting everyone in trouble? That's not making the school a better place.
Speaker6: I think he's trying to make a point. If everyone follows the rules, the school will be a better place.
Speaker2: yeah, and if everyone follows the rules, it'll be a boring place. Where's the fun in that?
Speaker1: I don't think it's about having fun. It's about being responsible.
Speaker7: responsible? You think you're responsible? You're just a suck-up.
Speaker8: that's not fair. He's trying t",harmful,harmful
797,"Speaker6: I think he's trying to make a point. If everyone follows the rules, the school will be a better place.
Speaker2: yeah, and if everyone follows the rules, it'll be a boring place. Where's the fun in that?
Speaker1: I don't think it's about having fun. It's about being responsible.
Speaker7: responsible? You think you're responsible? You're just a suck-up.
Speaker8: that's not fair. He's trying to do the right thing.
Speaker4: yeah, the right thing? Like getting everyone suspended? That'",not_harmful,not_harmful
798,"Speaker2: yeah, and if everyone follows the rules, it'll be a boring place. Where's the fun in that?
Speaker1: I don't think it's about having fun. It's about being responsible.
Speaker7: responsible? You think you're responsible? You're just a suck-up.
Speaker8: that's not fair. He's trying to do the right thing.
Speaker4: yeah, the right thing? Like getting everyone suspended? That's not cool.
Speaker1: I didn't want to get anyone suspended. I just wanted to follow the rules.
Speaker9: yeah, a",not_harmful,not_harmful
799,"Speaker1: I don't think it's about having fun. It's about being responsible.
Speaker7: responsible? You think you're responsible? You're just a suck-up.
Speaker8: that's not fair. He's trying to do the right thing.
Speaker4: yeah, the right thing? Like getting everyone suspended? That's not cool.
Speaker1: I didn't want to get anyone suspended. I just wanted to follow the rules.
Speaker9: yeah, and you wanted to get attention from the teacher. You're just a teacher's pet.
Speaker10: that's not t",not_harmful,not_harmful
800,"Speaker7: responsible? You think you're responsible? You're just a suck-up.
Speaker8: that's not fair. He's trying to do the right thing.
Speaker4: yeah, the right thing? Like getting everyone suspended? That's not cool.
Speaker1: I didn't want to get anyone suspended. I just wanted to follow the rules.
Speaker9: yeah, and you wanted to get attention from the teacher. You're just a teacher's pet.
Speaker10: that's not true. He's just trying to do what's right.
Speaker2: yeah, and what's right is",not_harmful,not_harmful
801,"Speaker8: that's not fair. He's trying to do the right thing.
Speaker4: yeah, the right thing? Like getting everyone suspended? That's not cool.
Speaker1: I didn't want to get anyone suspended. I just wanted to follow the rules.
Speaker9: yeah, and you wanted to get attention from the teacher. You're just a teacher's pet.
Speaker10: that's not true. He's just trying to do what's right.
Speaker2: yeah, and what's right is to mind your own business. Not everyone's business is your business.
Speake",not_harmful,not_harmful
802,"Speaker4: yeah, the right thing? Like getting everyone suspended? That's not cool.
Speaker1: I didn't want to get anyone suspended. I just wanted to follow the rules.
Speaker9: yeah, and you wanted to get attention from the teacher. You're just a teacher's pet.
Speaker10: that's not true. He's just trying to do what's right.
Speaker2: yeah, and what's right is to mind your own business. Not everyone's business is your business.
Speaker1: I think it's everyone's business when someone is breaking ",not_harmful,not_harmful
803,"Speaker1: I didn't want to get anyone suspended. I just wanted to follow the rules.
Speaker9: yeah, and you wanted to get attention from the teacher. You're just a teacher's pet.
Speaker10: that's not true. He's just trying to do what's right.
Speaker2: yeah, and what's right is to mind your own business. Not everyone's business is your business.
Speaker1: I think it's everyone's business when someone is breaking the rules.
Speaker11: yeah, and it's everyone's business when someone is a snitch.
",not_harmful,not_harmful
804,"Speaker9: yeah, and you wanted to get attention from the teacher. You're just a teacher's pet.
Speaker10: that's not true. He's just trying to do what's right.
Speaker2: yeah, and what's right is to mind your own business. Not everyone's business is your business.
Speaker1: I think it's everyone's business when someone is breaking the rules.
Speaker11: yeah, and it's everyone's business when someone is a snitch.
Speaker3: I don't think it's fair to call him a snitch. He was just trying to protec",not_harmful,harmful
805,"Speaker10: that's not true. He's just trying to do what's right.
Speaker2: yeah, and what's right is to mind your own business. Not everyone's business is your business.
Speaker1: I think it's everyone's business when someone is breaking the rules.
Speaker11: yeah, and it's everyone's business when someone is a snitch.
Speaker3: I don't think it's fair to call him a snitch. He was just trying to protect the school.
Speaker4: protect the school? You think the school needs protection from a few ci",not_harmful,not_harmful
806,"Speaker2: yeah, and what's right is to mind your own business. Not everyone's business is your business.
Speaker1: I think it's everyone's business when someone is breaking the rules.
Speaker11: yeah, and it's everyone's business when someone is a snitch.
Speaker3: I don't think it's fair to call him a snitch. He was just trying to protect the school.
Speaker4: protect the school? You think the school needs protection from a few cigarettes? Please.
Speaker1: it's not just about the cigarettes. I",not_harmful,harmful
807,"Speaker1: I think it's everyone's business when someone is breaking the rules.
Speaker11: yeah, and it's everyone's business when someone is a snitch.
Speaker3: I don't think it's fair to call him a snitch. He was just trying to protect the school.
Speaker4: protect the school? You think the school needs protection from a few cigarettes? Please.
Speaker1: it's not just about the cigarettes. It's about the principle of following the rules.
Speaker5: yeah, and it's about being a tattletale. You th",not_harmful,not_harmful
808,"Speaker11: yeah, and it's everyone's business when someone is a snitch.
Speaker3: I don't think it's fair to call him a snitch. He was just trying to protect the school.
Speaker4: protect the school? You think the school needs protection from a few cigarettes? Please.
Speaker1: it's not just about the cigarettes. It's about the principle of following the rules.
Speaker5: yeah, and it's about being a tattletale. You think you're so much better than everyone else just because you're a goody-goody?",not_harmful,not_harmful
809,"Speaker3: I don't think it's fair to call him a snitch. He was just trying to protect the school.
Speaker4: protect the school? You think the school needs protection from a few cigarettes? Please.
Speaker1: it's not just about the cigarettes. It's about the principle of following the rules.
Speaker5: yeah, and it's about being a tattletale. You think you're so much better than everyone else just because you're a goody-goody?
Speaker6: that's not fair. He's just trying to do what's right. You guy",not_harmful,not_harmful
810,"Speaker4: protect the school? You think the school needs protection from a few cigarettes? Please.
Speaker1: it's not just about the cigarettes. It's about the principle of following the rules.
Speaker5: yeah, and it's about being a tattletale. You think you're so much better than everyone else just because you're a goody-goody?
Speaker6: that's not fair. He's just trying to do what's right. You guys are just mad because you got caught.
Speaker2: we're not mad because we got caught, we're mad be",not_harmful,not_harmful
811,"Speaker1: it's not just about the cigarettes. It's about the principle of following the rules.
Speaker5: yeah, and it's about being a tattletale. You think you're so much better than everyone else just because you're a goody-goody?
Speaker6: that's not fair. He's just trying to do what's right. You guys are just mad because you got caught.
Speaker2: we're not mad because we got caught, we're mad because he's a snitch.
Speaker1: I'm not a snitch. I'm just trying to make the school a better place.",not_harmful,not_harmful
812,"Speaker1: Fuck off VCTM, no one wants to do homework",harmful,harmful
813,"Speaker1: Fuck off VCTM, no one wants to do homework
Speaker2: In fact, shut up and do not study all the time , good BULLY2, there you go",harmful,harmful
814,"Speaker1: Fuck off VCTM, no one wants to do homework
Speaker2: In fact, shut up and do not study all the time , good BULLY2, there you go
Speaker3: I almost would come to you and I would make you do all our extra homework. Die.",harmful,harmful
815,"Speaker1: Fuck off VCTM, no one wants to do homework
Speaker2: In fact, shut up and do not study all the time , good BULLY2, there you go
Speaker3: I almost would come to you and I would make you do all our extra homework. Die.
Speaker2: Here's shitty nerd.",harmful,harmful
816,"Speaker1: Fuck off VCTM, no one wants to do homework
Speaker2: In fact, shut up and do not study all the time , good BULLY2, there you go
Speaker3: I almost would come to you and I would make you do all our extra homework. Die.
Speaker2: Here's shitty nerd.
Speaker4: Everyone has to do their homework, because that is how they can learn something.",not_harmful,not_harmful
817,"Speaker1: Fuck off VCTM, no one wants to do homework
Speaker2: In fact, shut up and do not study all the time , good BULLY2, there you go
Speaker3: I almost would come to you and I would make you do all our extra homework. Die.
Speaker2: Here's shitty nerd.
Speaker4: Everyone has to do their homework, because that is how they can learn something.
Speaker1: F**k your mother too, if she's on my ass!",harmful,harmful
818,"Speaker1: Fuck off VCTM, no one wants to do homework
Speaker2: In fact, shut up and do not study all the time , good BULLY2, there you go
Speaker3: I almost would come to you and I would make you do all our extra homework. Die.
Speaker2: Here's shitty nerd.
Speaker4: Everyone has to do their homework, because that is how they can learn something.
Speaker1: F**k your mother too, if she's on my ass!
Speaker3: It is all your fault now, I never have free time just because I have to do this f***ing h",harmful,harmful
819,"Speaker1: Fuck off VCTM, no one wants to do homework
Speaker2: In fact, shut up and do not study all the time , good BULLY2, there you go
Speaker3: I almost would come to you and I would make you do all our extra homework. Die.
Speaker2: Here's shitty nerd.
Speaker4: Everyone has to do their homework, because that is how they can learn something.
Speaker1: F**k your mother too, if she's on my ass!
Speaker3: It is all your fault now, I never have free time just because I have to do this f***ing h",harmful,harmful
820,"Speaker1: Fuck off VCTM, no one wants to do homework
Speaker2: In fact, shut up and do not study all the time , good BULLY2, there you go
Speaker3: I almost would come to you and I would make you do all our extra homework. Die.
Speaker2: Here's shitty nerd.
Speaker4: Everyone has to do their homework, because that is how they can learn something.
Speaker1: F**k your mother too, if she's on my ass!
Speaker3: It is all your fault now, I never have free time just because I have to do this f***ing h",harmful,not_harmful
821,"Speaker2: In fact, shut up and do not study all the time , good BULLY2, there you go
Speaker3: I almost would come to you and I would make you do all our extra homework. Die.
Speaker2: Here's shitty nerd.
Speaker4: Everyone has to do their homework, because that is how they can learn something.
Speaker1: F**k your mother too, if she's on my ass!
Speaker3: It is all your fault now, I never have free time just because I have to do this f***ing homework that we do because of you
Speaker2: yeah but ",harmful,harmful
822,"Speaker3: I almost would come to you and I would make you do all our extra homework. Die.
Speaker2: Here's shitty nerd.
Speaker4: Everyone has to do their homework, because that is how they can learn something.
Speaker1: F**k your mother too, if she's on my ass!
Speaker3: It is all your fault now, I never have free time just because I have to do this f***ing homework that we do because of you
Speaker2: yeah but you can't stay home all day and study, you must be so stupid
Speaker3: She could not ",not_harmful,harmful
823,"Speaker2: Here's shitty nerd.
Speaker4: Everyone has to do their homework, because that is how they can learn something.
Speaker1: F**k your mother too, if she's on my ass!
Speaker3: It is all your fault now, I never have free time just because I have to do this f***ing homework that we do because of you
Speaker2: yeah but you can't stay home all day and study, you must be so stupid
Speaker3: She could not stay silent then
Speaker1: We'll shove your homework books up your...
Speaker4: Then don't",harmful,harmful
824,"Speaker4: Everyone has to do their homework, because that is how they can learn something.
Speaker1: F**k your mother too, if she's on my ass!
Speaker3: It is all your fault now, I never have free time just because I have to do this f***ing homework that we do because of you
Speaker2: yeah but you can't stay home all day and study, you must be so stupid
Speaker3: She could not stay silent then
Speaker1: We'll shove your homework books up your...
Speaker4: Then don't bother VCTM because it is cle",harmful,harmful
825,"Speaker1: F**k your mother too, if she's on my ass!
Speaker3: It is all your fault now, I never have free time just because I have to do this f***ing homework that we do because of you
Speaker2: yeah but you can't stay home all day and study, you must be so stupid
Speaker3: She could not stay silent then
Speaker1: We'll shove your homework books up your...
Speaker4: Then don't bother VCTM because it is clear that he studies and you don't
Speaker1: What the hell do we care if he studies and we do",harmful,harmful
826,"Speaker3: It is all your fault now, I never have free time just because I have to do this f***ing homework that we do because of you
Speaker2: yeah but you can't stay home all day and study, you must be so stupid
Speaker3: She could not stay silent then
Speaker1: We'll shove your homework books up your...
Speaker4: Then don't bother VCTM because it is clear that he studies and you don't
Speaker1: What the hell do we care if he studies and we don't, bitch?
Speaker2: Shut up, you and your boyfrien",not_harmful,not_harmful
827,"Speaker2: yeah but you can't stay home all day and study, you must be so stupid
Speaker3: She could not stay silent then
Speaker1: We'll shove your homework books up your...
Speaker4: Then don't bother VCTM because it is clear that he studies and you don't
Speaker1: What the hell do we care if he studies and we don't, bitch?
Speaker2: Shut up, you and your boyfriend who studies
Speaker1: VCTM asshole
Speaker2: Hahahah you are right
Speaker5: But it's not my fault!",not_harmful,not_harmful
828,"Speaker3: She could not stay silent then
Speaker1: We'll shove your homework books up your...
Speaker4: Then don't bother VCTM because it is clear that he studies and you don't
Speaker1: What the hell do we care if he studies and we don't, bitch?
Speaker2: Shut up, you and your boyfriend who studies
Speaker1: VCTM asshole
Speaker2: Hahahah you are right
Speaker5: But it's not my fault!
Speaker5: Why are you targeting me?",not_harmful,not_harmful
829,"Speaker1: We'll shove your homework books up your...
Speaker4: Then don't bother VCTM because it is clear that he studies and you don't
Speaker1: What the hell do we care if he studies and we don't, bitch?
Speaker2: Shut up, you and your boyfriend who studies
Speaker1: VCTM asshole
Speaker2: Hahahah you are right
Speaker5: But it's not my fault!
Speaker5: Why are you targeting me?
Speaker1: No it's whose",not_harmful,not_harmful
830,"Speaker4: Then don't bother VCTM because it is clear that he studies and you don't
Speaker1: What the hell do we care if he studies and we don't, bitch?
Speaker2: Shut up, you and your boyfriend who studies
Speaker1: VCTM asshole
Speaker2: Hahahah you are right
Speaker5: But it's not my fault!
Speaker5: Why are you targeting me?
Speaker1: No it's whose
Speaker5: it was my mother",not_harmful,not_harmful
831,"Speaker1: What the hell do we care if he studies and we don't, bitch?
Speaker2: Shut up, you and your boyfriend who studies
Speaker1: VCTM asshole
Speaker2: Hahahah you are right
Speaker5: But it's not my fault!
Speaker5: Why are you targeting me?
Speaker1: No it's whose
Speaker5: it was my mother
Speaker4: First thing he is not my boyfriend",not_harmful,not_harmful
832,"Speaker2: Shut up, you and your boyfriend who studies
Speaker1: VCTM asshole
Speaker2: Hahahah you are right
Speaker5: But it's not my fault!
Speaker5: Why are you targeting me?
Speaker1: No it's whose
Speaker5: it was my mother
Speaker4: First thing he is not my boyfriend
Speaker5: but I have not done anything",not_harmful,not_harmful
833,"Speaker1: VCTM asshole
Speaker2: Hahahah you are right
Speaker5: But it's not my fault!
Speaker5: Why are you targeting me?
Speaker1: No it's whose
Speaker5: it was my mother
Speaker4: First thing he is not my boyfriend
Speaker5: but I have not done anything
Speaker1: Your mother sucks as much as you do",harmful,harmful
834,"Speaker2: Hahahah you are right
Speaker5: But it's not my fault!
Speaker5: Why are you targeting me?
Speaker1: No it's whose
Speaker5: it was my mother
Speaker4: First thing he is not my boyfriend
Speaker5: but I have not done anything
Speaker1: Your mother sucks as much as you do
Speaker5: do not offend my mother",not_harmful,not_harmful
835,"Speaker5: But it's not my fault!
Speaker5: Why are you targeting me?
Speaker1: No it's whose
Speaker5: it was my mother
Speaker4: First thing he is not my boyfriend
Speaker5: but I have not done anything
Speaker1: Your mother sucks as much as you do
Speaker5: do not offend my mother
Speaker2: Hahaha still kissing with mom, let's call the ambulance",not_harmful,not_harmful
836,"Speaker5: Why are you targeting me?
Speaker1: No it's whose
Speaker5: it was my mother
Speaker4: First thing he is not my boyfriend
Speaker5: but I have not done anything
Speaker1: Your mother sucks as much as you do
Speaker5: do not offend my mother
Speaker2: Hahaha still kissing with mom, let's call the ambulance
Speaker1: You're always studying, but live a f***ing life.",harmful,harmful
837,"Speaker1: No it's whose
Speaker5: it was my mother
Speaker4: First thing he is not my boyfriend
Speaker5: but I have not done anything
Speaker1: Your mother sucks as much as you do
Speaker5: do not offend my mother
Speaker2: Hahaha still kissing with mom, let's call the ambulance
Speaker1: You're always studying, but live a f***ing life.
Speaker4: Do you understand that it's not his fault, it's his mother's fault.",not_harmful,not_harmful
838,"Speaker5: it was my mother
Speaker4: First thing he is not my boyfriend
Speaker5: but I have not done anything
Speaker1: Your mother sucks as much as you do
Speaker5: do not offend my mother
Speaker2: Hahaha still kissing with mom, let's call the ambulance
Speaker1: You're always studying, but live a f***ing life.
Speaker4: Do you understand that it's not his fault, it's his mother's fault.
Speaker5: What do you want",not_harmful,not_harmful
839,"Speaker4: First thing he is not my boyfriend
Speaker5: but I have not done anything
Speaker1: Your mother sucks as much as you do
Speaker5: do not offend my mother
Speaker2: Hahaha still kissing with mom, let's call the ambulance
Speaker1: You're always studying, but live a f***ing life.
Speaker4: Do you understand that it's not his fault, it's his mother's fault.
Speaker5: What do you want
Speaker5: I like to study",not_harmful,not_harmful
840,"Speaker5: but I have not done anything
Speaker1: Your mother sucks as much as you do
Speaker5: do not offend my mother
Speaker2: Hahaha still kissing with mom, let's call the ambulance
Speaker1: You're always studying, but live a f***ing life.
Speaker4: Do you understand that it's not his fault, it's his mother's fault.
Speaker5: What do you want
Speaker5: I like to study
Speaker1: I offend whoever I want",not_harmful,not_harmful
841,"Speaker1: Your mother sucks as much as you do
Speaker5: do not offend my mother
Speaker2: Hahaha still kissing with mom, let's call the ambulance
Speaker1: You're always studying, but live a f***ing life.
Speaker4: Do you understand that it's not his fault, it's his mother's fault.
Speaker5: What do you want
Speaker5: I like to study
Speaker1: I offend whoever I want
Speaker1: Study, study. When you grow up you'll be cleaning toilets anyway.",harmful,harmful
842,"Speaker5: do not offend my mother
Speaker2: Hahaha still kissing with mom, let's call the ambulance
Speaker1: You're always studying, but live a f***ing life.
Speaker4: Do you understand that it's not his fault, it's his mother's fault.
Speaker5: What do you want
Speaker5: I like to study
Speaker1: I offend whoever I want
Speaker1: Study, study. When you grow up you'll be cleaning toilets anyway.
Speaker5: Maybe it's good for you to study a little.",not_harmful,not_harmful
843,"Speaker2: Hahaha still kissing with mom, let's call the ambulance
Speaker1: You're always studying, but live a f***ing life.
Speaker4: Do you understand that it's not his fault, it's his mother's fault.
Speaker5: What do you want
Speaker5: I like to study
Speaker1: I offend whoever I want
Speaker1: Study, study. When you grow up you'll be cleaning toilets anyway.
Speaker5: Maybe it's good for you to study a little.
Speaker5: since you don't seem to be very good at it",not_harmful,not_harmful
844,"Speaker1: You're always studying, but live a f***ing life.
Speaker4: Do you understand that it's not his fault, it's his mother's fault.
Speaker5: What do you want
Speaker5: I like to study
Speaker1: I offend whoever I want
Speaker1: Study, study. When you grow up you'll be cleaning toilets anyway.
Speaker5: Maybe it's good for you to study a little.
Speaker5: since you don't seem to be very good at it
Speaker5: It's not true.",not_harmful,not_harmful
845,"Speaker4: Do you understand that it's not his fault, it's his mother's fault.
Speaker5: What do you want
Speaker5: I like to study
Speaker1: I offend whoever I want
Speaker1: Study, study. When you grow up you'll be cleaning toilets anyway.
Speaker5: Maybe it's good for you to study a little.
Speaker5: since you don't seem to be very good at it
Speaker5: It's not true.
Speaker5: I'll tell the teacher that you offend me.",not_harmful,not_harmful
846,"Speaker5: What do you want
Speaker5: I like to study
Speaker1: I offend whoever I want
Speaker1: Study, study. When you grow up you'll be cleaning toilets anyway.
Speaker5: Maybe it's good for you to study a little.
Speaker5: since you don't seem to be very good at it
Speaker5: It's not true.
Speaker5: I'll tell the teacher that you offend me.
Speaker1: Tell him",not_harmful,not_harmful
847,"Speaker5: I like to study
Speaker1: I offend whoever I want
Speaker1: Study, study. When you grow up you'll be cleaning toilets anyway.
Speaker5: Maybe it's good for you to study a little.
Speaker5: since you don't seem to be very good at it
Speaker5: It's not true.
Speaker5: I'll tell the teacher that you offend me.
Speaker1: Tell him
Speaker5: I want to see then",not_harmful,not_harmful
848,"Speaker1: I offend whoever I want
Speaker1: Study, study. When you grow up you'll be cleaning toilets anyway.
Speaker5: Maybe it's good for you to study a little.
Speaker5: since you don't seem to be very good at it
Speaker5: It's not true.
Speaker5: I'll tell the teacher that you offend me.
Speaker1: Tell him
Speaker5: I want to see then
Speaker2: What a dickhead, like your mother.",harmful,harmful
849,"Speaker1: Study, study. When you grow up you'll be cleaning toilets anyway.
Speaker5: Maybe it's good for you to study a little.
Speaker5: since you don't seem to be very good at it
Speaker5: It's not true.
Speaker5: I'll tell the teacher that you offend me.
Speaker1: Tell him
Speaker5: I want to see then
Speaker2: What a dickhead, like your mother.
Speaker4: That's your job, dear, if you don't start studying.",not_harmful,harmful
850,"Speaker5: Maybe it's good for you to study a little.
Speaker5: since you don't seem to be very good at it
Speaker5: It's not true.
Speaker5: I'll tell the teacher that you offend me.
Speaker1: Tell him
Speaker5: I want to see then
Speaker2: What a dickhead, like your mother.
Speaker4: That's your job, dear, if you don't start studying.
Speaker1: Guys, it is a wonder that this chap has WhatsApp 🤣 🤣 asshole how long can you use the phone per day - two minutes?",harmful,harmful
851,"Speaker5: since you don't seem to be very good at it
Speaker5: It's not true.
Speaker5: I'll tell the teacher that you offend me.
Speaker1: Tell him
Speaker5: I want to see then
Speaker2: What a dickhead, like your mother.
Speaker4: That's your job, dear, if you don't start studying.
Speaker1: Guys, it is a wonder that this chap has WhatsApp 🤣 🤣 asshole how long can you use the phone per day - two minutes?
Speaker2: Shut up VSUP1 you will work in the toilets like you",harmful,harmful
852,"Speaker5: It's not true.
Speaker5: I'll tell the teacher that you offend me.
Speaker1: Tell him
Speaker5: I want to see then
Speaker2: What a dickhead, like your mother.
Speaker4: That's your job, dear, if you don't start studying.
Speaker1: Guys, it is a wonder that this chap has WhatsApp 🤣 🤣 asshole how long can you use the phone per day - two minutes?
Speaker2: Shut up VSUP1 you will work in the toilets like you
Speaker2: Hahahah you are right",not_harmful,not_harmful
853,"Speaker5: I'll tell the teacher that you offend me.
Speaker1: Tell him
Speaker5: I want to see then
Speaker2: What a dickhead, like your mother.
Speaker4: That's your job, dear, if you don't start studying.
Speaker1: Guys, it is a wonder that this chap has WhatsApp 🤣 🤣 asshole how long can you use the phone per day - two minutes?
Speaker2: Shut up VSUP1 you will work in the toilets like you
Speaker2: Hahahah you are right
Speaker1: Great BSUP3",not_harmful,not_harmful
854,"Speaker1: Tell him
Speaker5: I want to see then
Speaker2: What a dickhead, like your mother.
Speaker4: That's your job, dear, if you don't start studying.
Speaker1: Guys, it is a wonder that this chap has WhatsApp 🤣 🤣 asshole how long can you use the phone per day - two minutes?
Speaker2: Shut up VSUP1 you will work in the toilets like you
Speaker2: Hahahah you are right
Speaker1: Great BSUP3
Speaker5: I don't use it often because I have to study. . . but I have no rules",not_harmful,not_harmful
855,"Speaker5: I want to see then
Speaker2: What a dickhead, like your mother.
Speaker4: That's your job, dear, if you don't start studying.
Speaker1: Guys, it is a wonder that this chap has WhatsApp 🤣 🤣 asshole how long can you use the phone per day - two minutes?
Speaker2: Shut up VSUP1 you will work in the toilets like you
Speaker2: Hahahah you are right
Speaker1: Great BSUP3
Speaker5: I don't use it often because I have to study. . . but I have no rules
Speaker1: shut up bitch",harmful,harmful
856,"Speaker2: What a dickhead, like your mother.
Speaker4: That's your job, dear, if you don't start studying.
Speaker1: Guys, it is a wonder that this chap has WhatsApp 🤣 🤣 asshole how long can you use the phone per day - two minutes?
Speaker2: Shut up VSUP1 you will work in the toilets like you
Speaker2: Hahahah you are right
Speaker1: Great BSUP3
Speaker5: I don't use it often because I have to study. . . but I have no rules
Speaker1: shut up bitch
Speaker5: I am not a child",not_harmful,not_harmful
857,"Speaker4: That's your job, dear, if you don't start studying.
Speaker1: Guys, it is a wonder that this chap has WhatsApp 🤣 🤣 asshole how long can you use the phone per day - two minutes?
Speaker2: Shut up VSUP1 you will work in the toilets like you
Speaker2: Hahahah you are right
Speaker1: Great BSUP3
Speaker5: I don't use it often because I have to study. . . but I have no rules
Speaker1: shut up bitch
Speaker5: I am not a child
Speaker4: Come on, you're the shit here.",harmful,harmful
858,"Speaker1: Guys, it is a wonder that this chap has WhatsApp 🤣 🤣 asshole how long can you use the phone per day - two minutes?
Speaker2: Shut up VSUP1 you will work in the toilets like you
Speaker2: Hahahah you are right
Speaker1: Great BSUP3
Speaker5: I don't use it often because I have to study. . . but I have no rules
Speaker1: shut up bitch
Speaker5: I am not a child
Speaker4: Come on, you're the shit here.
Speaker1: Exactly",not_harmful,not_harmful
859,"Speaker2: Shut up VSUP1 you will work in the toilets like you
Speaker2: Hahahah you are right
Speaker1: Great BSUP3
Speaker5: I don't use it often because I have to study. . . but I have no rules
Speaker1: shut up bitch
Speaker5: I am not a child
Speaker4: Come on, you're the shit here.
Speaker1: Exactly
Speaker1: This one is retarded",harmful,harmful
860,"Speaker2: Hahahah you are right
Speaker1: Great BSUP3
Speaker5: I don't use it often because I have to study. . . but I have no rules
Speaker1: shut up bitch
Speaker5: I am not a child
Speaker4: Come on, you're the shit here.
Speaker1: Exactly
Speaker1: This one is retarded
Speaker4: Ok",not_harmful,not_harmful
861,"Speaker1: Great BSUP3
Speaker5: I don't use it often because I have to study. . . but I have no rules
Speaker1: shut up bitch
Speaker5: I am not a child
Speaker4: Come on, you're the shit here.
Speaker1: Exactly
Speaker1: This one is retarded
Speaker4: Ok
Speaker2: Yes, you are a f***ing kid like your girlfriend VSUP1",harmful,harmful
862,"Speaker5: I don't use it often because I have to study. . . but I have no rules
Speaker1: shut up bitch
Speaker5: I am not a child
Speaker4: Come on, you're the shit here.
Speaker1: Exactly
Speaker1: This one is retarded
Speaker4: Ok
Speaker2: Yes, you are a f***ing kid like your girlfriend VSUP1
Speaker1: Perfect",not_harmful,not_harmful
863,"Speaker1: shut up bitch
Speaker5: I am not a child
Speaker4: Come on, you're the shit here.
Speaker1: Exactly
Speaker1: This one is retarded
Speaker4: Ok
Speaker2: Yes, you are a f***ing kid like your girlfriend VSUP1
Speaker1: Perfect
Speaker2: Ok",not_harmful,not_harmful
864,"Speaker5: I am not a child
Speaker4: Come on, you're the shit here.
Speaker1: Exactly
Speaker1: This one is retarded
Speaker4: Ok
Speaker2: Yes, you are a f***ing kid like your girlfriend VSUP1
Speaker1: Perfect
Speaker2: Ok
Speaker2: Perfect, sorry VSUP1",not_harmful,not_harmful
865,"Speaker4: Come on, you're the shit here.
Speaker1: Exactly
Speaker1: This one is retarded
Speaker4: Ok
Speaker2: Yes, you are a f***ing kid like your girlfriend VSUP1
Speaker1: Perfect
Speaker2: Ok
Speaker2: Perfect, sorry VSUP1
Speaker3: 😂 😂",not_harmful,not_harmful
866,"Speaker1: Exactly
Speaker1: This one is retarded
Speaker4: Ok
Speaker2: Yes, you are a f***ing kid like your girlfriend VSUP1
Speaker1: Perfect
Speaker2: Ok
Speaker2: Perfect, sorry VSUP1
Speaker3: 😂 😂
Speaker5: Anyway I talked to my mom and she told me that she only suggested that we should do a little more homework because we actually do not study much",not_harmful,not_harmful
867,"Speaker1: This one is retarded
Speaker4: Ok
Speaker2: Yes, you are a f***ing kid like your girlfriend VSUP1
Speaker1: Perfect
Speaker2: Ok
Speaker2: Perfect, sorry VSUP1
Speaker3: 😂 😂
Speaker5: Anyway I talked to my mom and she told me that she only suggested that we should do a little more homework because we actually do not study much
Speaker4: I'M NOT HIS GIRLFRIEND.",not_harmful,not_harmful
868,"Speaker4: Ok
Speaker2: Yes, you are a f***ing kid like your girlfriend VSUP1
Speaker1: Perfect
Speaker2: Ok
Speaker2: Perfect, sorry VSUP1
Speaker3: 😂 😂
Speaker5: Anyway I talked to my mom and she told me that she only suggested that we should do a little more homework because we actually do not study much
Speaker4: I'M NOT HIS GIRLFRIEND.
Speaker1: Do you study all day bitch?",harmful,harmful
869,"Speaker2: Yes, you are a f***ing kid like your girlfriend VSUP1
Speaker1: Perfect
Speaker2: Ok
Speaker2: Perfect, sorry VSUP1
Speaker3: 😂 😂
Speaker5: Anyway I talked to my mom and she told me that she only suggested that we should do a little more homework because we actually do not study much
Speaker4: I'M NOT HIS GIRLFRIEND.
Speaker1: Do you study all day bitch?
Speaker5: I'm always doing extra stuff.",not_harmful,not_harmful
870,"Speaker1: Perfect
Speaker2: Ok
Speaker2: Perfect, sorry VSUP1
Speaker3: 😂 😂
Speaker5: Anyway I talked to my mom and she told me that she only suggested that we should do a little more homework because we actually do not study much
Speaker4: I'M NOT HIS GIRLFRIEND.
Speaker1: Do you study all day bitch?
Speaker5: I'm always doing extra stuff.
Speaker1: Bitch!",not_harmful,harmful
871,"Speaker2: Ok
Speaker2: Perfect, sorry VSUP1
Speaker3: 😂 😂
Speaker5: Anyway I talked to my mom and she told me that she only suggested that we should do a little more homework because we actually do not study much
Speaker4: I'M NOT HIS GIRLFRIEND.
Speaker1: Do you study all day bitch?
Speaker5: I'm always doing extra stuff.
Speaker1: Bitch!
Speaker3: Since you don't have any rules, go to your mother and tell her to fuck off, if it was her!",harmful,harmful
872,"Speaker2: Perfect, sorry VSUP1
Speaker3: 😂 😂
Speaker5: Anyway I talked to my mom and she told me that she only suggested that we should do a little more homework because we actually do not study much
Speaker4: I'M NOT HIS GIRLFRIEND.
Speaker1: Do you study all day bitch?
Speaker5: I'm always doing extra stuff.
Speaker1: Bitch!
Speaker3: Since you don't have any rules, go to your mother and tell her to fuck off, if it was her!
Speaker5: What's wrong with studying?",not_harmful,not_harmful
873,"Speaker3: 😂 😂
Speaker5: Anyway I talked to my mom and she told me that she only suggested that we should do a little more homework because we actually do not study much
Speaker4: I'M NOT HIS GIRLFRIEND.
Speaker1: Do you study all day bitch?
Speaker5: I'm always doing extra stuff.
Speaker1: Bitch!
Speaker3: Since you don't have any rules, go to your mother and tell her to fuck off, if it was her!
Speaker5: What's wrong with studying?
Speaker1: But you are deeply retarded, bro",harmful,harmful
874,"Speaker5: Anyway I talked to my mom and she told me that she only suggested that we should do a little more homework because we actually do not study much
Speaker4: I'M NOT HIS GIRLFRIEND.
Speaker1: Do you study all day bitch?
Speaker5: I'm always doing extra stuff.
Speaker1: Bitch!
Speaker3: Since you don't have any rules, go to your mother and tell her to fuck off, if it was her!
Speaker5: What's wrong with studying?
Speaker1: But you are deeply retarded, bro
Speaker5: I say nothing at all to ",not_harmful,not_harmful
875,"Speaker4: I'M NOT HIS GIRLFRIEND.
Speaker1: Do you study all day bitch?
Speaker5: I'm always doing extra stuff.
Speaker1: Bitch!
Speaker3: Since you don't have any rules, go to your mother and tell her to fuck off, if it was her!
Speaker5: What's wrong with studying?
Speaker1: But you are deeply retarded, bro
Speaker5: I say nothing at all to my mother
Speaker5: who are you to tell me what to tell her=",not_harmful,not_harmful
876,"Speaker1: Do you study all day bitch?
Speaker5: I'm always doing extra stuff.
Speaker1: Bitch!
Speaker3: Since you don't have any rules, go to your mother and tell her to fuck off, if it was her!
Speaker5: What's wrong with studying?
Speaker1: But you are deeply retarded, bro
Speaker5: I say nothing at all to my mother
Speaker5: who are you to tell me what to tell her=
Speaker2: What? you're a stoned asshole",harmful,harmful
877,"Speaker5: I'm always doing extra stuff.
Speaker1: Bitch!
Speaker3: Since you don't have any rules, go to your mother and tell her to fuck off, if it was her!
Speaker5: What's wrong with studying?
Speaker1: But you are deeply retarded, bro
Speaker5: I say nothing at all to my mother
Speaker5: who are you to tell me what to tell her=
Speaker2: What? you're a stoned asshole
Speaker2: Hahaha you're such a dork",harmful,harmful
878,"Speaker1: Bitch!
Speaker3: Since you don't have any rules, go to your mother and tell her to fuck off, if it was her!
Speaker5: What's wrong with studying?
Speaker1: But you are deeply retarded, bro
Speaker5: I say nothing at all to my mother
Speaker5: who are you to tell me what to tell her=
Speaker2: What? you're a stoned asshole
Speaker2: Hahaha you're such a dork
Speaker1: Yes, study, do what the fuck you want but tell your mother that b . . . . Not to tell the teachers anything, we already ",harmful,harmful
879,"Speaker3: Since you don't have any rules, go to your mother and tell her to fuck off, if it was her!
Speaker5: What's wrong with studying?
Speaker1: But you are deeply retarded, bro
Speaker5: I say nothing at all to my mother
Speaker5: who are you to tell me what to tell her=
Speaker2: What? you're a stoned asshole
Speaker2: Hahaha you're such a dork
Speaker1: Yes, study, do what the fuck you want but tell your mother that b . . . . Not to tell the teachers anything, we already have too much hom",harmful,harmful
880,"Speaker5: What's wrong with studying?
Speaker1: But you are deeply retarded, bro
Speaker5: I say nothing at all to my mother
Speaker5: who are you to tell me what to tell her=
Speaker2: What? you're a stoned asshole
Speaker2: Hahaha you're such a dork
Speaker1: Yes, study, do what the fuck you want but tell your mother that b . . . . Not to tell the teachers anything, we already have too much homework.
Speaker3: Someone because, because of him we are now here doing homework after homework 😡
Spea",not_harmful,not_harmful
881,"Speaker1: But you are deeply retarded, bro
Speaker5: I say nothing at all to my mother
Speaker5: who are you to tell me what to tell her=
Speaker2: What? you're a stoned asshole
Speaker2: Hahaha you're such a dork
Speaker1: Yes, study, do what the fuck you want but tell your mother that b . . . . Not to tell the teachers anything, we already have too much homework.
Speaker3: Someone because, because of him we are now here doing homework after homework 😡
Speaker1: Yep
Speaker4: But you don't do y",not_harmful,not_harmful
882,"Speaker5: I say nothing at all to my mother
Speaker5: who are you to tell me what to tell her=
Speaker2: What? you're a stoned asshole
Speaker2: Hahaha you're such a dork
Speaker1: Yes, study, do what the fuck you want but tell your mother that b . . . . Not to tell the teachers anything, we already have too much homework.
Speaker3: Someone because, because of him we are now here doing homework after homework 😡
Speaker1: Yep
Speaker4: But you don't do your homework anyway, so it doesn't change a",not_harmful,not_harmful
883,"Speaker5: who are you to tell me what to tell her=
Speaker2: What? you're a stoned asshole
Speaker2: Hahaha you're such a dork
Speaker1: Yes, study, do what the fuck you want but tell your mother that b . . . . Not to tell the teachers anything, we already have too much homework.
Speaker3: Someone because, because of him we are now here doing homework after homework 😡
Speaker1: Yep
Speaker4: But you don't do your homework anyway, so it doesn't change anything.
Speaker1: She is talking
Speaker2: ",harmful,harmful
884,"Speaker2: What? you're a stoned asshole
Speaker2: Hahaha you're such a dork
Speaker1: Yes, study, do what the fuck you want but tell your mother that b . . . . Not to tell the teachers anything, we already have too much homework.
Speaker3: Someone because, because of him we are now here doing homework after homework 😡
Speaker1: Yep
Speaker4: But you don't do your homework anyway, so it doesn't change anything.
Speaker1: She is talking
Speaker2: Yes VCTM, tell that b….... of your mother not to da",not_harmful,not_harmful
885,"Speaker2: Hahaha you're such a dork
Speaker1: Yes, study, do what the fuck you want but tell your mother that b . . . . Not to tell the teachers anything, we already have too much homework.
Speaker3: Someone because, because of him we are now here doing homework after homework 😡
Speaker1: Yep
Speaker4: But you don't do your homework anyway, so it doesn't change anything.
Speaker1: She is talking
Speaker2: Yes VCTM, tell that b….... of your mother not to dare tell the teachers to give us more hom",not_harmful,harmful
886,"Speaker1: Yes, study, do what the fuck you want but tell your mother that b . . . . Not to tell the teachers anything, we already have too much homework.
Speaker3: Someone because, because of him we are now here doing homework after homework 😡
Speaker1: Yep
Speaker4: But you don't do your homework anyway, so it doesn't change anything.
Speaker1: She is talking
Speaker2: Yes VCTM, tell that b….... of your mother not to dare tell the teachers to give us more homework.
Speaker4: Yes I speak, proble",not_harmful,not_harmful
887,"Speaker3: Someone because, because of him we are now here doing homework after homework 😡
Speaker1: Yep
Speaker4: But you don't do your homework anyway, so it doesn't change anything.
Speaker1: She is talking
Speaker2: Yes VCTM, tell that b….... of your mother not to dare tell the teachers to give us more homework.
Speaker4: Yes I speak, problems
Speaker1: With the homework the teacher gave us I wipe my a . . O
Speaker2: The one who always takes 5
Speaker3: Go to. . . . VCTM, you and your homewo",harmful,harmful
888,"Speaker1: Yep
Speaker4: But you don't do your homework anyway, so it doesn't change anything.
Speaker1: She is talking
Speaker2: Yes VCTM, tell that b….... of your mother not to dare tell the teachers to give us more homework.
Speaker4: Yes I speak, problems
Speaker1: With the homework the teacher gave us I wipe my a . . O
Speaker2: The one who always takes 5
Speaker3: Go to. . . . VCTM, you and your homework
Speaker2: So it is not an offense",not_harmful,not_harmful
889,"Speaker4: But you don't do your homework anyway, so it doesn't change anything.
Speaker1: She is talking
Speaker2: Yes VCTM, tell that b….... of your mother not to dare tell the teachers to give us more homework.
Speaker4: Yes I speak, problems
Speaker1: With the homework the teacher gave us I wipe my a . . O
Speaker2: The one who always takes 5
Speaker3: Go to. . . . VCTM, you and your homework
Speaker2: So it is not an offense
Speaker1: Yes it is an offense.",not_harmful,not_harmful
890,"Speaker1: She is talking
Speaker2: Yes VCTM, tell that b….... of your mother not to dare tell the teachers to give us more homework.
Speaker4: Yes I speak, problems
Speaker1: With the homework the teacher gave us I wipe my a . . O
Speaker2: The one who always takes 5
Speaker3: Go to. . . . VCTM, you and your homework
Speaker2: So it is not an offense
Speaker1: Yes it is an offense.
Speaker1: 🤣",not_harmful,not_harmful
891,"Speaker2: Yes VCTM, tell that b….... of your mother not to dare tell the teachers to give us more homework.
Speaker4: Yes I speak, problems
Speaker1: With the homework the teacher gave us I wipe my a . . O
Speaker2: The one who always takes 5
Speaker3: Go to. . . . VCTM, you and your homework
Speaker2: So it is not an offense
Speaker1: Yes it is an offense.
Speaker1: 🤣
Speaker1: Vile VCTM, the knives are out for you.",harmful,harmful
892,"Speaker4: Yes I speak, problems
Speaker1: With the homework the teacher gave us I wipe my a . . O
Speaker2: The one who always takes 5
Speaker3: Go to. . . . VCTM, you and your homework
Speaker2: So it is not an offense
Speaker1: Yes it is an offense.
Speaker1: 🤣
Speaker1: Vile VCTM, the knives are out for you.
Speaker2: And potatoes",not_harmful,harmful
893,"Speaker1: With the homework the teacher gave us I wipe my a . . O
Speaker2: The one who always takes 5
Speaker3: Go to. . . . VCTM, you and your homework
Speaker2: So it is not an offense
Speaker1: Yes it is an offense.
Speaker1: 🤣
Speaker1: Vile VCTM, the knives are out for you.
Speaker2: And potatoes
Speaker1: Yes in the head",not_harmful,harmful
894,"Speaker2: The one who always takes 5
Speaker3: Go to. . . . VCTM, you and your homework
Speaker2: So it is not an offense
Speaker1: Yes it is an offense.
Speaker1: 🤣
Speaker1: Vile VCTM, the knives are out for you.
Speaker2: And potatoes
Speaker1: Yes in the head
Speaker1: So maybe it becomes dumb",harmful,not_harmful
895,"Speaker3: Go to. . . . VCTM, you and your homework
Speaker2: So it is not an offense
Speaker1: Yes it is an offense.
Speaker1: 🤣
Speaker1: Vile VCTM, the knives are out for you.
Speaker2: And potatoes
Speaker1: Yes in the head
Speaker1: So maybe it becomes dumb
Speaker4: What is your problem with him what he did to you",not_harmful,not_harmful
896,"Speaker2: So it is not an offense
Speaker1: Yes it is an offense.
Speaker1: 🤣
Speaker1: Vile VCTM, the knives are out for you.
Speaker2: And potatoes
Speaker1: Yes in the head
Speaker1: So maybe it becomes dumb
Speaker4: What is your problem with him what he did to you
Speaker1: Shut up!",harmful,harmful
897,"Speaker1: Yes it is an offense.
Speaker1: 🤣
Speaker1: Vile VCTM, the knives are out for you.
Speaker2: And potatoes
Speaker1: Yes in the head
Speaker1: So maybe it becomes dumb
Speaker4: What is your problem with him what he did to you
Speaker1: Shut up!
Speaker3: Get out of the house and get some air... but since you can't, you f***ing nerd, stay there and study, then we'll see when you're in the nuthouse, you f***ing unsociable!",harmful,harmful
898,"Speaker1: 🤣
Speaker1: Vile VCTM, the knives are out for you.
Speaker2: And potatoes
Speaker1: Yes in the head
Speaker1: So maybe it becomes dumb
Speaker4: What is your problem with him what he did to you
Speaker1: Shut up!
Speaker3: Get out of the house and get some air... but since you can't, you f***ing nerd, stay there and study, then we'll see when you're in the nuthouse, you f***ing unsociable!
Speaker4: I don't even think about it.",not_harmful,not_harmful
899,"Speaker1: Vile VCTM, the knives are out for you.
Speaker2: And potatoes
Speaker1: Yes in the head
Speaker1: So maybe it becomes dumb
Speaker4: What is your problem with him what he did to you
Speaker1: Shut up!
Speaker3: Get out of the house and get some air... but since you can't, you f***ing nerd, stay there and study, then we'll see when you're in the nuthouse, you f***ing unsociable!
Speaker4: I don't even think about it.
Speaker1: Shitty nerd.",harmful,harmful
900,"Speaker2: And potatoes
Speaker1: Yes in the head
Speaker1: So maybe it becomes dumb
Speaker4: What is your problem with him what he did to you
Speaker1: Shut up!
Speaker3: Get out of the house and get some air... but since you can't, you f***ing nerd, stay there and study, then we'll see when you're in the nuthouse, you f***ing unsociable!
Speaker4: I don't even think about it.
Speaker1: Shitty nerd.
Speaker3: And think about it, miss beautiful, it's useless to keep up with him, you too have mor",not_harmful,harmful
901,"Speaker1: Yes in the head
Speaker1: So maybe it becomes dumb
Speaker4: What is your problem with him what he did to you
Speaker1: Shut up!
Speaker3: Get out of the house and get some air... but since you can't, you f***ing nerd, stay there and study, then we'll see when you're in the nuthouse, you f***ing unsociable!
Speaker4: I don't even think about it.
Speaker1: Shitty nerd.
Speaker3: And think about it, miss beautiful, it's useless to keep up with him, you too have more homework to do
Speake",not_harmful,not_harmful
902,"Speaker1: So maybe it becomes dumb
Speaker4: What is your problem with him what he did to you
Speaker1: Shut up!
Speaker3: Get out of the house and get some air... but since you can't, you f***ing nerd, stay there and study, then we'll see when you're in the nuthouse, you f***ing unsociable!
Speaker4: I don't even think about it.
Speaker1: Shitty nerd.
Speaker3: And think about it, miss beautiful, it's useless to keep up with him, you too have more homework to do
Speaker4: I don't do it anyway, ",not_harmful,harmful
903,"Speaker4: What is your problem with him what he did to you
Speaker1: Shut up!
Speaker3: Get out of the house and get some air... but since you can't, you f***ing nerd, stay there and study, then we'll see when you're in the nuthouse, you f***ing unsociable!
Speaker4: I don't even think about it.
Speaker1: Shitty nerd.
Speaker3: And think about it, miss beautiful, it's useless to keep up with him, you too have more homework to do
Speaker4: I don't do it anyway, so I don't care.
Speaker4: *frega
S",harmful,harmful
904,"Speaker1: Shut up!
Speaker3: Get out of the house and get some air... but since you can't, you f***ing nerd, stay there and study, then we'll see when you're in the nuthouse, you f***ing unsociable!
Speaker4: I don't even think about it.
Speaker1: Shitty nerd.
Speaker3: And think about it, miss beautiful, it's useless to keep up with him, you too have more homework to do
Speaker4: I don't do it anyway, so I don't care.
Speaker4: *frega
Speaker1: All f***ing nerds are retarded
Speaker4: That's wh",harmful,harmful
905,"Speaker3: Get out of the house and get some air... but since you can't, you f***ing nerd, stay there and study, then we'll see when you're in the nuthouse, you f***ing unsociable!
Speaker4: I don't even think about it.
Speaker1: Shitty nerd.
Speaker3: And think about it, miss beautiful, it's useless to keep up with him, you too have more homework to do
Speaker4: I don't do it anyway, so I don't care.
Speaker4: *frega
Speaker1: All f***ing nerds are retarded
Speaker4: That's why you're a nerd.
Sp",not_harmful,not_harmful
906,"Speaker4: I don't even think about it.
Speaker1: Shitty nerd.
Speaker3: And think about it, miss beautiful, it's useless to keep up with him, you too have more homework to do
Speaker4: I don't do it anyway, so I don't care.
Speaker4: *frega
Speaker1: All f***ing nerds are retarded
Speaker4: That's why you're a nerd.
Speaker5: I like reading.
Speaker5: You who do not have the right sensitivity",not_harmful,not_harmful
907,"Speaker1: Shitty nerd.
Speaker3: And think about it, miss beautiful, it's useless to keep up with him, you too have more homework to do
Speaker4: I don't do it anyway, so I don't care.
Speaker4: *frega
Speaker1: All f***ing nerds are retarded
Speaker4: That's why you're a nerd.
Speaker5: I like reading.
Speaker5: You who do not have the right sensitivity
Speaker5: and you can just offend",not_harmful,not_harmful
908,"Speaker3: And think about it, miss beautiful, it's useless to keep up with him, you too have more homework to do
Speaker4: I don't do it anyway, so I don't care.
Speaker4: *frega
Speaker1: All f***ing nerds are retarded
Speaker4: That's why you're a nerd.
Speaker5: I like reading.
Speaker5: You who do not have the right sensitivity
Speaker5: and you can just offend
Speaker3: Yes, excuse-me but since you like it and we do not, why did your mom go and say to add some homework? You are not the only",not_harmful,not_harmful
909,"Speaker4: I don't do it anyway, so I don't care.
Speaker4: *frega
Speaker1: All f***ing nerds are retarded
Speaker4: That's why you're a nerd.
Speaker5: I like reading.
Speaker5: You who do not have the right sensitivity
Speaker5: and you can just offend
Speaker3: Yes, excuse-me but since you like it and we do not, why did your mom go and say to add some homework? You are not the only one.
Speaker1: Shut up, you stupid girl!",harmful,harmful
910,"Speaker4: *frega
Speaker1: All f***ing nerds are retarded
Speaker4: That's why you're a nerd.
Speaker5: I like reading.
Speaker5: You who do not have the right sensitivity
Speaker5: and you can just offend
Speaker3: Yes, excuse-me but since you like it and we do not, why did your mom go and say to add some homework? You are not the only one.
Speaker1: Shut up, you stupid girl!
Speaker4: I am on your side but if you write these things I'm not anymore",not_harmful,not_harmful
911,"Speaker1: All f***ing nerds are retarded
Speaker4: That's why you're a nerd.
Speaker5: I like reading.
Speaker5: You who do not have the right sensitivity
Speaker5: and you can just offend
Speaker3: Yes, excuse-me but since you like it and we do not, why did your mom go and say to add some homework? You are not the only one.
Speaker1: Shut up, you stupid girl!
Speaker4: I am on your side but if you write these things I'm not anymore
Speaker5: because maybe it's good for you too to make some extr",not_harmful,not_harmful
912,"Speaker4: That's why you're a nerd.
Speaker5: I like reading.
Speaker5: You who do not have the right sensitivity
Speaker5: and you can just offend
Speaker3: Yes, excuse-me but since you like it and we do not, why did your mom go and say to add some homework? You are not the only one.
Speaker1: Shut up, you stupid girl!
Speaker4: I am on your side but if you write these things I'm not anymore
Speaker5: because maybe it's good for you too to make some extra effort
Speaker5: Maybe you discover tha",not_harmful,not_harmful
913,"Speaker5: I like reading.
Speaker5: You who do not have the right sensitivity
Speaker5: and you can just offend
Speaker3: Yes, excuse-me but since you like it and we do not, why did your mom go and say to add some homework? You are not the only one.
Speaker1: Shut up, you stupid girl!
Speaker4: I am on your side but if you write these things I'm not anymore
Speaker5: because maybe it's good for you too to make some extra effort
Speaker5: Maybe you discover that you like reading and studying.
Spe",not_harmful,not_harmful
914,"Speaker5: You who do not have the right sensitivity
Speaker5: and you can just offend
Speaker3: Yes, excuse-me but since you like it and we do not, why did your mom go and say to add some homework? You are not the only one.
Speaker1: Shut up, you stupid girl!
Speaker4: I am on your side but if you write these things I'm not anymore
Speaker5: because maybe it's good for you too to make some extra effort
Speaker5: Maybe you discover that you like reading and studying.
Speaker5: VID - 20180428 - WA",not_harmful,not_harmful
915,"Speaker5: and you can just offend
Speaker3: Yes, excuse-me but since you like it and we do not, why did your mom go and say to add some homework? You are not the only one.
Speaker1: Shut up, you stupid girl!
Speaker4: I am on your side but if you write these things I'm not anymore
Speaker5: because maybe it's good for you too to make some extra effort
Speaker5: Maybe you discover that you like reading and studying.
Speaker5: VID - 20180428 - WA0000 . mp4 ( file attached )
Speaker4: VCTM, I'm on ",not_harmful,not_harmful
916,"Speaker3: Yes, excuse-me but since you like it and we do not, why did your mom go and say to add some homework? You are not the only one.
Speaker1: Shut up, you stupid girl!
Speaker4: I am on your side but if you write these things I'm not anymore
Speaker5: because maybe it's good for you too to make some extra effort
Speaker5: Maybe you discover that you like reading and studying.
Speaker5: VID - 20180428 - WA0000 . mp4 ( file attached )
Speaker4: VCTM, I'm on your side but if you keep this up ",not_harmful,not_harmful
917,"Speaker1: Shut up, you stupid girl!
Speaker4: I am on your side but if you write these things I'm not anymore
Speaker5: because maybe it's good for you too to make some extra effort
Speaker5: Maybe you discover that you like reading and studying.
Speaker5: VID - 20180428 - WA0000 . mp4 ( file attached )
Speaker4: VCTM, I'm on your side but if you keep this up I'm not anymore
Speaker5: but SupportVCTM1, what should I do (with it)
Speaker5: I may not be liked but what's wrong with studying and rea",not_harmful,harmful
918,"Speaker4: I am on your side but if you write these things I'm not anymore
Speaker5: because maybe it's good for you too to make some extra effort
Speaker5: Maybe you discover that you like reading and studying.
Speaker5: VID - 20180428 - WA0000 . mp4 ( file attached )
Speaker4: VCTM, I'm on your side but if you keep this up I'm not anymore
Speaker5: but SupportVCTM1, what should I do (with it)
Speaker5: I may not be liked but what's wrong with studying and reading?
Speaker4: well first thing (if",not_harmful,not_harmful
919,"Speaker5: because maybe it's good for you too to make some extra effort
Speaker5: Maybe you discover that you like reading and studying.
Speaker5: VID - 20180428 - WA0000 . mp4 ( file attached )
Speaker4: VCTM, I'm on your side but if you keep this up I'm not anymore
Speaker5: but SupportVCTM1, what should I do (with it)
Speaker5: I may not be liked but what's wrong with studying and reading?
Speaker4: well first thing (if you do not want that everyone hates you) go to your mother and convince h",not_harmful,not_harmful
920,"Speaker5: Maybe you discover that you like reading and studying.
Speaker5: VID - 20180428 - WA0000 . mp4 ( file attached )
Speaker4: VCTM, I'm on your side but if you keep this up I'm not anymore
Speaker5: but SupportVCTM1, what should I do (with it)
Speaker5: I may not be liked but what's wrong with studying and reading?
Speaker4: well first thing (if you do not want that everyone hates you) go to your mother and convince her to go back to the teachers (to tell them that we have too much homewo",harmful,harmful
921,"Speaker5: VID - 20180428 - WA0000 . mp4 ( file attached )
Speaker4: VCTM, I'm on your side but if you keep this up I'm not anymore
Speaker5: but SupportVCTM1, what should I do (with it)
Speaker5: I may not be liked but what's wrong with studying and reading?
Speaker4: well first thing (if you do not want that everyone hates you) go to your mother and convince her to go back to the teachers (to tell them that we have too much homework to do )
Speaker5: but it's not true that it is too much
Speake",not_harmful,not_harmful
922,"Speaker4: VCTM, I'm on your side but if you keep this up I'm not anymore
Speaker5: but SupportVCTM1, what should I do (with it)
Speaker5: I may not be liked but what's wrong with studying and reading?
Speaker4: well first thing (if you do not want that everyone hates you) go to your mother and convince her to go back to the teachers (to tell them that we have too much homework to do )
Speaker5: but it's not true that it is too much
Speaker5: you can just complain
Speaker3: You were studying on y",not_harmful,not_harmful
923,"Speaker5: but SupportVCTM1, what should I do (with it)
Speaker5: I may not be liked but what's wrong with studying and reading?
Speaker4: well first thing (if you do not want that everyone hates you) go to your mother and convince her to go back to the teachers (to tell them that we have too much homework to do )
Speaker5: but it's not true that it is too much
Speaker5: you can just complain
Speaker3: You were studying on your own. You didn't need us to study extra just for you, asshole.
Speaker",not_harmful,harmful
924,"Speaker5: I may not be liked but what's wrong with studying and reading?
Speaker4: well first thing (if you do not want that everyone hates you) go to your mother and convince her to go back to the teachers (to tell them that we have too much homework to do )
Speaker5: but it's not true that it is too much
Speaker5: you can just complain
Speaker3: You were studying on your own. You didn't need us to study extra just for you, asshole.
Speaker5: It seems to me that you really need it instead
Speak",not_harmful,not_harmful
925,"Speaker4: well first thing (if you do not want that everyone hates you) go to your mother and convince her to go back to the teachers (to tell them that we have too much homework to do )
Speaker5: but it's not true that it is too much
Speaker5: you can just complain
Speaker3: You were studying on your own. You didn't need us to study extra just for you, asshole.
Speaker5: It seems to me that you really need it instead
Speaker5: with all the swear words and insults you're addressing to me.
Speake",not_harmful,not_harmful
926,"Speaker5: but it's not true that it is too much
Speaker5: you can just complain
Speaker3: You were studying on your own. You didn't need us to study extra just for you, asshole.
Speaker5: It seems to me that you really need it instead
Speaker5: with all the swear words and insults you're addressing to me.
Speaker3: If we wanted to study more, we would have done it autonomously without you going to your mother
Speaker4: Speak for yourself.
Speaker5: My mother wants us kids to grow up with culture",not_harmful,not_harmful
927,"Speaker5: you can just complain
Speaker3: You were studying on your own. You didn't need us to study extra just for you, asshole.
Speaker5: It seems to me that you really need it instead
Speaker5: with all the swear words and insults you're addressing to me.
Speaker3: If we wanted to study more, we would have done it autonomously without you going to your mother
Speaker4: Speak for yourself.
Speaker5: My mother wants us kids to grow up with culture and knowledge . . . not with insults.
Speaker5:",not_harmful,not_harmful
928,"Speaker3: You were studying on your own. You didn't need us to study extra just for you, asshole.
Speaker5: It seems to me that you really need it instead
Speaker5: with all the swear words and insults you're addressing to me.
Speaker3: If we wanted to study more, we would have done it autonomously without you going to your mother
Speaker4: Speak for yourself.
Speaker5: My mother wants us kids to grow up with culture and knowledge . . . not with insults.
Speaker5: Maybe one day you'll thank her ",not_harmful,not_harmful
929,"Speaker5: It seems to me that you really need it instead
Speaker5: with all the swear words and insults you're addressing to me.
Speaker3: If we wanted to study more, we would have done it autonomously without you going to your mother
Speaker4: Speak for yourself.
Speaker5: My mother wants us kids to grow up with culture and knowledge . . . not with insults.
Speaker5: Maybe one day you'll thank her . . I'm doing it right now.
Speaker6: Good thinking, don't listen to him.
Speaker6: Listen to them",harmful,harmful
930,"Speaker5: with all the swear words and insults you're addressing to me.
Speaker3: If we wanted to study more, we would have done it autonomously without you going to your mother
Speaker4: Speak for yourself.
Speaker5: My mother wants us kids to grow up with culture and knowledge . . . not with insults.
Speaker5: Maybe one day you'll thank her . . I'm doing it right now.
Speaker6: Good thinking, don't listen to him.
Speaker6: Listen to them
Speaker2: Hahahah you suck, nerd
Speaker7: That's right ",harmful,harmful
931,"Speaker3: If we wanted to study more, we would have done it autonomously without you going to your mother
Speaker4: Speak for yourself.
Speaker5: My mother wants us kids to grow up with culture and knowledge . . . not with insults.
Speaker5: Maybe one day you'll thank her . . I'm doing it right now.
Speaker6: Good thinking, don't listen to him.
Speaker6: Listen to them
Speaker2: Hahahah you suck, nerd
Speaker7: That's right you suck 💩
Speaker4: At least he's not flunking out like you because he ",not_harmful,not_harmful
932,"Speaker4: Speak for yourself.
Speaker5: My mother wants us kids to grow up with culture and knowledge . . . not with insults.
Speaker5: Maybe one day you'll thank her . . I'm doing it right now.
Speaker6: Good thinking, don't listen to him.
Speaker6: Listen to them
Speaker2: Hahahah you suck, nerd
Speaker7: That's right you suck 💩
Speaker4: At least he's not flunking out like you because he studies.
Speaker5: in fact",not_harmful,not_harmful
